name,affiliation,role,gender,tags,sector,type,cvr_person,cvr_affiliation,description
Asger Ib Mardahl-Hansen,A/S DANSK ERHVERVSINVESTERING,Executive,Men,"Corporation, Finance",Corporations,Finance,4003993896,73314712,Automatisk CVR import at 2016-03-12 17:45:46: DIREKTION i A/S DANSK ERHVERVSINVESTERING (2007-01-01 - ).
Hans Ole Jensen,A/S DANSK ERHVERVSINVESTERING,Vice chairman,Men,"Corporation, Finance",Corporations,Finance,4004141577,73314712,Automatisk CVR import at 2016-03-12 17:45:46: naestformand i A/S DANSK ERHVERVSINVESTERING (1997-05-28 - ).
Lars Groenborg Eskesen,A/S DANSK ERHVERVSINVESTERING,Member,Men,"Corporation, Finance",Corporations,Finance,4003896224,73314712,Automatisk CVR import at 2016-03-12 17:45:46: BESTYRELSE i A/S DANSK ERHVERVSINVESTERING (1999-05-27 - ).
Michael Noergaard,A/S DANSK ERHVERVSINVESTERING,Member,Men,"Corporation, Finance",Corporations,Finance,4004121861,73314712,Automatisk CVR import at 2016-03-12 17:45:46: BESTYRELSE i A/S DANSK ERHVERVSINVESTERING (2007-05-23 - ).
Thorkild Engell Jensen,A/S DANSK ERHVERVSINVESTERING,Chairman,Men,"Corporation, Finance",Corporations,Finance,4004010529,73314712,Automatisk CVR import at 2016-03-12 17:45:46: formand i A/S DANSK ERHVERVSINVESTERING (2011-04-27 - ).
Gilles Jean-Noël Momper,ALD Automotive,Member,Men,"Corporation, FINA, Finance",Corporations,Finance,4006419783,87573613,Automatisk CVR import at 2016-03-12 17:46:07: BESTYRELSESMEDLEM i ALD Automotive (2016-01-08 - ).
Guillaume Joseph Emile de Leobardy,ALD Automotive,Chief executive,Men,"Corporation, FINA, Finance",Corporations,Finance,4004174889,87573613,Automatisk CVR import at 2016-03-12 17:46:06: adm. dir i ALD Automotive (2014-09-01 - ).
Michael John Masterson,ALD Automotive,Member,Men,"Corporation, FINA, Finance",Corporations,Finance,4004256917,87573613,Automatisk CVR import at 2016-03-12 17:46:06: BESTYRELSE i ALD Automotive (2003-05-31 - ).
Tim Torben Albertsen,ALD Automotive,Chairman,Men,"Corporation, FINA, Finance",Corporations,Finance,4004038684,87573613,Automatisk CVR import at 2016-03-12 17:46:06: formand i ALD Automotive (2010-06-15 - ).
Asger Bank Moeller Christensen,Alm. Brand,Other role,Men,"Corporation, FINA, Insurance, Finance",Corporations,Insurance,4000077224,77333517,Automatisk CVR import at 2016-03-12 17:46:17: PERSONLIG_SUPPLEANT i Alm. Brand (2010-04-28 - ).
Boris Noergaard Kjeldsen,Alm. Brand,Member,Men,"Corporation, FINA, Insurance, Finance",Corporations,Insurance,4000161650,77333517,Automatisk CVR import at 2017-09-29 11:27:18: Boris Noergaard Kjeldsen som bestyrelsesmedlem i CVR 77333517 (2016-04-29 - NA).
Brian Egested,Alm. Brand,Member,Men,"Corporation, FINA, Insurance, Finance",Corporations,Insurance,4004048690,77333517,Automatisk CVR import at 2016-03-12 17:46:18: BESTYRELSE i Alm. Brand (2014-04-30 - ).
CLAUS ELMQUIST-CLAUSEN,Alm. Brand,Other role,Men,"Corporation, FINA, Insurance, Finance",Corporations,Insurance,4000021285,77333517,Automatisk CVR import at 2016-03-12 17:46:17: PERSONLIG_SUPPLEANT i Alm. Brand (2014-04-30 - ).
Ebbe Castella,Alm. Brand,Member,Men,"Corporation, FINA, Insurance, Finance",Corporations,Insurance,4003911369,77333517,Automatisk CVR import at 2016-03-12 17:46:18: BESTYRELSE i Alm. Brand (2013-04-25 - ).
Flemming Bruun Joergensen,Alm. Brand,Other role,Men,"Corporation, FINA, Insurance, Finance",Corporations,Insurance,4004023860,77333517,Automatisk CVR import at 2016-03-12 17:46:18: PERSONLIG_SUPPLEANT i Alm. Brand (2010-04-28 - ).
Gustav Garth-Grüner,Alm. Brand,Other role,Men,"Corporation, FINA, Insurance, Finance",Corporations,Insurance,4000196130,77333517,Automatisk CVR import at 2016-03-12 17:46:18: PERSONLIG_SUPPLEANT i Alm. Brand (2014-04-30 - ).
Henrik Malmgren,Alm. Brand,Other role,Men,"Corporation, FINA, Insurance, Finance",Corporations,Insurance,4000272637,77333517,Automatisk CVR import at 2016-03-12 17:46:18: PERSONLIG_SUPPLEANT i Alm. Brand (2014-04-30 - ).
Ib OEstergaard Nielsen,Alm. Brand,Other role,Men,"Corporation, FINA, Insurance, Finance",Corporations,Insurance,4000091311,77333517,Automatisk CVR import at 2016-03-12 17:46:18: PERSONLIG_SUPPLEANT i Alm. Brand (2012-04-26 - ).
Jan Skytte Pedersen,Alm. Brand,Vice chairman,Men,"Corporation, FINA, Insurance, Finance",Corporations,Insurance,4004173441,77333517,Automatisk CVR import at 2017-09-29 11:27:18: Jan Skytte Pedersen som naestformand i CVR 77333517 (2016-04-29 - NA).
Jesper Bach,Alm. Brand,Other role,Men,"Corporation, FINA, Insurance, Finance",Corporations,Insurance,4003886511,77333517,Automatisk CVR import at 2016-03-12 17:46:18: PERSONLIG_SUPPLEANT i Alm. Brand (2012-04-26 - ).
Joergen Henrik Christensen,Alm. Brand,Member,Men,"Corporation, FINA, Insurance, Finance",Corporations,Insurance,4000340196,77333517,Automatisk CVR import at 2016-03-12 17:46:18: BESTYRELSE i Alm. Brand (2010-04-28 - ).
Joergen Hesselbjerg Mikkelsen,Alm. Brand,Chairman,Men,"Corporation, FINA, Insurance, Finance",Corporations,Insurance,4000180737,77333517,Automatisk CVR import at 2016-03-12 17:46:18: formand i Alm. Brand (2010-05-10 - ).
Kristian Holm  Kristensen,Alm. Brand,Other role,Men,"Corporation, FINA, Insurance, Finance",Corporations,Insurance,4004049747,77333517,Automatisk CVR import at 2016-03-12 17:46:19: PERSONLIG_SUPPLEANT i Alm. Brand (2010-04-28 - ).
Lars Christiansen 45453,Alm. Brand,Member,Men,"Corporation, FINA, Insurance, Finance",Corporations,Insurance,4004093510,77333517,Automatisk CVR import at 2016-03-12 17:46:19: BESTYRELSE i Alm. Brand (2013-04-25 - ).
Per Viggo Hasling Frandsen,Alm. Brand,Member,Men,"Corporation, FINA, Insurance, Finance",Corporations,Insurance,4000128536,77333517,Automatisk CVR import at 2016-03-12 17:46:18: BESTYRELSE i Alm. Brand (2009-04-23 - ).
Soeren Boe Mortensen,Alm. Brand,Chief executive,Men,"Corporation, FINA, Insurance, Finance",Corporations,Insurance,4003935061,77333517,Automatisk CVR import at 2016-03-12 17:46:18: adm. dir i Alm. Brand (2001-12-06 - ).
Anette Eberhard,Alm. Brand,Member,Women,"Corporation, FINA, Insurance, Finance",Corporations,Insurance,4003961087,77333517,Automatisk CVR import at 2016-03-12 17:46:18: BESTYRELSESMEDLEM i Alm. Brand (2015-04-27 - ).
Helle Laasby Frederiksen,Alm. Brand,Member,Women,"Corporation, FINA, Insurance, Finance",Corporations,Insurance,4004131093,77333517,Automatisk CVR import at 2016-03-12 17:46:19: BESTYRELSE i Alm. Brand (2010-04-28 - ).
Karen Sofie Hansen-Hoeck,Alm. Brand,Member,Women,"Corporation, FINA, Insurance, Finance",Corporations,Insurance,4000302430,77333517,Automatisk CVR import at 2016-03-12 17:46:18: BESTYRELSE i Alm. Brand (2013-04-25 - ).
Lotte Kathrine Soerensen,Alm. Brand,Other role,Women,"Corporation, FINA, Insurance, Finance",Corporations,Insurance,4004179451,77333517,Automatisk CVR import at 2016-03-12 17:46:19: PERSONLIG_SUPPLEANT i Alm. Brand (2014-04-30 - ).
Susanne Maj Vendrup Larsen,Alm. Brand,Member,Women,"Corporation, FINA, Insurance, Finance",Corporations,Insurance,4004134457,77333517,Automatisk CVR import at 2016-03-12 17:46:19: BESTYRELSE i Alm. Brand (2006-04-27 - ).
Bjarke Sanbeck Nilsson,Alpha Holding,Member,Men,"Corporation, FINA, Finance",Corporations,Finance,4000403117,28884087,Automatisk CVR import at 2016-03-12 17:46:19: BESTYRELSE i Alpha Holding (2007-04-30 - ).
Bo Lundqvist,Alpha Holding,Chief executive,Men,"Corporation, FINA, Finance",Corporations,Finance,4004086041,28884087,Automatisk CVR import at 2017-09-29 11:03:36: Bo Lundqvist som direktoer i CVR 28884087 (2017-04-26 - NA).
Leif Corinth-Hansen,Alpha Holding,Chairman,Men,"Corporation, FINA, Finance",Corporations,Finance,4004060934,28884087,Automatisk CVR import at 2017-09-29 11:03:36: Leif Corinth-Hansen som formand i CVR 28884087 (2017-08-23 - NA).
Thomas Dahl Fredslund,Alpha Holding,Member,Men,"Corporation, FINA, Finance",Corporations,Finance,4000562262,28884087,Automatisk CVR import at 2016-03-12 17:46:19: BESTYRELSE i Alpha Holding (2007-04-30 - ).
Bengt Stefan Linder,ALTOR EQUITY PARTNERS A/S,Chairman,Men,"Corporation, Venture- og kapitalfonde, Finance",Corporations,Finance,4004289260,29516308,Automatisk CVR import at 2017-09-29 11:04:24: Bengt Stefan Linder som formand i CVR 29516308 (2016-06-10 - NA).
Hans Christian Henning Ragnesjö,ALTOR EQUITY PARTNERS A/S,Member,Men,"Corporation, Venture- og kapitalfonde, Finance",Corporations,Finance,4004223057,29516308,Automatisk CVR import at 2017-11-09 15:51:14: Hans Christian Henning Ragnesjö som bestyrelsesmedlem i CVR 29516308 (2017-10-05 - NA).
Harald Mix,ALTOR EQUITY PARTNERS A/S,Member,Men,"Corporation, Venture- og kapitalfonde, Finance",Corporations,Finance,4004290937,29516308,Automatisk CVR import at 2016-03-12 17:46:21: BESTYRELSE i ALTOR EQUITY PARTNERS A/S (2007-03-12 - ).
Soeren Dan Johansen,ALTOR EQUITY PARTNERS A/S,Chief executive,Men,"Corporation, Venture- og kapitalfonde, Finance",Corporations,Finance,4000164459,29516308,Automatisk CVR import at 2016-03-12 17:46:21: adm. dir i ALTOR EQUITY PARTNERS A/S (2011-09-29 - ).
Ola Arvidsson,AP Pension,Member,Binominal,"Corporation, Employer controlled, FINA, Finance, Pensions",Corporations,Pension,4004190125,19382583,Chief Human Ressource officer
Jens Erik Iversen,AP Pension,Member,Men,"Corporation, Employer controlled, FINA, Finance, Pensions",Corporations,Pension,4004019454,19382583,Souschef
Joergen Dencker Wisborg,AP Pension,Member,Men,"Corporation, Employer controlled, FINA, Finance, Pensions",Corporations,Pension,4003957919,19382583,Adm. direktoer
Lasse Nyby,AP Pension,Member,Men,"Corporation, Employer controlled, FINA, Finance, Pensions",Corporations,Pension,4003960163,19382583,Adm. direktoer
Niels Dengsoe Jensen,AP Pension,Chairman,Men,"Corporation, Employer controlled, FINA, Finance, Pensions",Corporations,Pension,4000223389,19382583,(formand)Formand: Gaardejer
Niels Joergen Ellegaard,AP Pension,Member,Men,"Corporation, Employer controlled, FINA, Finance, Pensions",Corporations,Pension,4000411580,19382583,Automatisk CVR import at 2017-11-09 15:28:04: Niels Joergen Ellegaard som bestyrelsesmedlem i CVR 19382583 (2017-04-25 - NA).
Nils Bo Normann Rasmussen,AP Pension,Chief executive,Men,"Corporation, Employer controlled, FINA, Finance, Pensions",Corporations,Pension,4003870878,19382583,Automatisk CVR import at 2017-09-29 08:51:40: Nils Bo Normann Rasmussen som adm. dir. i CVR 19382583 (2016-12-08 - NA).
Ole E. Hansen,AP Pension,Member,Men,"Corporation, Employer controlled, FINA, Finance, Pensions",Corporations,Pension,NA,19382583,Senior Director
Ole Ernstsen Hansen,AP Pension,Member,Men,"Corporation, Employer controlled, FINA, Finance, Pensions",Corporations,Pension,4004033089,19382583,Automatisk CVR import at 2017-09-29 08:51:40: Ole Ernstsen Hansen som bestyrelse i CVR 19382583 (2009-04-28 - NA).
Ole Skov,AP Pension,Member,Men,"Corporation, Employer controlled, FINA, Finance, Pensions",Corporations,Pension,4004056503,19382583,Automatisk CVR import at 2017-11-09 15:28:04: Ole Skov som bestyrelsesmedlem i CVR 19382583 (2017-04-25 - NA).
Soeren Dalum Tinggaard,AP Pension,Vice chairman,Men,"Corporation, Employer controlled, FINA, Finance, Pensions",Corporations,Pension,4004039292,19382583,(naestformand)Naestformand: Underdirektoer
Bjoerg Houmoeller,AP Pension,Member,Women,"Corporation, Employer controlled, FINA, Finance, Pensions",Corporations,Pension,4006242695,19382583,Treasurychef
Maria Kofod Larsen,AP Pension,Member,Women,"Corporation, Employer controlled, FINA, Finance, Pensions",Corporations,Pension,4006042376,19382583,Automatisk CVR import at 2017-09-29 08:51:40: Maria Kofod Larsen som bestyrelsesmedlem i CVR 19382583 (2015-03-17 - NA).
Maria Kofoed Larsen,AP Pension,Member,Women,"Corporation, Employer controlled, FINA, Finance, Pensions",Corporations,Pension,NA,19382583,Koncerndirektoer for HR og Kommunikation
Christian Riewe,Arbejdernes Landsbank,Member,Men,"Corporation, FINA, Banks, Union controlled, Finance",Corporations,Banks,4004125008,31467012,Automatisk CVR import at 2017-09-29 11:07:26: Christian Riewe som bestyrelsesmedlem i CVR 31467012 (2017-03-13 - NA).
Claus Jensen 6395,Arbejdernes Landsbank,Vice chairman,Men,"Corporation, FINA, Banks, Union controlled, Finance",Corporations,Banks,4004044805,31467012,Automatisk CVR import at 2016-03-12 17:46:36: NAESTFORMAND i Arbejdernes Landsbank (2015-03-09 - ).
Gert Rinaldo Jonassen,Arbejdernes Landsbank,Executive,Men,"Corporation, FINA, Banks, Union controlled, Finance",Corporations,Banks,4004095445,31467012,Automatisk CVR import at 2016-03-12 17:46:36: DIREKTION i Arbejdernes Landsbank (2004-05-01 - ).
Henrik Thagaard,Arbejdernes Landsbank,Member,Men,"Corporation, FINA, Banks, Union controlled, Finance",Corporations,Banks,4003968548,31467012,Automatisk CVR import at 2016-03-12 17:46:36: BESTYRELSE i Arbejdernes Landsbank (2008-05-06 - ).
Jan Walther Andersen,Arbejdernes Landsbank,Executive,Men,"Corporation, FINA, Banks, Union controlled, Finance",Corporations,Banks,4003916783,31467012,Automatisk CVR import at 2016-03-12 17:46:35: DIREKTION i Arbejdernes Landsbank (2011-01-01 - ).
Jesper Pedersen 45525,Arbejdernes Landsbank,Member,Men,"Corporation, FINA, Banks, Union controlled, Finance",Corporations,Banks,4004174121,31467012,Automatisk CVR import at 2016-03-12 17:46:37: BESTYRELSE i Arbejdernes Landsbank (2014-02-24 - ).
John Markussen,Arbejdernes Landsbank,Member,Men,"Corporation, FINA, Banks, Union controlled, Finance",Corporations,Banks,4004009763,31467012,Automatisk CVR import at 2016-03-12 17:46:36: BESTYRELSE i Arbejdernes Landsbank (1998-03-19 - ).
Kim Lind Larsen,Arbejdernes Landsbank,Member,Men,"Corporation, FINA, Banks, Union controlled, Finance",Corporations,Banks,4003973164,31467012,Automatisk CVR import at 2017-09-29 11:07:26: Kim Lind Larsen som bestyrelsesmedlem i CVR 31467012 (2016-03-07 - NA).
Kim Simonsen,Arbejdernes Landsbank,Member,Men,"Corporation, FINA, Banks, Union controlled, Finance",Corporations,Banks,4003956718,31467012,HK
Lars Andersen 21229,Arbejdernes Landsbank,Member,Men,"Corporation, FINA, Banks, Union controlled, Finance",Corporations,Banks,4004009839,31467012,Automatisk CVR import at 2016-03-12 17:46:36: BESTYRELSE i Arbejdernes Landsbank (2009-11-26 - ).
Lasse Thorn,Arbejdernes Landsbank,Member,Men,"Corporation, FINA, Banks, Union controlled, Finance",Corporations,Banks,4004148981,31467012,Automatisk CVR import at 2016-03-12 17:46:37: BESTYRELSE i Arbejdernes Landsbank (2014-02-24 - ).
Ole Dam Wehlast,Arbejdernes Landsbank,Member,Men,"Corporation, FINA, Banks, Union controlled, Finance",Corporations,Banks,4003977679,31467012,Automatisk CVR import at 2017-09-29 11:07:26: Ole Dam Wehlast som bestyrelsesmedlem i CVR 31467012 (2016-03-07 - NA).
Per Christensen 29391,Arbejdernes Landsbank,Chairman,Men,"Corporation, FINA, Banks, Union controlled, Finance",Corporations,Banks,4004093916,31467012,Automatisk CVR import at 2016-03-12 17:46:36: FORMAND i Arbejdernes Landsbank (2015-03-09 - ).
Torben Möger Pedersen,Arbejdernes Landsbank,Member,Men,"Corporation, FINA, Banks, Union controlled, Finance",Corporations,Banks,4003958003,31467012,Automatisk CVR import at 2016-03-12 17:46:36: BESTYRELSE i Arbejdernes Landsbank (2013-05-14 - ).
Anne Rishoej,Arbejdernes Landsbank,Other role,Women,"Corporation, FINA, Banks, Union controlled, Finance",Corporations,Banks,4004151413,31467012,Automatisk CVR import at 2016-03-12 17:46:37: PERSONLIG_SUPPLEANT i Arbejdernes Landsbank (2014-02-24 - ).
Helle Lizette Risgaard,Arbejdernes Landsbank,Member,Women,"Corporation, FINA, Banks, Union controlled, Finance",Corporations,Banks,4004079182,31467012,Automatisk CVR import at 2017-09-29 11:07:26: Helle Lizette Risgaard som bestyrelsesmedlem i CVR 31467012 (2016-03-07 - NA).
Janni Terp Hansen,Arbejdernes Landsbank,Other role,Women,"Corporation, FINA, Banks, Union controlled, Finance",Corporations,Banks,4004174123,31467012,Automatisk CVR import at 2016-03-12 17:46:37: PERSONLIG_SUPPLEANT i Arbejdernes Landsbank (2014-02-24 - ).
Hasse Joergensen,ARKITEKTERNES PENSIONSKASSE,Chief executive,Men,"Corporation, Architecture, Pensions",Corporations,Pension,4004045572,22078615,Automatisk CVR import at 2017-09-29 10:45:25: Hasse Joergensen som adm. dir. i CVR 22078615 (2017-01-01 - NA).
Per Froelund Thomsen,ARKITEKTERNES PENSIONSKASSE,Member,Men,"Corporation, Architecture, Pensions",Corporations,Pension,4000139587,22078615,Automatisk CVR import at 2016-03-12 17:46:42: BESTYRELSE i ARKITEKTERNES PENSIONSKASSE (2014-05-26 - ).
Soeren Kaare-Andersen,ARKITEKTERNES PENSIONSKASSE,Member,Men,"Corporation, Architecture, Pensions",Corporations,Pension,4004009188,22078615,Automatisk CVR import at 2016-03-12 17:46:42: BESTYRELSESMEDLEM i ARKITEKTERNES PENSIONSKASSE (2015-04-14 - ).
Anne Marie OEhlenschlaeger Christiansen,ARKITEKTERNES PENSIONSKASSE,Member,Women,"Corporation, Architecture, Pensions",Corporations,Pension,4000038301,22078615,Automatisk CVR import at 2016-03-12 17:46:42: BESTYRELSE i ARKITEKTERNES PENSIONSKASSE (2013-06-14 - ).
Cecilie Therese Hansen 5355,ARKITEKTERNES PENSIONSKASSE,Vice chairman,Women,"Corporation, Architecture, Pensions",Corporations,Pension,4003996615,22078615,Automatisk CVR import at 2016-03-12 17:46:42: naestformand i ARKITEKTERNES PENSIONSKASSE (2011-06-08 - ).
Kirsten Sander,ARKITEKTERNES PENSIONSKASSE,Member,Women,"Corporation, Architecture, Pensions",Corporations,Pension,4000458568,22078615,Automatisk CVR import at 2017-09-29 10:45:25: Kirsten Schmidt Sander som bestyrelsesmedlem i CVR 22078615 (2017-05-16 - NA).
Mette Elisabeth Carstad,ARKITEKTERNES PENSIONSKASSE,Chairman,Women,"Corporation, Architecture, Pensions",Corporations,Pension,4000009489,22078615,Automatisk CVR import at 2016-03-12 17:46:42: formand i ARKITEKTERNES PENSIONSKASSE (2011-06-08 - ).
Rikke Francis,ARKITEKTERNES PENSIONSKASSE,Member,Women,"Corporation, Architecture, Pensions",Corporations,Pension,4004190966,22078615,Automatisk CVR import at 2016-03-12 17:46:42: BESTYRELSE i ARKITEKTERNES PENSIONSKASSE (2013-10-22 - ).
Bjoern Berg 46117,Bank DNB Nord,Chairman,Men,"Corporation, FINA, Banks, Finance",Corporations,Banks,4004290264,28691947,Automatisk CVR import at 2016-03-12 17:47:13: formand i Bank DNB Nord (2012-11-07 - ).
Fredrik Bertil AAberg,Bank DNB Nord,Member,Men,"Corporation, FINA, Banks, Finance",Corporations,Banks,4004194571,28691947,Automatisk CVR import at 2016-03-12 17:47:13: BESTYRELSE i Bank DNB Nord (2012-11-07 - ).
Harald Johannessen,Bank DNB Nord,Member,Men,"Corporation, FINA, Banks, Finance",Corporations,Banks,4004303802,28691947,Automatisk CVR import at 2016-03-12 17:47:14: BESTYRELSE i Bank DNB Nord (2014-11-10 - ).
Olaf Tronsgaard,Bank DNB Nord,Member,Men,"Corporation, FINA, Banks, Finance",Corporations,Banks,4004303413,28691947,Automatisk CVR import at 2016-03-12 17:47:13: BESTYRELSE i Bank DNB Nord (2014-11-10 - ).
Peter Bisgaard Svanberg,Bank DNB Nord,Chief executive,Men,"Corporation, FINA, Banks, Finance",Corporations,Banks,4006419796,28691947,Automatisk CVR import at 2016-03-12 17:47:13: ADM. DIR. i Bank DNB Nord (2016-01-15 - ).
Jo Teslo,Bank DNB Nord,Member,Women,"Corporation, FINA, Banks, Finance",Corporations,Banks,4006652954,28691947,Automatisk CVR import at 2017-09-29 11:03:25: Jo Teslo som bestyrelsesmedlem i CVR 28691947 (2016-09-19 - NA).
Margrethe Melbye,Bank DNB Nord,Member,Women,"Corporation, FINA, Banks, Finance",Corporations,Banks,4004287052,28691947,Automatisk CVR import at 2016-03-12 17:47:13: BESTYRELSE i Bank DNB Nord (2014-11-10 - ).
Gregers Paulsen,BDO - Statsautoriseret revisionsaktieselskab (bestyrelse),Member,Men,"Corporation, Finance, Revision",Corporations,Finance,4003996628,20222670,NA
Henrik Brünings,BDO - Statsautoriseret revisionsaktieselskab (bestyrelse),Chairman,Men,"Corporation, Finance, Revision",Corporations,Finance,4003952091,20222670,formand
Jann Soendergaard Mikkelsen,BDO - Statsautoriseret revisionsaktieselskab (bestyrelse),Vice chairman,Men,"Corporation, Finance, Revision",Corporations,Finance,4003880318,20222670,naestformand
Joergen Kjer,BDO - Statsautoriseret revisionsaktieselskab (bestyrelse),Member,Men,"Corporation, Finance, Revision",Corporations,Finance,4000000604,20222670,NA
Steen Haagensen,BDO - Statsautoriseret revisionsaktieselskab (bestyrelse),Member,Men,"Corporation, Finance, Revision",Corporations,Finance,4004004806,20222670,NA
Stig Holst Hartwig,BDO - Statsautoriseret revisionsaktieselskab (bestyrelse),Chief executive,Men,"Corporation, Finance, Revision",Corporations,Finance,4004093209,20222670,Adm direktoer
Jeanette Staal,BDO - Statsautoriseret revisionsaktieselskab (bestyrelse),Member,Women,"Corporation, Finance, Revision",Corporations,Finance,4003956914,20222670,NA
Arni Holger Ellefsen,BI Holding,Member,Men,"Corporation, FINA, Finance",Corporations,Finance,4004072554,20895373,Automatisk CVR import at 2017-09-29 10:43:36: Arni Holger Ellefsen som bestyrelsesmedlem i CVR 20895373 (2016-04-08 - NA).
Claus Andersen 6225,BI Holding,Member,Men,"Corporation, FINA, Finance",Corporations,Finance,4004172403,20895373,Automatisk CVR import at 2016-03-12 17:47:34: BESTYRELSE i BI Holding (2012-03-23 - ).
Jan Walther Andersen,BI Holding,Member,Men,"Corporation, FINA, Finance",Corporations,Finance,4003916783,20895373,Automatisk CVR import at 2016-03-12 17:47:34: BESTYRELSE i BI Holding (2011-04-29 - ).
John Bull Fisker,BI Holding,Vice chairman,Men,"Corporation, FINA, Finance",Corporations,Finance,4003969265,20895373,Automatisk CVR import at 2016-03-12 17:47:34: naestformand i BI Holding (2009-04-24 - ).
Lars Bo Bertram,BI Holding,Chief executive,Men,"Corporation, FINA, Finance",Corporations,Finance,4004071971,20895373,Automatisk CVR import at 2016-03-12 17:47:34: adm. dir i BI Holding (2015-01-01 - ).
Lars Hoegh Moeller,BI Holding,Chairman,Men,"Corporation, FINA, Finance",Corporations,Finance,4003947247,20895373,Automatisk CVR import at 2016-03-12 17:47:34: formand i BI Holding (2008-10-09 - ).
Lars Petersson,BI Holding,Member,Men,"Corporation, FINA, Finance",Corporations,Finance,4004109879,20895373,Automatisk CVR import at 2016-03-12 17:47:34: BESTYRELSE i BI Holding (2009-04-24 - ).
Niels Erik Jakobsen,BI Holding,Member,Men,"Corporation, FINA, Finance",Corporations,Finance,4004074076,20895373,Automatisk CVR import at 2016-03-12 17:47:34: BESTYRELSE i BI Holding (2011-02-11 - ).
Karen Froesig,BI Holding,Member,Women,"Corporation, FINA, Finance",Corporations,Finance,4003962787,20895373,Automatisk CVR import at 2016-03-12 17:47:34: BESTYRELSE i BI Holding (2011-09-28 - ).
Anders Frederik Roennov-Jessen,BOARD ASSURE A/S (Bestyrelse),Chief executive,Men,"Corporation, Leadership, Insurance",Corporations,Insurance,4004178715,33649029,Automatisk CVR import at 2017-09-29 11:10:01: Anders Frederik Roennov-Jessen som adm. dir. i CVR 33649029 (2016-07-31 - NA).
Christian Engelsen,BOARD ASSURE A/S (Bestyrelse),Chairman,Men,"Corporation, Leadership, Insurance",Corporations,Insurance,4000396991,33649029,Automatisk CVR import at 2016-03-12 17:47:53: formand i BOARD ASSURE A/S (Bestyrelse) (2014-03-10 - ).
Lars Christian Brask,BOARD ASSURE A/S (Bestyrelse),Member,Men,"Corporation, Leadership, Insurance",Corporations,Insurance,4000757535,33649029,Automatisk CVR import at 2017-09-29 11:10:01: Lars Christian Brask som bestyrelsesmedlem i CVR 33649029 (2017-09-18 - NA).
Mark Skaarup Patterson,BOARD ASSURE A/S (Bestyrelse),Member,Men,"Corporation, Leadership, Insurance",Corporations,Insurance,4003939296,33649029,Automatisk CVR import at 2016-03-12 17:47:53: BESTYRELSE i BOARD ASSURE A/S (Bestyrelse) (2014-01-15 - ).
Esther Dora Rado,BOARD ASSURE A/S (Bestyrelse),Member,Women,"Corporation, Leadership, Insurance",Corporations,Insurance,4000655915,33649029,Automatisk CVR import at 2016-03-12 17:47:53: BESTYRELSE i BOARD ASSURE A/S (Bestyrelse) (2014-03-10 - ).
Axel Kierkegaard,BPW Finans,Member,Men,"Corporation, FINA, Finance",Corporations,Finance,4000038982,19201112,Automatisk CVR import at 2016-03-12 17:48:00: BESTYRELSE i BPW Finans (1998-05-19 - ).
Christian Peter Kotz,BPW Finans,Chairman,Men,"Corporation, FINA, Finance",Corporations,Finance,4003905448,19201112,Automatisk CVR import at 2016-03-12 17:48:00: formand i BPW Finans (1955-06-14 - ).
Dennis Carl Jensen,BPW Finans,Chief executive,Men,"Corporation, FINA, Finance",Corporations,Finance,4004030643,19201112,Automatisk CVR import at 2016-03-12 17:48:01: DIREKTOER i BPW Finans (2015-04-13 - ).
Friedrich Michael Pfeiffer,BPW Finans,Member,Men,"Corporation, FINA, Finance",Corporations,Finance,4004269588,19201112,Automatisk CVR import at 2016-03-12 17:48:01: BESTYRELSE i BPW Finans (2007-08-23 - ).
Thorsten Winterberg,BPW Finans,Member,Men,"Corporation, FINA, Finance",Corporations,Finance,4004128435,19201112,Automatisk CVR import at 2016-03-12 17:48:01: BESTYRELSESMEDLEM i BPW Finans (2015-12-09 - ).
Anders Christian Dam,BRFkredit,Chairman,Men,"Banks, Corporation, FINA, Finance, Housing",Corporations,Banks,4004160439,13409838,Automatisk CVR import at 2017-09-29 08:41:14: Anders Christian Dam som formand i CVR 13409838 (2017-07-03 - NA).
Carsten Tirsbaek Madsen,BRFkredit,Chief executive,Men,"Banks, Corporation, FINA, Finance, Housing",Corporations,Banks,4004058236,13409838,Automatisk CVR import at 2016-03-12 17:48:08: adm. dir i BRFkredit (2014-04-30 - ).
Kim Henriksen 46608,BRFkredit,Member,Men,"Banks, Corporation, FINA, Finance, Housing",Corporations,Banks,4004006150,13409838,Automatisk CVR import at 2016-03-12 17:48:07: BESTYRELSESMEDLEM i BRFkredit (2015-03-24 - ).
Lars Waalen Sandberg,BRFkredit,Executive,Men,"Banks, Corporation, FINA, Finance, Housing",Corporations,Banks,4004096420,13409838,Automatisk CVR import at 2016-03-12 17:48:08: DIREKTION i BRFkredit (2012-05-01 - ).
Niels Erik Jakobsen,BRFkredit,Member,Men,"Banks, Corporation, FINA, Finance, Housing",Corporations,Banks,4004074076,13409838,Automatisk CVR import at 2016-03-12 17:48:08: BESTYRELSE i BRFkredit (2014-04-30 - ).
Per Damborg Skovhus,BRFkredit,Vice chairman,Men,"Banks, Corporation, FINA, Finance, Housing",Corporations,Banks,4004039033,13409838,Automatisk CVR import at 2016-03-12 17:48:07: naestformand i BRFkredit (2014-04-30 - ).
Erik Balleby Jensen,CAPIDEA MANAGEMENT ApS,Member,Men,"Corporation, Venture- og kapitalfonde, Finance",Corporations,Finance,4003910365,29794901,Automatisk CVR import at 2016-03-12 17:48:37: BESTYRELSE i CAPIDEA MANAGEMENT ApS (2006-10-24 - ).
Jens Thoeger Hansen,CAPIDEA MANAGEMENT ApS,Member,Men,"Corporation, Venture- og kapitalfonde, Finance",Corporations,Finance,4004120509,29794901,Automatisk CVR import at 2016-03-12 17:48:38: BESTYRELSE i CAPIDEA MANAGEMENT ApS (2006-10-24 - ).
Lars Thomassen,CAPIDEA MANAGEMENT ApS,Member,Men,"Corporation, Venture- og kapitalfonde, Finance",Corporations,Finance,4004042991,29794901,Automatisk CVR import at 2016-03-12 17:48:37: BESTYRELSE i CAPIDEA MANAGEMENT ApS (2007-03-30 - ).
Martin Joergensen 46729,CAPIDEA MANAGEMENT ApS,Executive,Men,"Corporation, Venture- og kapitalfonde, Finance",Corporations,Finance,4004064364,29794901,Automatisk CVR import at 2016-03-12 17:48:37: DIREKTION i CAPIDEA MANAGEMENT ApS (2012-03-01 - ).
Mogens Christian Hugo,CAPIDEA MANAGEMENT ApS,Executive,Men,"Corporation, Venture- og kapitalfonde, Finance",Corporations,Finance,4000251567,29794901,Automatisk CVR import at 2016-03-12 17:48:37: Leder i CAPIDEA MANAGEMENT ApS (2012-06-15 - ).
Ulrik Nicolai Jungersen,CAPIDEA MANAGEMENT ApS,Executive,Men,"Corporation, Venture- og kapitalfonde, Finance",Corporations,Finance,4004036112,29794901,Automatisk CVR import at 2016-03-12 17:48:37: DIREKTION i CAPIDEA MANAGEMENT ApS (2007-01-01 - ).
Raymond Matheus Joseph Nelissen,Cargobull Finance,Member,Men,"Corporation, FINA, Finance",Corporations,Finance,4006622921,24213072,Automatisk CVR import at 2017-09-29 10:54:41: Raymond Matheus Joseph Nelissen som bestyrelsesmedlem i CVR 24213072 (2016-05-29 - NA).
Thies Johannes Philipp Engering 195667,Cargobull Finance,Member,Men,"Corporation, FINA, Finance",Corporations,Finance,4006954606,24213072,Automatisk CVR import at 2017-09-29 10:54:41: Thies Johannes Philipp Engering som bestyrelsesmedlem i CVR 24213072 (2017-05-31 - NA).
Susanne Glykofrydis,Cargobull Finance,Chairman,Women,"Corporation, FINA, Finance",Corporations,Finance,4004295737,24213072,Automatisk CVR import at 2016-03-12 17:48:39: formand i Cargobull Finance (2014-04-24 - ).
Bo Almar Knudsen,Carnegie Asset Man.,Chief executive,Men,"Corporation, FINA, Finance",Corporations,Finance,4004023639,78420510,Automatisk CVR import at 2016-03-12 17:48:44: adm. dir i Carnegie Asset Man. (2012-01-01 - ).
Hugo Andersen 13102,Carnegie Asset Man.,Chairman,Men,"Corporation, FINA, Finance",Corporations,Finance,4000329730,78420510,Automatisk CVR import at 2016-03-12 17:48:44: formand i Carnegie Asset Man. (2011-11-04 - ).
Lars Andersen 21225,Carnegie Asset Man.,Member,Men,"Corporation, FINA, Finance",Corporations,Finance,4004012838,78420510,Automatisk CVR import at 2016-03-12 17:48:44: BESTYRELSE i Carnegie Asset Man. (2011-11-04 - ).
Steinar Lundstroem,Carnegie Asset Man.,Member,Men,"Corporation, FINA, Finance",Corporations,Finance,4004275266,78420510,Automatisk CVR import at 2016-03-12 17:48:44: BESTYRELSE i Carnegie Asset Man. (2008-08-19 - ).
Arie Dirk Boon,CAT FORSKNINGS- OG TEKNOLOGIPARK A/S,Member,Men,"Corporation, Venture- og kapitalfonde, Finance",Corporations,Finance,4006532306,14353089,Automatisk CVR import at 2017-11-09 15:15:44: Arie Dirk Boon som bestyrelsesmedlem i CVR 14353089 (2017-03-01 - NA).
Kim Ove Olsen,CAT FORSKNINGS- OG TEKNOLOGIPARK A/S,Executive,Men,"Corporation, Venture- og kapitalfonde, Finance",Corporations,Finance,4003975836,14353089,Automatisk CVR import at 2016-03-12 17:48:45: DIREKTION i CAT FORSKNINGS- OG TEKNOLOGIPARK A/S (2014-02-28 - ).
Klaus Stampe,CAT FORSKNINGS- OG TEKNOLOGIPARK A/S,Member,Men,"Corporation, Venture- og kapitalfonde, Finance",Corporations,Finance,4000153261,14353089,Automatisk CVR import at 2016-03-12 17:48:45: BESTYRELSE i CAT FORSKNINGS- OG TEKNOLOGIPARK A/S (2014-01-31 - ).
Lars Henning Stigel,CAT FORSKNINGS- OG TEKNOLOGIPARK A/S,Executive,Men,"Corporation, Venture- og kapitalfonde, Finance",Corporations,Finance,4003985224,14353089,Automatisk CVR import at 2016-03-12 17:48:45: DIREKTION i CAT FORSKNINGS- OG TEKNOLOGIPARK A/S (2014-01-31 - ).
Michael Christiansen 25501,CAT FORSKNINGS- OG TEKNOLOGIPARK A/S,Member,Men,"Corporation, Venture- og kapitalfonde, Finance",Corporations,Finance,4000507688,14353089,Automatisk CVR import at 2016-03-12 17:48:45: BESTYRELSE i CAT FORSKNINGS- OG TEKNOLOGIPARK A/S (2010-10-22 - ).
Peter Kjaer 30423,CAT FORSKNINGS- OG TEKNOLOGIPARK A/S,Member,Men,"Corporation, Venture- og kapitalfonde, Finance",Corporations,Finance,4003969058,14353089,Automatisk CVR import at 2016-03-12 17:48:45: BESTYRELSE i CAT FORSKNINGS- OG TEKNOLOGIPARK A/S (2014-01-31 - ).
Torben Ballegaard Soerensen,CAT FORSKNINGS- OG TEKNOLOGIPARK A/S,Chairman,Men,"Corporation, Venture- og kapitalfonde, Finance",Corporations,Finance,4003921597,14353089,Automatisk CVR import at 2016-03-12 17:48:45: formand i CAT FORSKNINGS- OG TEKNOLOGIPARK A/S (2008-12-04 - ).
Anthony Piers Latham,Codan,Vice chairman,Men,"Corporation, FINA, Insurance, Finance",Corporations,Insurance,4004244689,10529638,Automatisk CVR import at 2016-03-12 17:49:03: naestformand i Codan (2004-04-14 - ).
Christer Arne Bjellert 46868,Codan,Member,Men,"Corporation, FINA, Insurance, Finance",Corporations,Insurance,4006246532,10529638,Automatisk CVR import at 2016-03-12 17:49:04: BESTYRELSESMEDLEM i Codan (2015-04-29 - ).
Christian Sletten,Codan,Member,Men,"Corporation, FINA, Insurance, Finance",Corporations,Insurance,4003974170,10529638,Automatisk CVR import at 2016-03-12 17:49:03: BESTYRELSE i Codan (2000-05-04 - ).
Kai Patrick Bergander 46862,Codan,Chief executive,Men,"Corporation, FINA, Insurance, Finance",Corporations,Insurance,4004297582,10529638,Automatisk CVR import at 2016-03-12 17:49:03: ADM. DIR. i Codan (2014-11-06 - ).
Lars Noerby Johansen,Codan,Chairman,Men,"Corporation, FINA, Insurance, Finance",Corporations,Insurance,4003947824,10529638,Automatisk CVR import at 2016-03-12 17:49:03: formand i Codan (2012-04-27 - ).
Scott Egan 195697,Codan,Member,Men,"Corporation, FINA, Insurance, Finance",Corporations,Insurance,4006552374,10529638,Automatisk CVR import at 2017-09-29 08:10:16: Scott Egan som bestyrelsesmedlem i CVR 10529638 (2016-04-27 - NA).
Gunilla Astrid Henriette Asker 195698,Codan,Member,Women,"Corporation, FINA, Insurance, Finance",Corporations,Insurance,4006663031,10529638,Automatisk CVR import at 2017-09-29 08:10:16: Gunilla Astrid Henriette Asker som bestyrelsesmedlem i CVR 10529638 (2016-09-01 - NA).
Maria Elisabeth Sandblom,Codan,Member,Women,"Corporation, FINA, Insurance, Finance",Corporations,Insurance,4006246533,10529638,Automatisk CVR import at 2016-03-12 17:49:04: BESTYRELSESMEDLEM i Codan (2015-04-29 - ).
Marianne Philip,Codan,Member,Women,"Corporation, FINA, Insurance, Finance",Corporations,Insurance,4000147837,10529638,Automatisk CVR import at 2016-03-12 17:49:03: BESTYRELSE i Codan (2011-04-29 - ).
Vivian Lund,Codan,Chief executive,Women,"Corporation, FINA, Insurance, Finance",Corporations,Insurance,4004125143,10529638,Automatisk CVR import at 2017-09-29 08:10:16: Vivian Lund som direktoer i CVR 10529638 (2016-06-01 - NA).
Henrik Ramlau-Hansen,Danica Corporation,Vice chairman,Men,"BYGG, Corporation, Employer controlled, Finance, Pensions",Corporations,Pension,4004001629,25051122,naestformand
Ib Katznelson,Danica Corporation,Member,Men,"BYGG, Corporation, Employer controlled, Finance, Pensions",Corporations,Pension,4003976660,25051122,"er medlem af Danica Pension, Livsforsikringsaktieselskabs bestyrelse."
Kim Andersen 19555,Danica Corporation,Member,Men,"BYGG, Corporation, Employer controlled, Finance, Pensions",Corporations,Pension,NA,25051122,NA
Nikolas Barke Nevermann,Danica Corporation,Member,Men,"BYGG, Corporation, Employer controlled, Finance, Pensions",Corporations,Pension,4004134613,25051122,Automatisk CVR import at 2017-09-29 10:56:25: Nikolas Barke Nevermann som bestyrelse i CVR 25051122 (2006-02-13 - NA).
Per Barke Nevermann,Danica Corporation,Chairman,Men,"BYGG, Corporation, Employer controlled, Finance, Pensions",Corporations,Pension,4004053830,25051122,Automatisk CVR import at 2017-09-29 10:56:25: Per Barke Nevermann som formand i CVR 25051122 (2000-05-16 - NA).
Per Soegaard 29880,Danica Corporation,Member,Men,"BYGG, Corporation, Employer controlled, Finance, Pensions",Corporations,Pension,NA,25051122,NA
Peter Rostrup-Nielsen,Danica Corporation,Member,Men,"BYGG, Corporation, Employer controlled, Finance, Pensions",Corporations,Pension,NA,25051122,NA
Steffen Barke Nevermann,Danica Corporation,Executive,Men,"BYGG, Corporation, Employer controlled, Finance, Pensions",Corporations,Pension,4004053833,25051122,Automatisk CVR import at 2017-09-29 10:56:25: Steffen Barke Nevermann som direktion i CVR 25051122 (2000-05-16 - NA).
Thomas Borgen,Danica Corporation,Chairman,Men,"BYGG, Corporation, Employer controlled, Finance, Pensions",Corporations,Pension,4004014384,25051122,Formand F 1964
Thomas Falck,Danica Corporation,Member,Men,"BYGG, Corporation, Employer controlled, Finance, Pensions",Corporations,Pension,4004008228,25051122,NA
Thomas Mitchell,Danica Corporation,Member,Men,"BYGG, Corporation, Employer controlled, Finance, Pensions",Corporations,Pension,4004065929,25051122,NA
Charlott Due Pihl,Danica Corporation,Member,Women,"BYGG, Corporation, Employer controlled, Finance, Pensions",Corporations,Pension,4004142202,25051122,NA
Else Margrethe Nevermann,Danica Corporation,Member,Women,"BYGG, Corporation, Employer controlled, Finance, Pensions",Corporations,Pension,4004053831,25051122,Automatisk CVR import at 2017-09-29 10:56:25: Else Margrethe Nevermann som bestyrelse i CVR 25051122 (2000-05-16 - NA).
Malene Stadil,Danica Corporation,Member,Women,"BYGG, Corporation, Employer controlled, Finance, Pensions",Corporations,Pension,NA,25051122,NA
Tine Barke Nevermann,Danica Corporation,Member,Women,"BYGG, Corporation, Employer controlled, Finance, Pensions",Corporations,Pension,4004053832,25051122,Automatisk CVR import at 2017-09-29 10:56:25: Tine Barke Nevermann Tesdorpf som bestyrelse i CVR 25051122 (2000-05-16 - NA).
Anders Noergaard Gravesen,DANSK INVESTERINGSFOND,Member,Men,"Foundation, Investment, Finance",Foundations,Finance,4004114579,60379912,Automatisk CVR import at 2016-03-12 17:49:51: BESTYRELSE i DANSK INVESTERINGSFOND (2011-03-19 - ).
Carsten Lykke,DANSK INVESTERINGSFOND,Chief executive,Men,"Foundation, Investment, Finance",Foundations,Finance,4000546951,60379912,Automatisk CVR import at 2017-09-29 11:20:51: Carsten Lykke som direktoer i CVR 60379912 (2016-10-03 - NA).
Joergen Kunter Pedersen,DANSK INVESTERINGSFOND,Member,Men,"Foundation, Investment, Finance",Foundations,Finance,4000731129,60379912,Automatisk CVR import at 2017-09-29 11:20:51: Joergen Kunter Pedersen som bestyrelsesmedlem i CVR 60379912 (2016-10-03 - NA).
Kim Wichmann-Hansen,DANSK INVESTERINGSFOND,Member,Men,"Foundation, Investment, Finance",Foundations,Finance,4004128368,60379912,Automatisk CVR import at 2016-03-12 17:49:51: BESTYRELSE i DANSK INVESTERINGSFOND (2009-03-21 - ).
Klaus Holgaard Rasmussen,DANSK INVESTERINGSFOND,Chairman,Men,"Foundation, Investment, Finance",Foundations,Finance,4003964144,60379912,Automatisk CVR import at 2017-09-29 11:20:51: Klaus Holgaard Rasmussen som formand i CVR 60379912 (2016-10-03 - NA).
Morten Bay Broedbaek,DANSK INVESTERINGSFOND,Member,Men,"Foundation, Investment, Finance",Foundations,Finance,4004133139,60379912,Automatisk CVR import at 2016-03-12 17:49:51: BESTYRELSE i DANSK INVESTERINGSFOND (2011-03-19 - ).
Asbjoern Berge,DANSK VAEKSTKAPITAL K/S,Member,Men,"Corporation, Finance, State corporation, Venture- og kapitalfonde",Corporations,Finance,4000245713,33768532,Automatisk CVR import at 2016-03-12 17:49:58: BESTYRELSE i DANSK VAEKSTKAPITAL K/S (2011-06-24 - ).
Lars Noerby Johansen,DANSK VAEKSTKAPITAL K/S,Chairman,Men,"Corporation, Finance, State corporation, Venture- og kapitalfonde",Corporations,Finance,4003947824,33768532,Automatisk CVR import at 2016-03-12 17:49:58: formand i DANSK VAEKSTKAPITAL K/S (2011-06-24 - ).
Birgit W Noergaard,DANSK VAEKSTKAPITAL K/S,Member,Women,"Corporation, Finance, State corporation, Venture- og kapitalfonde",Corporations,Finance,3032386,33768532,Automatisk CVR import at 2017-11-09 15:59:37: Birgit Noergaard som bestyrelse i CVR 33768532 (2011-06-24 - NA).
Birgit Woeidemann Noergaard,DANSK VAEKSTKAPITAL K/S,Member,Women,"Corporation, Finance, State corporation, Venture- og kapitalfonde",Corporations,Finance,NA,33768532,Automatisk CVR import at 2016-03-12 17:49:58: BESTYRELSE i DANSK VAEKSTKAPITAL K/S (2011-06-24 - ).
AAke Per-Urban Bäckström,Danske Bank,Vice chairman,Men,"Corporation, FINA, Banks, Finance",Corporations,Banks,4004193194,61126228,Automatisk CVR import at 2017-09-29 11:21:29: AAke Per-Urban Bäckström som naestformand i CVR 61126228 (2017-03-16 - NA).
Carsten Rasch Egeriis,Danske Bank,Chief executive,Men,"Corporation, FINA, Banks, Finance",Corporations,Banks,4006990486,61126228,Automatisk CVR import at 2017-09-29 11:21:29: Carsten Rasch Egeriis som direktoer i CVR 61126228 (2017-08-15 - NA).
Glenn Soderholm,Danske Bank,Executive,Men,"Corporation, FINA, Banks, Finance",Corporations,Banks,4004187520,61126228,Automatisk CVR import at 2016-03-12 17:50:00: DIREKTION i Danske Bank (2013-10-31 - ).
Ib René Holm,Danske Bank,Other role,Men,"Corporation, FINA, Banks, Finance",Corporations,Banks,4003913791,61126228,Automatisk CVR import at 2016-03-12 17:49:59: PERSONLIG_SUPPLEANT i Danske Bank (2014-03-18 - ).
Jacob Aarup-Andersen 195767,Danske Bank,Chief executive,Men,"Corporation, FINA, Banks, Finance",Corporations,Banks,4004116273,61126228,Automatisk CVR import at 2017-09-29 11:21:29: Jacob Aarup-Andersen som direktoer i CVR 61126228 (2016-04-01 - NA).
James Martin Ditmore,Danske Bank,Executive,Men,"Corporation, FINA, Banks, Finance",Corporations,Banks,4004298033,61126228,Automatisk CVR import at 2016-03-12 17:50:01: DIREKTION i Danske Bank (2014-04-21 - ).
Jesper Nielsen 50260,Danske Bank,Chief executive,Men,"Corporation, FINA, Banks, Finance",Corporations,Banks,4004182895,61126228,Automatisk CVR import at 2017-09-29 11:21:29: Jesper Nielsen som direktoer i CVR 61126228 (2016-10-01 - NA).
Joern Peter Jensen,Danske Bank,Member,Men,"Corporation, FINA, Banks, Finance",Corporations,Banks,4004054681,61126228,Automatisk CVR import at 2016-03-12 17:49:59: BESTYRELSE i Danske Bank (2012-03-27 - ).
Lars Stensgaard Moerch,Danske Bank,Executive,Men,"Corporation, FINA, Banks, Finance",Corporations,Banks,4004028319,61126228,Automatisk CVR import at 2016-03-12 17:49:59: DIREKTION i Danske Bank (2012-06-01 - ).
Lars-Erik Brenoee 21436,Danske Bank,Member,Men,"Corporation, FINA, Banks, Finance",Corporations,Banks,4004145698,61126228,Automatisk CVR import at 2017-09-29 11:21:29: Lars-Erik Brenoee som bestyrelsesmedlem i CVR 61126228 (2016-03-17 - NA).
Martin Folke Tivéus,Danske Bank,Member,Men,"Corporation, FINA, Banks, Finance",Corporations,Banks,4006851994,61126228,Automatisk CVR import at 2017-09-29 11:21:29: Martin Folke Tivéus som bestyrelsesmedlem i CVR 61126228 (2017-03-16 - NA).
Ole Andersen 46105,Danske Bank,Chairman,Men,"Corporation, FINA, Banks, Finance",Corporations,Banks,4000483762,61126228,Automatisk CVR import at 2016-03-12 17:49:59: formand i Danske Bank (2011-12-19 - ).
Rolv Erik Ryssdal,Danske Bank,Member,Men,"Corporation, FINA, Banks, Finance",Corporations,Banks,4004297396,61126228,Automatisk CVR import at 2016-03-12 17:50:00: BESTYRELSE i Danske Bank (2014-03-18 - ).
Steen Lund Olsen,Danske Bank,Member,Men,"Corporation, FINA, Banks, Finance",Corporations,Banks,4004134146,61126228,Automatisk CVR import at 2016-03-12 17:50:00: BESTYRELSE i Danske Bank (2014-03-18 - ).
Thomas Borgen,Danske Bank,Chief executive,Men,"Corporation, FINA, Banks, Finance",Corporations,Banks,4004014384,61126228,Automatisk CVR import at 2016-03-12 17:49:59: adm. dir i Danske Bank (2013-09-16 - ).
Tonny Thierry Andersen,Danske Bank,Executive,Men,"Corporation, FINA, Banks, Finance",Corporations,Banks,4003977933,61126228,Automatisk CVR import at 2016-03-12 17:49:59: DIREKTION i Danske Bank (2006-06-26 - ).
Carol Frances Sergeant,Danske Bank,Member,Women,"Corporation, FINA, Banks, Finance",Corporations,Banks,4004285032,61126228,Automatisk CVR import at 2016-03-12 17:50:00: BESTYRELSE i Danske Bank (2013-03-18 - ).
Charlotte Hoffmann Fallesen,Danske Bank,Member,Women,"Corporation, FINA, Banks, Finance",Corporations,Banks,4004134145,61126228,Automatisk CVR import at 2016-03-12 17:50:00: BESTYRELSE i Danske Bank (2006-03-14 - ).
Dorte Annette Bielefeldt,Danske Bank,Other role,Women,"Corporation, FINA, Banks, Finance",Corporations,Banks,4004180364,61126228,Automatisk CVR import at 2016-03-12 17:50:00: PERSONLIG_SUPPLEANT i Danske Bank (2014-03-18 - ).
Hilde Merete Tonne,Danske Bank,Member,Women,"Corporation, FINA, Banks, Finance",Corporations,Banks,4006515375,61126228,Automatisk CVR import at 2017-09-29 11:21:29: Hilde Merete Tonne som bestyrelsesmedlem i CVR 61126228 (2016-03-17 - NA).
Kirsten Guntofte 47350,Danske Bank,Other role,Women,"Corporation, FINA, Banks, Finance",Corporations,Banks,4004134148,61126228,Automatisk CVR import at 2016-03-12 17:50:00: PERSONLIG_SUPPLEANT i Danske Bank (2010-03-23 - ).
Carsten Rasch Egeriis,Danske Bank (Direktion),Chief executive,Men,"Corporation, FINA, Banks, Finance",Corporations,Banks,4006990486,61126228,Automatisk CVR import at 2017-09-29 11:21:29: Carsten Rasch Egeriis som direktoer i CVR 61126228 (2017-08-15 - NA).
Glenn Soderholm,Danske Bank (Direktion),Executive,Men,"Corporation, FINA, Banks, Finance",Corporations,Banks,4004187520,61126228,Automatisk CVR import at 2016-03-12 17:50:00: DIREKTION i Danske Bank (2013-10-31 - ).
Jacob Aarup-Andersen 195767,Danske Bank (Direktion),Chief executive,Men,"Corporation, FINA, Banks, Finance",Corporations,Banks,4004116273,61126228,Automatisk CVR import at 2017-09-29 11:21:29: Jacob Aarup-Andersen som direktoer i CVR 61126228 (2016-04-01 - NA).
James Martin Ditmore,Danske Bank (Direktion),Executive,Men,"Corporation, FINA, Banks, Finance",Corporations,Banks,4004298033,61126228,Automatisk CVR import at 2016-03-12 17:50:01: DIREKTION i Danske Bank (2014-04-21 - ).
Jesper Nielsen 50260,Danske Bank (Direktion),Chief executive,Men,"Corporation, FINA, Banks, Finance",Corporations,Banks,4004182895,61126228,Automatisk CVR import at 2017-09-29 11:21:29: Jesper Nielsen som direktoer i CVR 61126228 (2016-10-01 - NA).
Lars Stensgaard Moerch,Danske Bank (Direktion),Executive,Men,"Corporation, FINA, Banks, Finance",Corporations,Banks,4004028319,61126228,Automatisk CVR import at 2016-03-12 17:49:59: DIREKTION i Danske Bank (2012-06-01 - ).
Ole Andersen 46105,Danske Bank (Direktion),Chairman,Men,"Corporation, FINA, Banks, Finance",Corporations,Banks,4000483762,61126228,Automatisk CVR import at 2016-03-12 17:49:59: formand i Danske Bank (2011-12-19 - ).
Thomas Borgen,Danske Bank (Direktion),Chief executive,Men,"Corporation, FINA, Banks, Finance",Corporations,Banks,4004014384,61126228,Automatisk CVR import at 2016-03-12 17:49:59: adm. dir i Danske Bank (2013-09-16 - ).
Tonny Thierry Andersen,Danske Bank (Direktion),Executive,Men,"Corporation, FINA, Banks, Finance",Corporations,Banks,4003977933,61126228,Automatisk CVR import at 2016-03-12 17:49:59: DIREKTION i Danske Bank (2006-06-26 - ).
Dennis Kim Willer,DELTAQ A/S,Chief executive,Men,"Corporation, Venture- og kapitalfonde, Finance",Corporations,Finance,4000577398,30602102,Automatisk CVR import at 2016-03-12 17:50:21: adm. dir i DELTAQ A/S (2013-05-26 - ).
René Eghammer,DELTAQ A/S,Member,Men,"Corporation, Venture- og kapitalfonde, Finance",Corporations,Finance,4004020695,30602102,Automatisk CVR import at 2016-03-12 17:50:22: BESTYRELSESMEDLEM i DELTAQ A/S (2015-04-28 - ).
René Joergen Spogard,DELTAQ A/S,Chairman,Men,"Corporation, Venture- og kapitalfonde, Finance",Corporations,Finance,4004143857,30602102,Automatisk CVR import at 2016-03-12 17:50:22: formand i DELTAQ A/S (2014-04-28 - ).
Sune Stürup Mikkelsen,DELTAQ A/S,Member,Men,"Corporation, Venture- og kapitalfonde, Finance",Corporations,Finance,4004045504,30602102,Automatisk CVR import at 2017-09-29 11:06:05: Sune Stürup Mikkelsen som bestyrelsesmedlem i CVR 30602102 (2017-06-26 - NA).
Torben Helstrup,DELTAQ A/S,Member,Men,"Corporation, Venture- og kapitalfonde, Finance",Corporations,Finance,4003968007,30602102,Automatisk CVR import at 2017-09-29 11:06:05: Torben Helstrup som bestyrelsesmedlem i CVR 30602102 (2017-06-26 - NA).
Christian Tybjerg Smed,DEN ERHVERVSDRIVENDE FOND DURUP SPAREKASSE FONDEN AF 2006,Chairman,Men,"Foundation, Corporation, Banks",Foundations,Banks,4000674556,63362115,Automatisk CVR import at 2017-09-29 11:22:38: Christian Tybjerg Smed som formand i CVR 63362115 (2017-01-01 - NA).
Hans Kristensen 11095,DEN ERHVERVSDRIVENDE FOND DURUP SPAREKASSE FONDEN AF 2006,Member,Men,"Foundation, Corporation, Banks",Foundations,Banks,4004185707,63362115,Automatisk CVR import at 2016-03-12 17:50:32: BESTYRELSE i DEN ERHVERVSDRIVENDE FOND DURUP SPAREKASSE FONDEN AF 2006 (2012-05-16 - ).
Ib Finn Salling Soender,DEN ERHVERVSDRIVENDE FOND DURUP SPAREKASSE FONDEN AF 2006,Member,Men,"Foundation, Corporation, Banks",Foundations,Banks,4000117975,63362115,Automatisk CVR import at 2016-03-12 17:50:31: BESTYRELSE i DEN ERHVERVSDRIVENDE FOND DURUP SPAREKASSE FONDEN AF 2006 (2006-10-12 - ).
Jakob Joergensen Hansen,DEN ERHVERVSDRIVENDE FOND DURUP SPAREKASSE FONDEN AF 2006,Executive,Men,"Foundation, Corporation, Banks",Foundations,Banks,4003900939,63362115,Automatisk CVR import at 2016-03-12 17:50:32: DIREKTION i DEN ERHVERVSDRIVENDE FOND DURUP SPAREKASSE FONDEN AF 2006 (2006-10-12 - ).
Kaj Plejdrup,DEN ERHVERVSDRIVENDE FOND DURUP SPAREKASSE FONDEN AF 2006,Member,Men,"Foundation, Corporation, Banks",Foundations,Banks,4000288022,63362115,Automatisk CVR import at 2016-03-12 17:50:31: BESTYRELSE i DEN ERHVERVSDRIVENDE FOND DURUP SPAREKASSE FONDEN AF 2006 (2012-05-16 - ).
Martin Bro Moeller,DEN ERHVERVSDRIVENDE FOND DURUP SPAREKASSE FONDEN AF 2006,Member,Men,"Foundation, Corporation, Banks",Foundations,Banks,4000338428,63362115,Automatisk CVR import at 2016-03-12 17:50:31: BESTYRELSE i DEN ERHVERVSDRIVENDE FOND DURUP SPAREKASSE FONDEN AF 2006 (2014-02-20 - ).
Valdemar Torp,DEN ERHVERVSDRIVENDE FOND DURUP SPAREKASSE FONDEN AF 2006,Member,Men,"Foundation, Corporation, Banks",Foundations,Banks,4000046308,63362115,Automatisk CVR import at 2016-03-12 17:50:31: BESTYRELSE i DEN ERHVERVSDRIVENDE FOND DURUP SPAREKASSE FONDEN AF 2006 (2013-05-17 - ).
Lisbeth Kirstine Dalgaard,DEN ERHVERVSDRIVENDE FOND DURUP SPAREKASSE FONDEN AF 2006,Member,Women,"Foundation, Corporation, Banks",Foundations,Banks,4004181850,63362115,Automatisk CVR import at 2016-03-12 17:50:32: BESTYRELSE i DEN ERHVERVSDRIVENDE FOND DURUP SPAREKASSE FONDEN AF 2006 (2011-04-28 - ).
Mette Gade Bodilsen,DEN ERHVERVSDRIVENDE FOND DURUP SPAREKASSE FONDEN AF 2006,Member,Women,"Foundation, Corporation, Banks",Foundations,Banks,4000400979,63362115,Automatisk CVR import at 2017-09-29 11:22:38: Mette Gade Bodilsen som bestyrelsesmedlem i CVR 63362115 (2017-05-01 - NA).
Anders Dalsgaard Pedersen,DEN ERHVERVSDRIVENDE FOND FUUR SPAREKASSE FONDEN AF 2006,Member,Men,"Foundation, Corporation, Banks",Foundations,Banks,4000032007,17920316,Automatisk CVR import at 2016-03-12 17:50:33: BESTYRELSE i DEN ERHVERVSDRIVENDE FOND FUUR SPAREKASSE FONDEN AF 2006 (2006-10-12 - ).
Henning Baadsgaard Jacobsen,DEN ERHVERVSDRIVENDE FOND FUUR SPAREKASSE FONDEN AF 2006,Chairman,Men,"Foundation, Corporation, Banks",Foundations,Banks,4000040213,17920316,Automatisk CVR import at 2016-03-12 17:50:33: formand i DEN ERHVERVSDRIVENDE FOND FUUR SPAREKASSE FONDEN AF 2006 (2011-05-16 - ).
Henning Jeppesen,DEN ERHVERVSDRIVENDE FOND FUUR SPAREKASSE FONDEN AF 2006,Member,Men,"Foundation, Corporation, Banks",Foundations,Banks,4000188816,17920316,Automatisk CVR import at 2016-03-12 17:50:33: BESTYRELSE i DEN ERHVERVSDRIVENDE FOND FUUR SPAREKASSE FONDEN AF 2006 (2006-10-12 - ).
Henrik Jensen 12538,DEN ERHVERVSDRIVENDE FOND FUUR SPAREKASSE FONDEN AF 2006,Member,Men,"Foundation, Corporation, Banks",Foundations,Banks,4000453738,17920316,Automatisk CVR import at 2016-03-12 17:50:33: BESTYRELSE i DEN ERHVERVSDRIVENDE FOND FUUR SPAREKASSE FONDEN AF 2006 (2011-05-16 - ).
Soeren Klitskov,DEN ERHVERVSDRIVENDE FOND FUUR SPAREKASSE FONDEN AF 2006,Member,Men,"Foundation, Corporation, Banks",Foundations,Banks,4003877904,17920316,Automatisk CVR import at 2016-03-12 17:50:33: BESTYRELSESMEDLEM i DEN ERHVERVSDRIVENDE FOND FUUR SPAREKASSE FONDEN AF 2006 (2015-06-16 - ).
Christa Ruth Bechmann Lykke,DEN ERHVERVSDRIVENDE FOND FUUR SPAREKASSE FONDEN AF 2006,Member,Women,"Foundation, Corporation, Banks",Foundations,Banks,4006632050,17920316,Automatisk CVR import at 2017-09-29 08:49:42: Christa Ruth Bechmann Lykke som bestyrelsesmedlem i CVR 17920316 (2016-06-29 - NA).
Elly Hedevang Thomassen,DEN ERHVERVSDRIVENDE FOND FUUR SPAREKASSE FONDEN AF 2006,Member,Women,"Foundation, Corporation, Banks",Foundations,Banks,4004122364,17920316,Automatisk CVR import at 2016-03-12 17:50:33: BESTYRELSE i DEN ERHVERVSDRIVENDE FOND FUUR SPAREKASSE FONDEN AF 2006 (2010-08-13 - ).
Hanne Kathrine Soegaard,DEN ERHVERVSDRIVENDE FOND FUUR SPAREKASSE FONDEN AF 2006,Vice chairman,Women,"Foundation, Corporation, Banks",Foundations,Banks,4004164686,17920316,Automatisk CVR import at 2017-09-29 08:49:42: Hanne Kathrine Soegaard som naestformand i CVR 17920316 (2016-06-29 - NA).
Mildred Sloth Fog,DEN ERHVERVSDRIVENDE FOND FUUR SPAREKASSE FONDEN AF 2006,Member,Women,"Foundation, Corporation, Banks",Foundations,Banks,4003887646,17920316,Automatisk CVR import at 2016-03-12 17:50:33: BESTYRELSE i DEN ERHVERVSDRIVENDE FOND FUUR SPAREKASSE FONDEN AF 2006 (2012-01-27 - ).
Erik Simonsen Larsen,DEN ERHVERVSDRIVENDE FOND SPAREKASSEN MIDT VEST,Member,Men,"Foundation, Corporation, Banks",Foundations,Banks,4000014567,57340215,Automatisk CVR import at 2016-03-12 17:50:44: BESTYRELSE i DEN ERHVERVSDRIVENDE FOND SPAREKASSEN MIDT VEST (2008-04-10 - ).
Hans Erik Nielsen,DEN ERHVERVSDRIVENDE FOND SPAREKASSEN MIDT VEST,Chief executive,Men,"Foundation, Corporation, Banks",Foundations,Banks,4003903215,57340215,Automatisk CVR import at 2017-09-29 11:19:42: Hans Erik Nielsen som direktoer i CVR 57340215 (2017-01-01 - NA).
Jan Dyhrberg Andersen,DEN ERHVERVSDRIVENDE FOND SPAREKASSEN MIDT VEST,Chairman,Men,"Foundation, Corporation, Banks",Foundations,Banks,4003997377,57340215,Automatisk CVR import at 2017-09-29 11:19:42: Jan Dyhrberg Andersen som formand i CVR 57340215 (2017-01-01 - NA).
Jens Moeller Goul,DEN ERHVERVSDRIVENDE FOND SPAREKASSEN MIDT VEST,Vice chairman,Men,"Foundation, Corporation, Banks",Foundations,Banks,4000239222,57340215,Automatisk CVR import at 2017-09-29 11:19:42: Jens Moeller Goul som naestformand i CVR 57340215 (2017-01-01 - NA).
Joergen Outzen Larsen,DEN ERHVERVSDRIVENDE FOND SPAREKASSEN MIDT VEST,Member,Men,"Foundation, Corporation, Banks",Foundations,Banks,4000213853,57340215,Automatisk CVR import at 2016-03-12 17:50:44: BESTYRELSE i DEN ERHVERVSDRIVENDE FOND SPAREKASSEN MIDT VEST (2006-08-28 - ).
Karl Ove Kristensen,DEN ERHVERVSDRIVENDE FOND SPAREKASSEN MIDT VEST,Member,Men,"Foundation, Corporation, Banks",Foundations,Banks,4003888837,57340215,Automatisk CVR import at 2016-03-12 17:50:44: BESTYRELSE i DEN ERHVERVSDRIVENDE FOND SPAREKASSEN MIDT VEST (2006-08-28 - ).
Leif Lundsgaard,DEN ERHVERVSDRIVENDE FOND SPAREKASSEN MIDT VEST,Member,Men,"Foundation, Corporation, Banks",Foundations,Banks,4004166613,57340215,Automatisk CVR import at 2016-03-12 17:50:44: BESTYRELSE i DEN ERHVERVSDRIVENDE FOND SPAREKASSEN MIDT VEST (2006-08-28 - ).
Soeren Engholm Larsen,DEN ERHVERVSDRIVENDE FOND SPAREKASSEN MIDT VEST,Member,Men,"Foundation, Corporation, Banks",Foundations,Banks,4000020974,57340215,Automatisk CVR import at 2016-03-12 17:50:44: BESTYRELSE i DEN ERHVERVSDRIVENDE FOND SPAREKASSEN MIDT VEST (2012-03-20 - ).
Hanne Buus,DEN ERHVERVSDRIVENDE FOND SPAREKASSEN MIDT VEST,Member,Women,"Foundation, Corporation, Banks",Foundations,Banks,4004108635,57340215,Automatisk CVR import at 2016-03-12 17:50:44: BESTYRELSE i DEN ERHVERVSDRIVENDE FOND SPAREKASSEN MIDT VEST (2006-08-28 - ).
Bjarne Lindrum Petersen,Den Jyske Sparekasse,Vice chairman,Men,"Corporation, FINA, Banks, Finance",Corporations,Banks,4003997034,24260461,Automatisk CVR import at 2017-09-29 10:56:00: Bjarne Lindrum Petersen som naestformand i CVR 24260461 (2016-03-17 - NA).
Bjarne Toftlund,Den Jyske Sparekasse,Member,Men,"Corporation, FINA, Banks, Finance",Corporations,Banks,4004005088,24260461,Automatisk CVR import at 2016-03-12 17:50:56: BESTYRELSE i Den Jyske Sparekasse (2013-03-21 - ).
Claus Erik Petersen,Den Jyske Sparekasse,Executive,Men,"Corporation, FINA, Banks, Finance",Corporations,Banks,4003834579,24260461,Automatisk CVR import at 2016-03-12 17:50:56: DIREKTION i Den Jyske Sparekasse (2007-01-10 - ).
Ib Due Kristensen,Den Jyske Sparekasse,Member,Men,"Corporation, FINA, Banks, Finance",Corporations,Banks,4000312963,24260461,Automatisk CVR import at 2016-03-12 17:50:56: BESTYRELSE i Den Jyske Sparekasse (2006-03-30 - ).
Knud-Ove Hansen,Den Jyske Sparekasse,Member,Men,"Corporation, FINA, Banks, Finance",Corporations,Banks,4000313914,24260461,Automatisk CVR import at 2016-03-12 17:50:56: BESTYRELSE i Den Jyske Sparekasse (2009-02-19 - ).
Preben Noergaard Larsen,Den Jyske Sparekasse,Member,Men,"Corporation, FINA, Banks, Finance",Corporations,Banks,4003994713,24260461,Automatisk CVR import at 2016-03-12 17:50:56: BESTYRELSE i Den Jyske Sparekasse (2008-09-01 - ).
Sejer Mortensen,Den Jyske Sparekasse,Chairman,Men,"Corporation, FINA, Banks, Finance",Corporations,Banks,4000277145,24260461,Automatisk CVR import at 2016-03-12 17:50:56: formand i Den Jyske Sparekasse (2011-03-23 - ).
Steen Louie Pedersen,Den Jyske Sparekasse,Member,Men,"Corporation, FINA, Banks, Finance",Corporations,Banks,4004066736,24260461,Automatisk CVR import at 2016-03-12 17:50:56: BESTYRELSE i Den Jyske Sparekasse (2007-01-10 - ).
Torben Soerensen 53484,Den Jyske Sparekasse,Chief executive,Men,"Corporation, FINA, Banks, Finance",Corporations,Banks,4004102576,24260461,Automatisk CVR import at 2017-09-29 10:56:00: Torben Soerensen som direktoer i CVR 24260461 (2017-07-01 - NA).
Stine Aare Jensen,Den Jyske Sparekasse,Member,Women,"Corporation, FINA, Banks, Finance",Corporations,Banks,4004023801,24260461,Automatisk CVR import at 2016-03-12 17:50:56: BESTYRELSESMEDLEM i Den Jyske Sparekasse (2015-03-25 - ).
Bjarne Larsen 45699,Diba Bank,Vice chairman,Men,"Corporation, FINA, Banks, Finance",Corporations,Banks,4003985979,32127711,Automatisk CVR import at 2016-03-12 17:51:27: naestformand i Diba Bank (2014-01-28 - ).
Jan Svarre,Diba Bank,Member,Men,"Corporation, FINA, Banks, Finance",Corporations,Banks,4004182894,32127711,Automatisk CVR import at 2016-03-12 17:51:28: BESTYRELSE i Diba Bank (2014-01-28 - ).
Lars Bolding,Diba Bank,Executive,Men,"Corporation, FINA, Banks, Finance",Corporations,Banks,4004175606,32127711,Automatisk CVR import at 2016-03-12 17:51:28: DIREKTION i Diba Bank (2015-01-30 - ).
Karen Froesig,Diba Bank,Chairman,Women,"Corporation, FINA, Banks, Finance",Corporations,Banks,4003962787,32127711,Automatisk CVR import at 2016-03-12 17:51:27: formand i Diba Bank (2014-01-28 - ).
Ejner Soeby,Djurslands Bank,Vice chairman,Men,"Corporation, FINA, Banks, Finance",Corporations,Banks,4004037568,40713816,Automatisk CVR import at 2017-09-29 11:13:29: Ejner Soeby som naestformand i CVR 40713816 (2016-03-18 - NA).
Jacob Flarup Mikkelsen,Djurslands Bank,Other role,Men,"Corporation, FINA, Banks, Finance",Corporations,Banks,4000121507,40713816,Automatisk CVR import at 2016-03-12 17:51:34: PERSONLIG_SUPPLEANT i Djurslands Bank (2014-03-19 - ).
Jan Bundgaard Poulsen,Djurslands Bank,Member,Men,"Corporation, FINA, Banks, Finance",Corporations,Banks,4004077783,40713816,Automatisk CVR import at 2016-03-12 17:51:34: BESTYRELSE i Djurslands Bank (2002-03-13 - ).
Lars Moeller Kristensen 50294,Djurslands Bank,Chief executive,Men,"Corporation, FINA, Banks, Finance",Corporations,Banks,4004189812,40713816,Automatisk CVR import at 2017-09-29 11:13:30: Lars Moeller Kristensen som adm. dir. i CVR 40713816 (2016-05-01 - NA).
Mikael Lykke Soerensen,Djurslands Bank,Member,Men,"Corporation, FINA, Banks, Finance",Corporations,Banks,4000062361,40713816,Automatisk CVR import at 2016-03-12 17:51:34: BESTYRELSE i Djurslands Bank (2008-03-12 - ).
Morten Svenningsen,Djurslands Bank,Other role,Men,"Corporation, FINA, Banks, Finance",Corporations,Banks,4004095489,40713816,Automatisk CVR import at 2016-03-12 17:51:34: PERSONLIG_SUPPLEANT i Djurslands Bank (2014-03-19 - ).
Peter Enrum Zacher Soerensen,Djurslands Bank,Chairman,Men,"Corporation, FINA, Banks, Finance",Corporations,Banks,4003934624,40713816,Automatisk CVR import at 2017-09-29 11:13:29: Peter Enrum Zacher Soerensen som formand i CVR 40713816 (2016-03-18 - NA).
Peter Pedersen,Djurslands Bank,Member,Men,"Corporation, FINA, Banks, Finance",Corporations,Banks,4000001566,40713816,Automatisk CVR import at 2016-03-12 17:51:34: BESTYRELSE i Djurslands Bank (2013-03-20 - ).
Uffe Hougaard Vithen,Djurslands Bank,Member,Men,"Corporation, FINA, Banks, Finance",Corporations,Banks,4004134170,40713816,Automatisk CVR import at 2016-03-12 17:51:35: BESTYRELSESMEDLEM i Djurslands Bank (2015-03-20 - ).
Bente OEstergaard Hoeg,Djurslands Bank,Member,Women,"Corporation, FINA, Banks, Finance",Corporations,Banks,4006556057,40713816,Automatisk CVR import at 2017-09-29 11:13:30: Bente OEstergaard Hoeg som bestyrelsesmedlem i CVR 40713816 (2016-03-18 - NA).
Lars Dybkjaer,DKA CAPITAL A/S,Member,Men,"Corporation, Venture- og kapitalfonde, Finance",Corporations,Finance,4004063044,29425558,Automatisk CVR import at 2016-03-12 17:51:35: BESTYRELSE i DKA CAPITAL A/S (2015-01-19 - ).
Mogens Thorninger,DKA CAPITAL A/S,Chairman,Men,"Corporation, Venture- og kapitalfonde, Finance",Corporations,Finance,4000566404,29425558,Automatisk CVR import at 2016-03-12 17:51:35: formand i DKA CAPITAL A/S (2011-11-03 - ).
Morten Grube Weicher,DKA CAPITAL A/S,Member,Men,"Corporation, Venture- og kapitalfonde, Finance",Corporations,Finance,4000369377,29425558,Automatisk CVR import at 2016-03-12 17:51:35: BESTYRELSE i DKA CAPITAL A/S (2015-01-19 - ).
Benny Pedersen,DLR Kredit,Member,Men,"Corporation, FINA, Banks, Finance",Corporations,Banks,4000011917,25781309,Automatisk CVR import at 2016-03-12 17:51:39: BESTYRELSE i DLR Kredit (2009-01-01 - ).
Claus Andersen 6225,DLR Kredit,Member,Men,"Corporation, FINA, Banks, Finance",Corporations,Banks,4004172403,25781309,Automatisk CVR import at 2017-09-29 10:58:14: Claus Andersen som bestyrelsesmedlem i CVR 25781309 (2016-04-28 - NA).
Claus Andreasen,DLR Kredit,Member,Men,"Corporation, FINA, Banks, Finance",Corporations,Banks,4003908289,25781309,Automatisk CVR import at 2016-03-12 17:51:39: BESTYRELSE i DLR Kredit (2013-04-05 - ).
Gert Rinaldo Jonassen,DLR Kredit,Member,Men,"Corporation, FINA, Banks, Finance",Corporations,Banks,4004095445,25781309,Automatisk CVR import at 2017-09-29 10:58:14: Gert Rinaldo Jonassen som bestyrelsesmedlem i CVR 25781309 (2017-04-27 - NA).
Jan Pedersen 14710,DLR Kredit,Member,Men,"Corporation, FINA, Banks, Finance",Corporations,Banks,4004120430,25781309,Automatisk CVR import at 2016-03-12 17:51:40: BESTYRELSE i DLR Kredit (2002-04-26 - ).
Jens Kristian Anders Moeller,DLR Kredit,Chief executive,Men,"Corporation, FINA, Banks, Finance",Corporations,Banks,4000206967,25781309,Automatisk CVR import at 2016-03-12 17:51:39: ADM. DIR. i DLR Kredit (2015-05-01 - ).
Lars Hoegh Moeller,DLR Kredit,Vice chairman,Men,"Corporation, FINA, Banks, Finance",Corporations,Banks,4003947247,25781309,Automatisk CVR import at 2017-09-29 10:58:14: Lars Hoegh Moeller som naestformand i CVR 25781309 (2017-04-27 - NA).
Lars Petersson,DLR Kredit,Member,Men,"Corporation, FINA, Banks, Finance",Corporations,Banks,4004109879,25781309,Automatisk CVR import at 2016-03-12 17:51:40: BESTYRELSE i DLR Kredit (2002-04-26 - ).
Michael Jensen 25630,DLR Kredit,Executive,Men,"Corporation, FINA, Banks, Finance",Corporations,Banks,4004022847,25781309,Automatisk CVR import at 2016-03-12 17:51:39: DIREKTION i DLR Kredit (2015-01-01 - ).
Peter Gaemelke,DLR Kredit,Member,Men,"Corporation, FINA, Banks, Finance",Corporations,Banks,4000066429,25781309,Automatisk CVR import at 2016-03-12 17:51:39: BESTYRELSE i DLR Kredit (2001-04-09 - ).
Torben Henning Nielsen,DLR Kredit,Member,Men,"Corporation, FINA, Banks, Finance",Corporations,Banks,4000020918,25781309,Automatisk CVR import at 2016-03-12 17:51:39: BESTYRELSE i DLR Kredit (2002-04-26 - ).
Vagn Hansen 37198,DLR Kredit,Chairman,Men,"Corporation, FINA, Banks, Finance",Corporations,Banks,4000703207,25781309,Automatisk CVR import at 2016-03-12 17:51:39: formand i DLR Kredit (2010-04-20 - ).
Karen Froesig,DLR Kredit,Member,Women,"Corporation, FINA, Banks, Finance",Corporations,Banks,4003962787,25781309,Automatisk CVR import at 2016-03-12 17:51:39: BESTYRELSE i DLR Kredit (2013-04-22 - ).
Benoit Cavelier,Ekspres Bank,Chairman,Men,"Corporation, FINA, Banks, Finance",Corporations,Banks,4004295885,16917931,Automatisk CVR import at 2016-03-12 17:52:11: formand i Ekspres Bank (2014-10-02 - ).
Christophe Michel Stephane Jehan,Ekspres Bank,Chief executive,Men,"Corporation, FINA, Banks, Finance",Corporations,Banks,4006905541,16917931,Automatisk CVR import at 2017-09-29 08:47:35: Christophe Michel Stephane Jehan som direktoer i CVR 16917931 (2017-03-01 - NA).
Marc Feltesse,Ekspres Bank,Member,Men,"Corporation, FINA, Banks, Finance",Corporations,Banks,4006632197,16917931,Automatisk CVR import at 2017-09-29 08:47:35: Marc Feltesse som bestyrelsesmedlem i CVR 16917931 (2016-06-01 - NA).
Michael Ravbjerg Lundgaard,Ekspres Bank,Member,Men,"Corporation, FINA, Banks, Finance",Corporations,Banks,4004021510,16917931,Automatisk CVR import at 2016-03-12 17:52:10: BESTYRELSE i Ekspres Bank (2013-08-01 - ).
Pierre de Fontenay,Ekspres Bank,Member,Men,"Corporation, FINA, Banks, Finance",Corporations,Banks,4004304127,16917931,Automatisk CVR import at 2016-03-12 17:52:11: BESTYRELSE i Ekspres Bank (2014-10-02 - ).
Veronique Marie Therese Berthout,Ekspres Bank,Member,Women,"Corporation, FINA, Banks, Finance",Corporations,Banks,4004298720,16917931,Automatisk CVR import at 2016-03-12 17:52:11: BESTYRELSE i Ekspres Bank (2014-10-02 - ).
Anders Christen Obel,ERHVERVSINVEST MANAGEMENT A/S,Member,Men,"Corporation, Venture- og kapitalfonde, Finance",Corporations,Finance,4000205193,27444989,Automatisk CVR import at 2016-03-12 17:52:32: BESTYRELSE i ERHVERVSINVEST MANAGEMENT A/S (2004-02-27 - ).
Bjoern Hoei Jensen,ERHVERVSINVEST MANAGEMENT A/S,Vice chairman,Men,"Corporation, Venture- og kapitalfonde, Finance",Corporations,Finance,4003956849,27444989,Automatisk CVR import at 2016-03-12 17:52:32: naestformand i ERHVERVSINVEST MANAGEMENT A/S (2009-02-24 - ).
Finn Viggo Nielsen,ERHVERVSINVEST MANAGEMENT A/S,Member,Men,"Corporation, Venture- og kapitalfonde, Finance",Corporations,Finance,4000389693,27444989,Automatisk CVR import at 2016-03-12 17:52:32: BESTYRELSE i ERHVERVSINVEST MANAGEMENT A/S (2011-02-03 - ).
Henning Kruse Petersen,ERHVERVSINVEST MANAGEMENT A/S,Chairman,Men,"Corporation, Venture- og kapitalfonde, Finance",Corporations,Finance,1021390,27444989,Automatisk CVR import at 2016-03-12 17:52:32: formand i ERHVERVSINVEST MANAGEMENT A/S (2007-02-07 - ).
Soeren Dal Thomsen,ERHVERVSINVEST MANAGEMENT A/S,Member,Men,"Corporation, Venture- og kapitalfonde, Finance",Corporations,Finance,4004041548,27444989,Automatisk CVR import at 2016-03-12 17:52:32: BESTYRELSE i ERHVERVSINVEST MANAGEMENT A/S (2013-11-15 - ).
Thomas Marstrand,ERHVERVSINVEST MANAGEMENT A/S,Executive,Men,"Corporation, Venture- og kapitalfonde, Finance",Corporations,Finance,4000528217,27444989,Automatisk CVR import at 2016-03-12 17:52:32: DIREKTION i ERHVERVSINVEST MANAGEMENT A/S (2003-12-16 - ).
Joern Rosenmeier,EXECUTIVE CAPITAL A/S,Member,Men,"Corporation, Venture- og kapitalfonde, Finance",Corporations,Finance,4000112606,32658059,Automatisk CVR import at 2016-03-12 17:52:45: BESTYRELSESMEDLEM i EXECUTIVE CAPITAL A/S (2015-04-28 - ).
John Haue Damkjaer,EXECUTIVE CAPITAL A/S,Member,Men,"Corporation, Venture- og kapitalfonde, Finance",Corporations,Finance,4004161055,32658059,Automatisk CVR import at 2017-09-29 11:09:02: John Haue Damkjaer som bestyrelsesmedlem i CVR 32658059 (2017-04-06 - NA).
Michael Joergensen 50027,EXECUTIVE CAPITAL A/S,Chief executive,Men,"Corporation, Venture- og kapitalfonde, Finance",Corporations,Finance,4004185520,32658059,Automatisk CVR import at 2016-03-12 17:52:46: ADM. DIR. i EXECUTIVE CAPITAL A/S (2015-09-01 - ).
Niels Holger Poulsen,EXECUTIVE CAPITAL A/S,Chairman,Men,"Corporation, Venture- og kapitalfonde, Finance",Corporations,Finance,4000477431,32658059,Automatisk CVR import at 2016-03-12 17:52:46: formand i EXECUTIVE CAPITAL A/S (2009-12-18 - ).
Annemette Faerch,EXECUTIVE CAPITAL A/S,Member,Women,"Corporation, Venture- og kapitalfonde, Finance",Corporations,Finance,4000208527,32658059,Automatisk CVR import at 2017-09-29 11:09:02: Annemette Faerch som bestyrelsesmedlem i CVR 32658059 (2016-04-28 - NA).
Ejner Korsgaard Holst,FAGBEVAEGELSENS ERHVERVSINVESTERING A/S (Bestyrelse),Member,Men,"Corporation, Union controlled, Finance",Corporations,Finance,4004096014,29537860,Automatisk CVR import at 2016-03-12 17:52:56: BESTYRELSESMEDLEM i FAGBEVAEGELSENS ERHVERVSINVESTERING A/S (Bestyrelse) (2015-05-27 - ).
Ino Abraham Dimsits,FAGBEVAEGELSENS ERHVERVSINVESTERING A/S (Bestyrelse),Executive,Men,"Corporation, Union controlled, Finance",Corporations,Finance,4000757968,29537860,Automatisk CVR import at 2016-03-12 17:52:56: DIREKTION i FAGBEVAEGELSENS ERHVERVSINVESTERING A/S (Bestyrelse) (2006-05-19 - ).
Kim Simonsen,FAGBEVAEGELSENS ERHVERVSINVESTERING A/S (Bestyrelse),Member,Men,"Corporation, Union controlled, Finance",Corporations,Finance,4003956718,29537860,Automatisk CVR import at 2017-09-29 11:04:27: Kim Simonsen som bestyrelsesmedlem i CVR 29537860 (2017-05-17 - NA).
Per Christensen 29391,FAGBEVAEGELSENS ERHVERVSINVESTERING A/S (Bestyrelse),Member,Men,"Corporation, Union controlled, Finance",Corporations,Finance,4004093916,29537860,Automatisk CVR import at 2016-03-12 17:52:56: BESTYRELSESMEDLEM i FAGBEVAEGELSENS ERHVERVSINVESTERING A/S (Bestyrelse) (2015-05-11 - ).
Thorkild Engell Jensen,FAGBEVAEGELSENS ERHVERVSINVESTERING A/S (Bestyrelse),Chairman,Men,"Corporation, Union controlled, Finance",Corporations,Finance,4004010529,29537860,Automatisk CVR import at 2016-03-12 17:52:56: formand i FAGBEVAEGELSENS ERHVERVSINVESTERING A/S (Bestyrelse) (2010-05-31 - ).
Erik Daniel Eriksson,FIH Erhvervsbank,Member,Men,"Corporation, FINA, State corporation, Banks, Finance",Corporations,Banks,4004294709,17029312,Automatisk CVR import at 2016-03-12 17:53:09: BESTYRELSE i FIH Erhvervsbank (2011-01-06 - ).
Henrik Sjoegreen,FIH Erhvervsbank,Chief executive,Men,"Corporation, FINA, State corporation, Banks, Finance",Corporations,Banks,4004016961,17029312,Automatisk CVR import at 2016-03-12 17:53:08: adm. dir i FIH Erhvervsbank (2009-07-01 - ).
Henrik Tonsgaard Heideby,FIH Erhvervsbank,Vice chairman,Men,"Corporation, FINA, State corporation, Banks, Finance",Corporations,Banks,4003881046,17029312,Automatisk CVR import at 2016-03-12 17:53:08: naestformand i FIH Erhvervsbank (2011-03-15 - ).
Kent Pedersen,FIH Erhvervsbank,Member,Men,"Corporation, FINA, State corporation, Banks, Finance",Corporations,Banks,4003975003,17029312,Automatisk CVR import at 2016-03-12 17:53:08: BESTYRELSESMEDLEM i FIH Erhvervsbank (2015-03-05 - ).
Peter Nyegaard,FIH Erhvervsbank,Chairman,Men,"Corporation, FINA, State corporation, Banks, Finance",Corporations,Banks,4003980095,17029312,Automatisk CVR import at 2016-03-12 17:53:08: FORMAND i FIH Erhvervsbank (2015-03-05 - ).
Bendt Tido Hannibal Lensgreve Wedell,FINANSIEL STABILITET A/S,Member,Men,"Banks, Corporation, Finance, State corporation, Ministry of Business and Growth",Corporations,Banks,4000237899,30515145,Automatisk CVR import at 2017-09-29 11:05:51: Bendt Tido Hannibal Wedell som bestyrelsesmedlem i CVR 30515145 (2016-08-03 - NA).
Bent Naur,FINANSIEL STABILITET A/S,Vice chairman,Men,"Banks, Corporation, Finance, State corporation, Ministry of Business and Growth",Corporations,Banks,4003895397,30515145,Automatisk CVR import at 2016-03-12 17:53:10: naestformand i FINANSIEL STABILITET A/S (2013-04-23 - ).
Henrik Bjerre-Nielsen,FINANSIEL STABILITET A/S,Chief executive,Men,"Banks, Corporation, Finance, State corporation, Ministry of Business and Growth",Corporations,Banks,4003951935,30515145,Automatisk CVR import at 2016-03-12 17:53:10: adm. dir i FINANSIEL STABILITET A/S (2008-11-18 - ).
Peter Engberg Jensen,FINANSIEL STABILITET A/S,Chairman,Men,"Banks, Corporation, Finance, State corporation, Ministry of Business and Growth",Corporations,Banks,4000769847,30515145,Automatisk CVR import at 2016-03-12 17:53:10: FORMAND i FINANSIEL STABILITET A/S (2015-04-07 - ).
Ulrik Rammeskow Bang-Pedersen,FINANSIEL STABILITET A/S,Member,Men,"Banks, Corporation, Finance, State corporation, Ministry of Business and Growth",Corporations,Banks,4000517419,30515145,Automatisk CVR import at 2017-09-29 11:05:51: Ulrik Rammeskow Bang-Pedersen som bestyrelsesmedlem i CVR 30515145 (2016-08-03 - NA).
Anne Louise Eberhard 1608,FINANSIEL STABILITET A/S,Member,Women,"Banks, Corporation, Finance, State corporation, Ministry of Business and Growth",Corporations,Banks,4003844028,30515145,Automatisk CVR import at 2017-09-29 11:05:51: Anne Louise Eberhard som bestyrelsesmedlem i CVR 30515145 (2016-08-03 - NA).
Bente Overgaard,FINANSIEL STABILITET A/S,Member,Women,"Banks, Corporation, Finance, State corporation, Ministry of Business and Growth",Corporations,Banks,4000400707,30515145,Automatisk CVR import at 2017-09-29 11:05:51: Bente Overgaard som bestyrelsesmedlem i CVR 30515145 (2016-08-03 - NA).
Nina Dietz Legind,FINANSIEL STABILITET A/S,Member,Women,"Banks, Corporation, Finance, State corporation, Ministry of Business and Growth",Corporations,Banks,4004081290,30515145,Automatisk CVR import at 2016-03-12 17:53:10: BESTYRELSESMEDLEM i FINANSIEL STABILITET A/S (2015-04-07 - ).
Benny Soerensen,Fonden for Andelskasserne i omraade Nord,Member,Men,"Banks, Business, Foundation",Foundations,Banks,4000228385,33650248,Automatisk CVR import at 2017-09-29 11:10:05: Benny Soerensen som bestyrelsesmedlem i CVR 33650248 (2016-11-29 - NA).
Henrik Olsson Dalum,Fonden for Andelskasserne i omraade Nord,Vice chairman,Men,"Banks, Business, Foundation",Foundations,Banks,4000725497,33650248,Automatisk CVR import at 2017-09-29 11:10:05: Henrik Olsson Dalum som naestformand i CVR 33650248 (2017-07-06 - NA).
Jan Pedersen 14710,Fonden for Andelskasserne i omraade Nord,Member,Men,"Banks, Business, Foundation",Foundations,Banks,4004120430,33650248,Automatisk CVR import at 2017-09-29 11:10:05: Jan Pedersen som bestyrelsesmedlem i CVR 33650248 (2016-09-23 - NA).
Knud Valdemar Gaarn-Larsen,Fonden for Andelskasserne i omraade Nord,Chairman,Men,"Banks, Business, Foundation",Foundations,Banks,4004175913,33650248,Automatisk CVR import at 2017-09-29 11:10:05: Knud Valdemar Gaarn-Larsen som formand i CVR 33650248 (2017-07-06 - NA).
Michael Uhrskov Knudsen,Fonden for Andelskasserne i omraade Nord,Member,Men,"Banks, Business, Foundation",Foundations,Banks,4006727369,33650248,Automatisk CVR import at 2017-09-29 11:10:05: Michael Uhrskov Knudsen som bestyrelsesmedlem i CVR 33650248 (2017-07-06 - NA).
Mikael Nielsen,Fonden for Andelskasserne i omraade Nord,Member,Men,"Banks, Business, Foundation",Foundations,Banks,4006726305,33650248,Automatisk CVR import at 2017-09-29 11:10:05: Mikael Nielsen som bestyrelsesmedlem i CVR 33650248 (2017-07-06 - NA).
Soeren Anker Soerensen 195445,Fonden for Andelskasserne i omraade Nord,Member,Men,"Banks, Business, Foundation",Foundations,Banks,4000095132,33650248,Automatisk CVR import at 2017-09-29 11:10:05: Soeren Anker Soerensen som bestyrelsesmedlem i CVR 33650248 (2017-07-06 - NA).
Tage Malling,Fonden for Andelskasserne i omraade Nord,Member,Men,"Banks, Business, Foundation",Foundations,Banks,4004163744,33650248,Automatisk CVR import at 2017-09-29 11:10:05: Tage Malling som bestyrelsesmedlem i CVR 33650248 (2017-07-06 - NA).
Ann Kongensgaard,Fonden for Andelskasserne i omraade Nord,Member,Women,"Banks, Business, Foundation",Foundations,Banks,4004167840,33650248,Automatisk CVR import at 2017-09-29 11:10:05: Ann Merete Kongensgaard som bestyrelsesmedlem i CVR 33650248 (2017-07-06 - NA).
Britta Rytter Eriksen,Fonden for Andelskasserne i omraade Nord,Member,Women,"Banks, Business, Foundation",Foundations,Banks,4006549781,33650248,Automatisk CVR import at 2017-09-29 11:10:05: Britta Rytter Eriksen som bestyrelsesmedlem i CVR 33650248 (2017-07-06 - NA).
Charlotte Kuhr Jokumsen,Fonden for Andelskasserne i omraade Nord,Member,Women,"Banks, Business, Foundation",Foundations,Banks,4006727349,33650248,Automatisk CVR import at 2017-09-29 11:10:05: Charlotte Kuhr Jokumsen som bestyrelsesmedlem i CVR 33650248 (2017-07-06 - NA).
Claus Brink,Fonden for Andelskasserne i omraade Syd,Member,Men,"Banks, Business, Foundation",Foundations,Banks,4006727456,33650272,Automatisk CVR import at 2017-11-09 15:59:32: Claus Brink som bestyrelsesmedlem i CVR 33650272 (2017-05-30 - NA).
Ebbe Junker Moeller,Fonden for Andelskasserne i omraade Syd,Member,Men,"Banks, Business, Foundation",Foundations,Banks,4004152200,33650272,Automatisk CVR import at 2016-03-12 17:46:24: BESTYRELSE i ANDELSKASSEN FYNS FOND (2011-10-14 - ).
Finn Hartung Vilhelmsen,Fonden for Andelskasserne i omraade Syd,Chairman,Men,"Banks, Business, Foundation",Foundations,Banks,4000156010,33650272,Automatisk CVR import at 2016-03-12 17:46:24: formand i ANDELSKASSEN FYNS FOND (2011-05-17 - ).
Finn Jeppe Nielsen,Fonden for Andelskasserne i omraade Syd,Member,Men,"Banks, Business, Foundation",Foundations,Banks,4003993924,33650272,Automatisk CVR import at 2016-03-12 17:46:24: BESTYRELSE i ANDELSKASSEN FYNS FOND (2011-05-17 - ).
Finn Ladegaard,Fonden for Andelskasserne i omraade Syd,Chairman,Men,"Banks, Business, Foundation",Foundations,Banks,4006726306,33650272,Automatisk CVR import at 2017-11-09 15:59:32: Finn Weis Ladegaard som formand i CVR 33650272 (2017-07-06 - NA).
Ib Martin Ibsen,Fonden for Andelskasserne i omraade Syd,Member,Men,"Banks, Business, Foundation",Foundations,Banks,4003995990,33650272,Automatisk CVR import at 2017-11-09 15:59:32: Ib Martin Ibsen som bestyrelsesmedlem i CVR 33650272 (2016-06-29 - NA).
Joergen Gammelgaard Jensen,Fonden for Andelskasserne i omraade Syd,Member,Men,"Banks, Business, Foundation",Foundations,Banks,4006727357,33650272,Automatisk CVR import at 2017-11-09 15:59:32: Joergen Gammelgaard Jensen som bestyrelsesmedlem i CVR 33650272 (2017-07-06 - NA).
Joern Hjalmar Andersen,Fonden for Andelskasserne i omraade Syd,Member,Men,"Banks, Business, Foundation",Foundations,Banks,4004137426,33650272,Automatisk CVR import at 2017-11-09 15:59:32: Joern Hjalmar Andersen som bestyrelsesmedlem i CVR 33650272 (2017-10-25 - NA).
Kenneth Poulsen Rasmussen,Fonden for Andelskasserne i omraade Syd,Member,Men,"Banks, Business, Foundation",Foundations,Banks,4000354007,33650272,Automatisk CVR import at 2017-11-09 15:59:32: Kenneth Poulsen Rasmussen som bestyrelsesmedlem i CVR 33650272 (2017-07-06 - NA).
Mikael Skov 195442,Fonden for Andelskasserne i omraade Syd,Vice chairman,Men,"Banks, Business, Foundation",Foundations,Banks,4006418672,33650272,Automatisk CVR import at 2017-11-09 15:59:32: Mikael Skov som naestformand i CVR 33650272 (2017-07-06 - NA).
Morten Valentin Nielsen,Fonden for Andelskasserne i omraade Syd,Member,Men,"Banks, Business, Foundation",Foundations,Banks,4000356726,33650272,Automatisk CVR import at 2017-11-09 15:59:32: Morten Valentin Nielsen som bestyrelsesmedlem i CVR 33650272 (2017-07-06 - NA).
Steen Staffeldt,Fonden for Andelskasserne i omraade Syd,Member,Men,"Banks, Business, Foundation",Foundations,Banks,4000346154,33650272,Automatisk CVR import at 2016-03-12 17:46:24: BESTYRELSESMEDLEM i ANDELSKASSEN FYNS FOND (2015-10-09 - ).
Svend Clausen,Fonden for Andelskasserne i omraade Syd,Member,Men,"Banks, Business, Foundation",Foundations,Banks,4000646855,33650272,Automatisk CVR import at 2017-11-09 15:59:32: Svend Clausen som bestyrelsesmedlem i CVR 33650272 (2017-07-06 - NA).
Tomas Michael Jensen,Fonden for Andelskasserne i omraade Syd,Member,Men,"Banks, Business, Foundation",Foundations,Banks,4004134119,33650272,Automatisk CVR import at 2017-11-09 15:59:32: Tomas Michael Jensen som bestyrelsesmedlem i CVR 33650272 (2016-09-23 - NA).
Bodil Henneberg,Fonden for Andelskasserne i omraade Syd,Member,Women,"Banks, Business, Foundation",Foundations,Banks,4003940909,33650272,Automatisk CVR import at 2017-11-09 15:59:32: Bodil Henneberg som bestyrelsesmedlem i CVR 33650272 (2017-07-06 - NA).
Else OEstergaard Andersen,Fonden for Andelskasserne i omraade Syd,Member,Women,"Banks, Business, Foundation",Foundations,Banks,4000522416,33650272,Automatisk CVR import at 2017-11-09 15:59:32: Else Andersen som bestyrelsesmedlem i CVR 33650272 (2017-07-06 - NA).
Helle Baeklund Eriksen,Fonden for Andelskasserne i omraade Syd,Member,Women,"Banks, Business, Foundation",Foundations,Banks,4004052047,33650272,Automatisk CVR import at 2016-03-12 17:46:24: BESTYRELSESMEDLEM i ANDELSKASSEN FYNS FOND (2015-03-26 - ).
Lona Elisabeth Linding,Fonden for Andelskasserne i omraade Syd,Member,Women,"Banks, Business, Foundation",Foundations,Banks,4004138691,33650272,Automatisk CVR import at 2017-11-09 15:59:32: Lona Elisabeth Linding som bestyrelsesmedlem i CVR 33650272 (2016-11-29 - NA).
Hans Sandager,FONDEN FOR BROERUP SPAREKASSE,Member,Men,"Foundation, Finance, Banks",Foundations,Banks,4000165873,33255691,Automatisk CVR import at 2016-03-12 17:54:05: BESTYRELSE i FONDEN FOR BROERUP SPAREKASSE (2010-10-18 - ).
Jacob Wissum,FONDEN FOR BROERUP SPAREKASSE,Member,Men,"Foundation, Finance, Banks",Foundations,Banks,4004117006,33255691,Automatisk CVR import at 2016-03-12 17:54:05: BESTYRELSE i FONDEN FOR BROERUP SPAREKASSE (2012-10-01 - ).
Leif Dambo Jensen,FONDEN FOR BROERUP SPAREKASSE,Member,Men,"Foundation, Finance, Banks",Foundations,Banks,4000215671,33255691,Automatisk CVR import at 2016-03-12 17:54:05: BESTYRELSE i FONDEN FOR BROERUP SPAREKASSE (2010-10-18 - ).
Rasmus Hagstad Lund,FONDEN FOR BROERUP SPAREKASSE,Member,Men,"Foundation, Finance, Banks",Foundations,Banks,4004108336,33255691,Automatisk CVR import at 2016-03-12 17:54:05: BESTYRELSE i FONDEN FOR BROERUP SPAREKASSE (2012-10-01 - ).
Thomas Julian Gravers,FONDEN FOR BROERUP SPAREKASSE,Chairman,Men,"Foundation, Finance, Banks",Foundations,Banks,4000682880,33255691,Automatisk CVR import at 2016-03-12 17:54:05: formand i FONDEN FOR BROERUP SPAREKASSE (2013-01-16 - ).
Arne Robert Bindslev,FONDEN FOR SPAREKASSEN HIMMERLAND,Chairman,Men,"Foundation, Corporation, Banks",Foundations,Banks,4000094968,29935637,Automatisk CVR import at 2016-03-12 17:54:20: formand i FONDEN FOR SPAREKASSEN HIMMERLAND (2012-08-20 - ).
Henrik Soerensen 12848,FONDEN FOR SPAREKASSEN HIMMERLAND,Member,Men,"Foundation, Corporation, Banks",Foundations,Banks,4003860206,29935637,Automatisk CVR import at 2017-09-29 11:05:00: Henrik Soerensen som bestyrelsesmedlem i CVR 29935637 (2016-04-11 - NA).
Jesper Bo Thorup Nielsen,FONDEN FOR SPAREKASSEN HIMMERLAND,Member,Men,"Foundation, Corporation, Banks",Foundations,Banks,4000308915,29935637,Automatisk CVR import at 2016-03-12 17:54:21: BESTYRELSE i FONDEN FOR SPAREKASSEN HIMMERLAND (2006-10-10 - ).
Lars Buus,FONDEN FOR SPAREKASSEN HIMMERLAND,Member,Men,"Foundation, Corporation, Banks",Foundations,Banks,4003842156,29935637,Automatisk CVR import at 2016-03-12 17:54:21: BESTYRELSE i FONDEN FOR SPAREKASSEN HIMMERLAND (2012-08-20 - ).
Lars Tolborg,FONDEN FOR SPAREKASSEN HIMMERLAND,Member,Men,"Foundation, Corporation, Banks",Foundations,Banks,4000051596,29935637,Automatisk CVR import at 2017-09-29 11:05:00: Lars Tolborg som bestyrelsesmedlem i CVR 29935637 (2016-04-11 - NA).
Helle Aagaard Simonsen,FONDEN FOR SPAREKASSEN HIMMERLAND,Member,Women,"Foundation, Corporation, Banks",Foundations,Banks,4000068509,29935637,Automatisk CVR import at 2016-03-12 17:54:20: BESTYRELSE i FONDEN FOR SPAREKASSEN HIMMERLAND (2013-04-16 - ).
Mogens Fransen,FONDEN FOR SPAREKASSEN HVETBO,Chairman,Men,"Foundation, Corporation, Banks",Foundations,Banks,4004139829,30695992,Automatisk CVR import at 2016-03-12 17:54:21: formand i FONDEN FOR SPAREKASSEN HVETBO (2010-10-12 - ).
Niels Christian Hem,FONDEN FOR SPAREKASSEN HVETBO,Vice chairman,Men,"Foundation, Corporation, Banks",Foundations,Banks,4000517642,30695992,Automatisk CVR import at 2016-03-12 17:54:21: naestformand i FONDEN FOR SPAREKASSEN HVETBO (2012-11-23 - ).
Tonni Studsbjerg,FONDEN FOR SPAREKASSEN HVETBO,Member,Men,"Foundation, Corporation, Banks",Foundations,Banks,4003994599,30695992,Automatisk CVR import at 2016-03-12 17:54:21: BESTYRELSE i FONDEN FOR SPAREKASSEN HVETBO (2011-10-26 - ).
Mette Lindhardt 49732,FONDEN FOR SPAREKASSEN HVETBO,Member,Women,"Foundation, Corporation, Banks",Foundations,Banks,4000284256,30695992,Automatisk CVR import at 2016-03-12 17:54:21: BESTYRELSE i FONDEN FOR SPAREKASSEN HVETBO (2012-11-23 - ).
Arne Knudsen,FONDEN FOR SVENDBORG SPAREKASSE,Member,Men,"Foundation, Corporation, Banks",Foundations,Banks,4003938472,26192781,Automatisk CVR import at 2016-03-12 17:54:21: BESTYRELSESMEDLEM i FONDEN FOR SVENDBORG SPAREKASSE (2015-03-19 - ).
Finn Boel Pedersen,FONDEN FOR SVENDBORG SPAREKASSE,Member,Men,"Foundation, Corporation, Banks",Foundations,Banks,4000732588,26192781,Automatisk CVR import at 2017-09-29 10:59:10: Finn Boel Pedersen som bestyrelsesmedlem i CVR 26192781 (2017-03-23 - NA).
Flemming Jesper Schmidt,FONDEN FOR SVENDBORG SPAREKASSE,Member,Men,"Foundation, Corporation, Banks",Foundations,Banks,4003929095,26192781,Automatisk CVR import at 2016-03-12 17:54:21: BESTYRELSE i FONDEN FOR SVENDBORG SPAREKASSE (2013-01-07 - ).
Jens Heimburger 15344,FONDEN FOR SVENDBORG SPAREKASSE,Member,Men,"Foundation, Corporation, Banks",Foundations,Banks,4000461099,26192781,Automatisk CVR import at 2016-03-12 17:54:21: BESTYRELSESMEDLEM i FONDEN FOR SVENDBORG SPAREKASSE (2015-08-19 - ).
Kristoffer Martin Rosenkaer Marchmann,FONDEN FOR SVENDBORG SPAREKASSE,Member,Men,"Foundation, Corporation, Banks",Foundations,Banks,4000717327,26192781,Automatisk CVR import at 2017-09-29 10:59:10: Kristoffer Martin Rosenkaer Marchmann som bestyrelsesmedlem i CVR 26192781 (2017-03-23 - NA).
Uffe Strandby,FONDEN FOR SVENDBORG SPAREKASSE,Chairman,Men,"Foundation, Corporation, Banks",Foundations,Banks,4004136872,26192781,Automatisk CVR import at 2016-03-12 17:54:22: formand i FONDEN FOR SVENDBORG SPAREKASSE (2013-01-07 - ).
Denis Rasmussen,FONDEN PENSION FOR SELVSTAENDIGE (FPFS),Member,Men,"Foundation, Pensions, Finance, Selfemployed",Foundations,Pension,4000376385,14854134,Automatisk CVR import at 2016-03-12 17:55:11: BESTYRELSESMEDLEM i FONDEN PENSION FOR SELVSTAENDIGE (FPFS) (2015-06-10 - ).
Flemming Munck,FONDEN PENSION FOR SELVSTAENDIGE (FPFS),Member,Men,"Foundation, Pensions, Finance, Selfemployed",Foundations,Pension,4000315994,14854134,Automatisk CVR import at 2017-09-29 08:44:08: Flemming Peter Munck som bestyrelsesmedlem i CVR 14854134 (2017-01-01 - NA).
Lars Joergen Nielsen 21638,FONDEN PENSION FOR SELVSTAENDIGE (FPFS),Chairman,Men,"Foundation, Pensions, Finance, Selfemployed",Foundations,Pension,4000771501,14854134,Automatisk CVR import at 2016-03-12 17:55:11: formand i FONDEN PENSION FOR SELVSTAENDIGE (FPFS) (2007-07-01 - ).
Lars Kvistskov Larsen,FONDEN PENSION FOR SELVSTAENDIGE (FPFS),Executive,Men,"Foundation, Pensions, Finance, Selfemployed",Foundations,Pension,4003908521,14854134,Automatisk CVR import at 2016-03-12 17:55:11: DIREKTION i FONDEN PENSION FOR SELVSTAENDIGE (FPFS) (2012-05-29 - ).
Michael Loevbjerg Ancher,FONDEN PENSION FOR SELVSTAENDIGE (FPFS),Member,Men,"Foundation, Pensions, Finance, Selfemployed",Foundations,Pension,4000624250,14854134,Automatisk CVR import at 2017-09-29 08:44:08: Michael Loevbjerg Ancher som bestyrelsesmedlem i CVR 14854134 (2017-01-01 - NA).
Niels Joergen Hansen 27491,FONDEN PENSION FOR SELVSTAENDIGE (FPFS),Member,Men,"Foundation, Pensions, Finance, Selfemployed",Foundations,Pension,4003962190,14854134,Automatisk CVR import at 2016-03-12 17:55:11: BESTYRELSE i FONDEN PENSION FOR SELVSTAENDIGE (FPFS) (2012-02-07 - ).
Niels Peter Techen Nielsen,FONDEN PENSION FOR SELVSTAENDIGE (FPFS),Member,Men,"Foundation, Pensions, Finance, Selfemployed",Foundations,Pension,4003970198,14854134,Automatisk CVR import at 2016-03-12 17:55:11: BESTYRELSE i FONDEN PENSION FOR SELVSTAENDIGE (FPFS) (2010-07-01 - ).
Tommy Sten Flemming Knudsen,FONDEN PENSION FOR SELVSTAENDIGE (FPFS),Member,Men,"Foundation, Pensions, Finance, Selfemployed",Foundations,Pension,4004018769,14854134,Automatisk CVR import at 2016-03-12 17:55:11: BESTYRELSE i FONDEN PENSION FOR SELVSTAENDIGE (FPFS) (2012-02-07 - ).
Ane Buch,FONDEN PENSION FOR SELVSTAENDIGE (FPFS),Member,Women,"Foundation, Pensions, Finance, Selfemployed",Foundations,Pension,4004010906,14854134,Automatisk CVR import at 2016-03-12 17:55:11: BESTYRELSE i FONDEN PENSION FOR SELVSTAENDIGE (FPFS) (2009-09-01 - ).
Birthe Marie Jensen,FONDEN PENSION FOR SELVSTAENDIGE (FPFS),Member,Women,"Foundation, Pensions, Finance, Selfemployed",Foundations,Pension,4000265649,14854134,Automatisk CVR import at 2017-09-29 08:44:08: Birthe Marie Jensen som bestyrelsesmedlem i CVR 14854134 (2017-01-01 - NA).
Carsten Tang,Forca A/S (Bestyrelse),Executive,Men,"Corporation, Pensions",Corporations,Pension,NA,29850550,IT-direktoer
Marc Collignon,Forca A/S (Bestyrelse),Executive,Men,"Corporation, Pensions",Corporations,Pension,NA,29850550,Finansdirektoer
Paul Brüniche-Olsen,Forca A/S (Bestyrelse),Member,Men,"Corporation, Pensions",Corporations,Pension,4003963540,29850550,NA
Peter Damgaard Jensen,Forca A/S (Bestyrelse),Vice chairman,Men,"Corporation, Pensions",Corporations,Pension,4000274323,29850550,NA
Peter Falkenham,Forca A/S (Bestyrelse),Chairman,Men,"Corporation, Pensions",Corporations,Pension,4003944564,29850550,Automatisk CVR import at 2017-11-09 15:51:54: Peter Falkenham som formand i CVR 29850550 (2017-08-15 - NA).
Peter Rosendahl,Forca A/S (Bestyrelse),Member,Men,"Corporation, Pensions",Corporations,Pension,4004038633,29850550,NA
Steen Gram-Hanssen,Forca A/S (Bestyrelse),Chief executive,Men,"Corporation, Pensions",Corporations,Pension,4004047558,29850550,"CEO
"
Sune Adam W. A. Schackenfeldt,Forca A/S (Bestyrelse),Member,Men,"Corporation, Pensions",Corporations,Pension,4004058960,29850550,NA
Lene Mortensen,Forca A/S (Bestyrelse),Executive,Women,"Corporation, Pensions",Corporations,Pension,NA,29850550,Forretningsdirektoer
Flemming dal Cortivo,FORSIKRINGS-AKTIESELSKABET ALKA,Member,Men,"Corporation, Insurance",Corporations,Insurance,4006916804,31452317,Automatisk CVR import at 2017-09-29 11:07:23: Flemming Dal Cortivo som bestyrelsesmedlem i CVR 31452317 (2017-03-29 - NA).
Henrik Groenborg,FORSIKRINGS-AKTIESELSKABET ALKA,Chief executive,Men,"Corporation, Insurance",Corporations,Insurance,4004016607,31452317,Automatisk CVR import at 2017-09-29 11:07:22: Henrik Groenborg som adm. dir. i CVR 31452317 (2016-07-01 - NA).
Jens Olof Henriksson,FORSIKRINGS-AKTIESELSKABET ALKA,Member,Men,"Corporation, Insurance",Corporations,Insurance,4004305668,31452317,Automatisk CVR import at 2016-03-12 17:56:01: BESTYRELSE i FORSIKRINGS-AKTIESELSKABET ALKA (2014-03-26 - ).
Kim Eged Poulsen,FORSIKRINGS-AKTIESELSKABET ALKA,Member,Men,"Corporation, Insurance",Corporations,Insurance,4004158172,31452317,Automatisk CVR import at 2016-03-12 17:56:01: BESTYRELSE i FORSIKRINGS-AKTIESELSKABET ALKA (2006-04-05 - ).
Kim Simonsen,FORSIKRINGS-AKTIESELSKABET ALKA,Chairman,Men,"Corporation, Insurance",Corporations,Insurance,4003956718,31452317,Automatisk CVR import at 2016-03-12 17:56:00: formand i FORSIKRINGS-AKTIESELSKABET ALKA (2008-03-26 - ).
Peter Vajse,FORSIKRINGS-AKTIESELSKABET ALKA,Member,Men,"Corporation, Insurance",Corporations,Insurance,4004191471,31452317,Automatisk CVR import at 2016-03-12 17:56:01: BESTYRELSE i FORSIKRINGS-AKTIESELSKABET ALKA (2014-03-26 - ).
Soeren Buur Heisel,FORSIKRINGS-AKTIESELSKABET ALKA,Member,Men,"Corporation, Insurance",Corporations,Insurance,4003954036,31452317,Automatisk CVR import at 2016-03-12 17:56:00: BESTYRELSE i FORSIKRINGS-AKTIESELSKABET ALKA (2014-03-26 - ).
Torben Poulsen 36397,FORSIKRINGS-AKTIESELSKABET ALKA,Member,Men,"Corporation, Insurance",Corporations,Insurance,4004115262,31452317,Automatisk CVR import at 2016-03-12 17:56:01: BESTYRELSE i FORSIKRINGS-AKTIESELSKABET ALKA (2006-04-05 - ).
Helle Lizette Risgaard,FORSIKRINGS-AKTIESELSKABET ALKA,Member,Women,"Corporation, Insurance",Corporations,Insurance,4004079182,31452317,Automatisk CVR import at 2016-03-12 17:56:01: BESTYRELSE i FORSIKRINGS-AKTIESELSKABET ALKA (2008-03-26 - ).
Ulla Soerensen,FORSIKRINGS-AKTIESELSKABET ALKA,Vice chairman,Women,"Corporation, Insurance",Corporations,Insurance,4004158169,31452317,Automatisk CVR import at 2016-03-12 17:56:01: naestformand i FORSIKRINGS-AKTIESELSKABET ALKA (2008-03-26 - ).
Ulrikke Ekelund,FORSIKRINGS-AKTIESELSKABET ALKA,Member,Women,"Corporation, Insurance",Corporations,Insurance,4004064762,31452317,Automatisk CVR import at 2017-09-29 11:07:22: Ulrikke Ekelund som bestyrelsesmedlem i CVR 31452317 (2017-03-29 - NA).
Axel Wejse Lodberg,GF FONDEN,Member,Men,"Foundation, Corporation, Insurance",Foundations,Insurance,4000263504,32090265,Automatisk CVR import at 2016-03-12 17:56:35: BESTYRELSE i GF FONDEN (2012-03-28 - ).
Ejler Arne Jansen,GF FONDEN,Chairman,Men,"Foundation, Corporation, Insurance",Foundations,Insurance,4003880242,32090265,Automatisk CVR import at 2016-03-12 17:56:35: formand i GF FONDEN (2009-03-30 - ).
Jens Joergen Vinther 15447,GF FONDEN,Vice chairman,Men,"Foundation, Corporation, Insurance",Foundations,Insurance,4004017524,32090265,Automatisk CVR import at 2017-09-29 11:08:29: Jens Joergen Vinther som naestformand i CVR 32090265 (2016-04-30 - NA).
Joergen Krogh Kristoffersen,GF FONDEN,Member,Men,"Foundation, Corporation, Insurance",Foundations,Insurance,4000418490,32090265,Automatisk CVR import at 2017-09-29 11:08:29: Joergen Krogh Kristoffersen som bestyrelsesmedlem i CVR 32090265 (2017-04-29 - NA).
Ove Christiansen 197491,GF FONDEN,Member,Men,"Foundation, Corporation, Insurance",Foundations,Insurance,4004076218,32090265,Automatisk CVR import at 2017-09-29 11:08:29: Ove Christiansen som bestyrelsesmedlem i CVR 32090265 (2017-04-29 - NA).
Vagn Boerge Lauridsen,GF FONDEN,Member,Men,"Foundation, Corporation, Insurance",Foundations,Insurance,4003964236,32090265,Automatisk CVR import at 2017-09-29 11:08:29: Vagn Boerge Lauridsen som bestyrelsesmedlem i CVR 32090265 (2016-04-30 - NA).
Else-Marie Pedersen Horn,GF FONDEN,Member,Women,"Foundation, Corporation, Insurance",Foundations,Insurance,4004024107,32090265,Automatisk CVR import at 2016-03-12 17:56:36: BESTYRELSE i GF FONDEN (2009-03-30 - ).
Pia Soegaard-Nielsen,GF FONDEN,Member,Women,"Foundation, Corporation, Insurance",Foundations,Insurance,4003943563,32090265,Automatisk CVR import at 2016-03-12 17:56:36: BESTYRELSE i GF FONDEN (2009-09-10 - ).
Bjarne Toftlund,GF Forsikring,Chief executive,Men,"Corporation, FINA, Insurance, Finance",Corporations,Insurance,4004005088,26231418,Automatisk CVR import at 2016-03-12 17:56:37: DIREKTOER i GF Forsikring (2015-08-01 - ).
Carsten Egevang Nielsen,GF Forsikring,Vice chairman,Men,"Corporation, FINA, Insurance, Finance",Corporations,Insurance,4004036873,26231418,Automatisk CVR import at 2016-03-12 17:56:37: naestformand i GF Forsikring (2014-04-26 - ).
Caspar Rose 49113,GF Forsikring,Member,Men,"Corporation, FINA, Insurance, Finance",Corporations,Insurance,4000382923,26231418,Automatisk CVR import at 2016-03-12 17:56:36: BESTYRELSESMEDLEM i GF Forsikring (2015-04-25 - ).
Gunnar Hansen 10261,GF Forsikring,Chairman,Men,"Corporation, FINA, Insurance, Finance",Corporations,Insurance,4004132134,26231418,Automatisk CVR import at 2016-03-12 17:56:37: formand i GF Forsikring (2014-04-26 - ).
Jens-Peter Riis Jensen,GF Forsikring,Member,Men,"Corporation, FINA, Insurance, Finance",Corporations,Insurance,4000515627,26231418,Automatisk CVR import at 2016-03-12 17:56:36: BESTYRELSE i GF Forsikring (2012-02-07 - ).
Jesper Mortensen 16279,GF Forsikring,Chief executive,Men,"Corporation, FINA, Insurance, Finance",Corporations,Insurance,4006265021,26231418,Automatisk CVR import at 2016-03-12 17:56:37: ADM. DIR. i GF Forsikring (2015-08-01 - ).
Kim Hans Pedersen,GF Forsikring,Member,Men,"Corporation, FINA, Insurance, Finance",Corporations,Insurance,4004186165,26231418,Automatisk CVR import at 2017-09-29 10:59:15: Kim Hans Pedersen som bestyrelsesmedlem i CVR 26231418 (2017-04-29 - NA).
Knud Ove Nielsen,GF Forsikring,Member,Men,"Corporation, FINA, Insurance, Finance",Corporations,Insurance,4003964043,26231418,Automatisk CVR import at 2016-03-12 17:56:37: BESTYRELSE i GF Forsikring (2011-04-30 - ).
Mattias Hasselbalch-Holm Andersen,GF Forsikring,Member,Men,"Corporation, FINA, Insurance, Finance",Corporations,Insurance,4004186814,26231418,Automatisk CVR import at 2016-03-12 17:56:37: BESTYRELSESMEDLEM i GF Forsikring (2015-04-25 - ).
Michael Valentin Holm,GF Forsikring,Member,Men,"Corporation, FINA, Insurance, Finance",Corporations,Insurance,4004172715,26231418,Automatisk CVR import at 2016-03-12 17:56:37: BESTYRELSE i GF Forsikring (2014-04-26 - ).
Morten Jensen 49114,GF Forsikring,Member,Men,"Corporation, FINA, Insurance, Finance",Corporations,Insurance,4000693263,26231418,Automatisk CVR import at 2016-03-12 17:56:36: BESTYRELSE i GF Forsikring (2013-04-20 - ).
Karen Skjoett Johansen,GF Forsikring,Member,Women,"Corporation, FINA, Insurance, Finance",Corporations,Insurance,4006191955,26231418,Automatisk CVR import at 2016-03-12 17:56:37: BESTYRELSESMEDLEM i GF Forsikring (2015-04-25 - ).
Frank Gülnar Jensen,Greystone Capital,Member,Men,"Corporation, FINA, Finance",Corporations,Finance,4004004885,30610709,Automatisk CVR import at 2016-03-12 17:56:53: BESTYRELSE i Greystone Capital (2007-06-13 - ).
Henrik Lund Dal,Greystone Capital,Chairman,Men,"Corporation, FINA, Finance",Corporations,Finance,4003831298,30610709,Automatisk CVR import at 2016-03-12 17:56:53: formand i Greystone Capital (2007-06-13 - ).
Per Gullestrup,Greystone Capital,Member,Men,"Corporation, FINA, Finance",Corporations,Finance,4004052946,30610709,Automatisk CVR import at 2016-03-12 17:56:53: BESTYRELSE i Greystone Capital (2013-11-18 - ).
Thomas Nederby Svenningsen,Greystone Capital,Chief executive,Men,"Corporation, FINA, Finance",Corporations,Finance,4004054003,30610709,Automatisk CVR import at 2016-03-12 17:56:53: adm. dir i Greystone Capital (2007-07-04 - ).
Claus Erik Hald,IBM PENSIONSFOND (PENSIONSKASSE),Member,Men,"Foundation, Pensions",Foundations,Pension,4004176868,85752715,Automatisk CVR import at 2016-03-12 17:58:07: BESTYRELSE i IBM PENSIONSFOND (PENSIONSKASSE) (2014-04-11 - ).
Henrik Liebetrau,IBM PENSIONSFOND (PENSIONSKASSE),Member,Men,"Foundation, Pensions",Foundations,Pension,4004012675,85752715,Automatisk CVR import at 2016-03-12 17:58:06: BESTYRELSE i IBM PENSIONSFOND (PENSIONSKASSE) (2014-10-01 - ).
Jens Holm Nielsen,IBM PENSIONSFOND (PENSIONSKASSE),Other role,Men,"Foundation, Pensions",Foundations,Pension,4004015223,85752715,Automatisk CVR import at 2016-03-12 17:58:06: PERSONLIG_SUPPLEANT i IBM PENSIONSFOND (PENSIONSKASSE) (2013-04-17 - ).
Jens-Erik von Munthe af Morgenstierne Dam,IBM PENSIONSFOND (PENSIONSKASSE),Executive,Men,"Foundation, Pensions",Foundations,Pension,4004171970,85752715,Automatisk CVR import at 2016-03-12 17:58:07: DIREKTION i IBM PENSIONSFOND (PENSIONSKASSE) (2011-05-01 - ).
Kai Adelhorst,IBM PENSIONSFOND (PENSIONSKASSE),Member,Men,"Foundation, Pensions",Foundations,Pension,4004092958,85752715,Automatisk CVR import at 2016-03-12 17:58:06: BESTYRELSE i IBM PENSIONSFOND (PENSIONSKASSE) (2003-05-22 - ).
Lars Stanley Nielsen,IBM PENSIONSFOND (PENSIONSKASSE),Member,Men,"Foundation, Pensions",Foundations,Pension,4004010846,85752715,Automatisk CVR import at 2016-03-12 17:58:06: BESTYRELSESMEDLEM i IBM PENSIONSFOND (PENSIONSKASSE) (2015-05-16 - ).
Leif Breum,IBM PENSIONSFOND (PENSIONSKASSE),Chairman,Men,"Foundation, Pensions",Foundations,Pension,4004031447,85752715,Automatisk CVR import at 2017-09-29 11:29:25: Leif Breum som formand i CVR 85752715 (2017-06-19 - NA).
Martin Thrane,IBM PENSIONSFOND (PENSIONSKASSE),Chief executive,Men,"Foundation, Pensions",Foundations,Pension,4000370031,85752715,Automatisk CVR import at 2017-09-29 11:29:25: Martin Thrane som direktoer i CVR 85752715 (2017-08-22 - NA).
Mikael Overgaard,IBM PENSIONSFOND (PENSIONSKASSE),Other role,Men,"Foundation, Pensions",Foundations,Pension,4004119386,85752715,Automatisk CVR import at 2016-03-12 17:58:06: PERSONLIG_SUPPLEANT i IBM PENSIONSFOND (PENSIONSKASSE) (2014-04-11 - ).
Niels Klejstrup,IBM PENSIONSFOND (PENSIONSKASSE),Member,Men,"Foundation, Pensions",Foundations,Pension,4007057148,85752715,Automatisk CVR import at 2017-09-29 11:29:25: Niels Klejstrup som bestyrelsesmedlem i CVR 85752715 (2017-06-19 - NA).
Anne Hanting Bornfeld,IBM PENSIONSFOND (PENSIONSKASSE),Other role,Women,"Foundation, Pensions",Foundations,Pension,4004157782,85752715,Automatisk CVR import at 2016-03-12 17:58:06: PERSONLIG_SUPPLEANT i IBM PENSIONSFOND (PENSIONSKASSE) (2014-10-01 - ).
Chresten Dengsoee,Industriens Pension,Member,Men,"Corporation, Employer controlled, FINA, Finance, Pensions, Union controlled",Corporations,Pension,4004136672,16614130,Automatisk CVR import at 2017-09-29 08:47:18: Chresten Dengsoee som bestyrelsesmedlem i CVR 16614130 (2016-03-09 - NA).
Claus Jensen 6395,Industriens Pension,Member,Men,"Corporation, Employer controlled, FINA, Finance, Pensions, Union controlled",Corporations,Pension,4004044805,16614130,"Forbundsformand, Dansk Metal"
Erik Michael Bredholt,Industriens Pension,Member,Men,"Corporation, Employer controlled, FINA, Finance, Pensions, Union controlled",Corporations,Pension,4000273573,16614130,Direktoer
Jim Jensen,Industriens Pension,Member,Men,"Corporation, Employer controlled, FINA, Finance, Pensions, Union controlled",Corporations,Pension,4006896254,16614130,Automatisk CVR import at 2017-09-29 08:47:18: Jim Jensen som bestyrelsesmedlem i CVR 16614130 (2017-04-25 - NA).
Jukka Pekka Pertola,Industriens Pension,Member,Men,"Corporation, Employer controlled, FINA, Finance, Pensions, Union controlled",Corporations,Pension,4004052425,16614130,"Adm. direktoer, Siemens A/S"
Kim Graugaard 19633,Industriens Pension,Vice chairman,Men,"Corporation, Employer controlled, FINA, Finance, Pensions, Union controlled",Corporations,Pension,4004118805,16614130,"Naestformand, Viceadm. direktoer i D"
Lars Andersen 21229,Industriens Pension,Member,Men,"Corporation, Employer controlled, FINA, Finance, Pensions, Union controlled",Corporations,Pension,4004009839,16614130,Direktoer i Arbejderbevaegelsens Erhvervsraad
Lars Ingemann Nielsen,Industriens Pension,Member,Men,"Corporation, Employer controlled, FINA, Finance, Pensions, Union controlled",Corporations,Pension,4000073916,16614130,OEkonomidirektoer i PBU Paedagogernes Pensionskasse
Lars Mikkelgaard-Jensen 21791,Industriens Pension,Member,Men,"Corporation, Employer controlled, FINA, Finance, Pensions, Union controlled",Corporations,Pension,4004094247,16614130,Automatisk CVR import at 2017-09-29 08:47:18: Lars Mikkelgaard-Jensen som bestyrelsesmedlem i CVR 16614130 (2017-07-07 - NA).
Mads Bo Keis Andersen,Industriens Pension,Chairman,Men,"Corporation, Employer controlled, FINA, Finance, Pensions, Union controlled",Corporations,Pension,4004008495,16614130,"Formand, Gruppeformand i Industrigruppen, 3F"
Rasmus Sejerup Rasmussen,Industriens Pension,Member,Men,"Corporation, Employer controlled, FINA, Finance, Pensions, Union controlled",Corporations,Pension,4004141038,16614130,"Tillidsrepraesentant, Babcock & Wilcox Voelund A/S"
Steen Nielsen 33868,Industriens Pension,Member,Men,"Corporation, Employer controlled, FINA, Finance, Pensions, Union controlled",Corporations,Pension,4000692668,16614130,"Underdirektoer, DI"
Heidi Jensen 11429,Industriens Pension,Member,Women,"Corporation, Employer controlled, FINA, Finance, Pensions, Union controlled",Corporations,Pension,4004171974,16614130,"Tillidsrepraesentant, Struers A/S"
Laila Mortensen,Industriens Pension,Chief executive,Women,"Corporation, Employer controlled, FINA, Finance, Pensions, Union controlled",Corporations,Pension,4004164176,16614130,Adm. Direktoer i Industriens Pension
Nina Christiane Movin,Industriens Pension,Member,Women,"Corporation, Employer controlled, FINA, Finance, Pensions, Union controlled",Corporations,Pension,4000629118,16614130,"Salgsdirektoer, Threadneedle Investment"
Jens Hoeiberg-Nielsen,INVESTERINGSFORENINGEN CARNEGIE WORLDWIDE,Member,Men,"Corporation, Venture- og kapitalfonde, Finance",Corporations,Finance,4003903218,14211349,Automatisk CVR import at 2016-03-12 17:58:26: BESTYRELSE i INVESTERINGSFORENINGEN CARNEGIE WORLDWIDE (1990-06-07 - ).
Karsten Kielland,INVESTERINGSFORENINGEN CARNEGIE WORLDWIDE,Chairman,Men,"Corporation, Venture- og kapitalfonde, Finance",Corporations,Finance,4000181626,14211349,Automatisk CVR import at 2016-03-12 17:58:26: formand i INVESTERINGSFORENINGEN CARNEGIE WORLDWIDE (1997-03-06 - ).
Lars Aaen,INVESTERINGSFORENINGEN CARNEGIE WORLDWIDE,Member,Men,"Corporation, Venture- og kapitalfonde, Finance",Corporations,Finance,4000626523,14211349,Automatisk CVR import at 2016-03-12 17:58:26: BESTYRELSE i INVESTERINGSFORENINGEN CARNEGIE WORLDWIDE (2013-04-10 - ).
Camilla Andrea Harder Hartvig,INVESTERINGSFORENINGEN CARNEGIE WORLDWIDE,Member,Women,"Corporation, Venture- og kapitalfonde, Finance",Corporations,Finance,4006192488,14211349,Automatisk CVR import at 2016-03-12 17:58:26: BESTYRELSESMEDLEM i INVESTERINGSFORENINGEN CARNEGIE WORLDWIDE (2015-04-14 - ).
Carsten Johan Koch,INVESTERINGSFORENINGEN MAJ INVEST,Member,Men,"Corporation, Venture- og kapitalfonde",Corporations,Finance,4000631739,28705921,Automatisk CVR import at 2016-03-12 17:58:26: BESTYRELSE i INVESTERINGSFORENINGEN MAJ INVEST (2011-04-07 - ).
Erik Preben Holm,INVESTERINGSFORENINGEN MAJ INVEST,NA,Men,"Corporation, Venture- og kapitalfonde",Corporations,Finance,4003954957,28705921,NA
Henrik Normann 12717,INVESTERINGSFORENINGEN MAJ INVEST,Chairman,Men,"Corporation, Venture- og kapitalfonde",Corporations,Finance,4000722790,28705921,Automatisk CVR import at 2017-09-29 11:03:29: Henrik Michael Normann som formand i CVR 28705921 (2017-01-01 - NA).
Henrik Parkhoei,INVESTERINGSFORENINGEN MAJ INVEST,NA,Men,"Corporation, Venture- og kapitalfonde",Corporations,Finance,4004130255,28705921,NA
Jeppe Christiansen,INVESTERINGSFORENINGEN MAJ INVEST,NA,Men,"Corporation, Venture- og kapitalfonde",Corporations,Finance,4004146542,28705921,NA
Mads Bryde Andersen,INVESTERINGSFORENINGEN MAJ INVEST,Vice chairman,Men,"Corporation, Venture- og kapitalfonde",Corporations,Finance,4000269293,28705921,Automatisk CVR import at 2017-09-29 11:03:29: Mads Bryde Andersen som naestformand i CVR 28705921 (2017-04-26 - NA).
Mads Ole Krage,INVESTERINGSFORENINGEN MAJ INVEST,Member,Men,"Corporation, Venture- og kapitalfonde",Corporations,Finance,4000515880,28705921,Automatisk CVR import at 2017-09-29 11:03:29: Mads Ole Krage som bestyrelsesmedlem i CVR 28705921 (2017-01-01 - NA).
Mette Kynne Frandsen 25236,INVESTERINGSFORENINGEN MAJ INVEST,Member,Women,"Corporation, Venture- og kapitalfonde",Corporations,Finance,4004092071,28705921,Automatisk CVR import at 2016-03-12 17:58:26: BESTYRELSE i INVESTERINGSFORENINGEN MAJ INVEST (2012-03-29 - ).
Anders Eldrup,JURISTERNES OG OEKONOMERNES PENSIONSKASSE,Chairman,Men,"Corporation, Pensions, Union controlled",Corporations,Pension,4000731567,19676889,Automatisk CVR import at 2016-03-12 17:58:56: formand i JURISTERNES OG OEKONOMERNES PENSIONSKASSE (2014-04-28 - ).
Morten Wig Harboe-Jepsen,JURISTERNES OG OEKONOMERNES PENSIONSKASSE,Member,Men,"Corporation, Pensions, Union controlled",Corporations,Pension,4000459701,19676889,Automatisk CVR import at 2016-03-12 17:58:55: BESTYRELSESMEDLEM i JURISTERNES OG OEKONOMERNES PENSIONSKASSE (2015-06-03 - ).
Peter Loechte Joergensen,JURISTERNES OG OEKONOMERNES PENSIONSKASSE,Member,Men,"Corporation, Pensions, Union controlled",Corporations,Pension,4000045612,19676889,Automatisk CVR import at 2016-03-12 17:58:55: BESTYRELSE i JURISTERNES OG OEKONOMERNES PENSIONSKASSE (2013-06-14 - ).
Soeren Kolbye Soerensen,JURISTERNES OG OEKONOMERNES PENSIONSKASSE,Chief executive,Men,"Corporation, Pensions, Union controlled",Corporations,Pension,4003995513,19676889,Automatisk CVR import at 2016-03-12 17:58:56: DIREKTOER i JURISTERNES OG OEKONOMERNES PENSIONSKASSE (2015-06-18 - ).
Torben Huss 48587,JURISTERNES OG OEKONOMERNES PENSIONSKASSE,Member,Men,"Corporation, Pensions, Union controlled",Corporations,Pension,4004120169,19676889,Automatisk CVR import at 2016-03-12 17:58:56: BESTYRELSE i JURISTERNES OG OEKONOMERNES PENSIONSKASSE (2013-06-14 - ).
AAse Kogsboell,JURISTERNES OG OEKONOMERNES PENSIONSKASSE,Member,Women,"Corporation, Pensions, Union controlled",Corporations,Pension,4003929886,19676889,Automatisk CVR import at 2017-09-29 08:52:01: AAse Kogsboell som bestyrelsesmedlem i CVR 19676889 (2017-05-30 - NA).
Charlotte Christiansen 5420,JURISTERNES OG OEKONOMERNES PENSIONSKASSE,Other role,Women,"Corporation, Pensions, Union controlled",Corporations,Pension,4004154676,19676889,Automatisk CVR import at 2016-03-12 17:58:56: PERSONLIG_SUPPLEANT i JURISTERNES OG OEKONOMERNES PENSIONSKASSE (2013-06-14 - ).
Lisbeth Erlands,JURISTERNES OG OEKONOMERNES PENSIONSKASSE,Other role,Women,"Corporation, Pensions, Union controlled",Corporations,Pension,4004003300,19676889,Automatisk CVR import at 2016-03-12 17:58:56: PERSONLIG_SUPPLEANT i JURISTERNES OG OEKONOMERNES PENSIONSKASSE (2013-06-14 - ).
Marianne Vendel Thyrring,JURISTERNES OG OEKONOMERNES PENSIONSKASSE,Member,Women,"Corporation, Pensions, Union controlled",Corporations,Pension,4004138082,19676889,Automatisk CVR import at 2016-03-12 17:58:56: BESTYRELSESMEDLEM i JURISTERNES OG OEKONOMERNES PENSIONSKASSE (2015-04-28 - ).
Sara Gundelach Vergo,JURISTERNES OG OEKONOMERNES PENSIONSKASSE,Vice chairman,Women,"Corporation, Pensions, Union controlled",Corporations,Pension,4006565472,19676889,Automatisk CVR import at 2017-09-29 08:52:01: Sara Vergo som naestformand i CVR 19676889 (2016-04-18 - NA).
Tina Agerkvist Aggerholm,JURISTERNES OG OEKONOMERNES PENSIONSKASSE,Member,Women,"Corporation, Pensions, Union controlled",Corporations,Pension,4003995090,19676889,Automatisk CVR import at 2016-03-12 17:58:56: BESTYRELSE i JURISTERNES OG OEKONOMERNES PENSIONSKASSE (2012-04-19 - ).
Bo Andersen 4187,Jysk/Fynsk Kapital,Member,Men,"Corporation, FINA, Finance",Corporations,Finance,4004085404,29194467,Automatisk CVR import at 2016-03-12 17:58:59: BESTYRELSESMEDLEM i Jysk/Fynsk Kapital (2014-05-01 - ).
Christian Odgaard Pedersen,Jysk/Fynsk Kapital,Member,Men,"Corporation, FINA, Finance",Corporations,Finance,4004101978,29194467,Automatisk CVR import at 2016-03-12 17:58:59: BESTYRELSE i Jysk/Fynsk Kapital (2005-11-24 - ).
Per Borup Jensen,Jysk/Fynsk Kapital,Member,Men,"Corporation, FINA, Finance",Corporations,Finance,4004009222,29194467,Automatisk CVR import at 2016-03-12 17:58:59: BESTYRELSE i Jysk/Fynsk Kapital (2005-11-24 - ).
Per Kristensen 29606,Jysk/Fynsk Kapital,Chief executive,Men,"Corporation, FINA, Finance",Corporations,Finance,4000024694,29194467,Automatisk CVR import at 2016-03-12 17:58:59: adm. dir i Jysk/Fynsk Kapital (2005-11-24 - ).
Poul Kristiansen,Jysk/Fynsk Kapital,Member,Men,"Corporation, FINA, Finance",Corporations,Finance,4003889846,29194467,Automatisk CVR import at 2016-03-12 17:58:59: BESTYRELSE i Jysk/Fynsk Kapital (2005-11-24 - ).
Thomas Voss,Jysk/Fynsk Kapital,Chairman,Men,"Corporation, FINA, Finance",Corporations,Finance,4000224388,29194467,Automatisk CVR import at 2016-03-12 17:58:59: formand i Jysk/Fynsk Kapital (2013-05-07 - ).
Mette Grunnet,Jysk/Fynsk Kapital,Member,Women,"Corporation, FINA, Finance",Corporations,Finance,4003872702,29194467,Automatisk CVR import at 2016-03-12 17:58:59: BESTYRELSE i Jysk/Fynsk Kapital (2012-10-15 - ).
Anders Christian Dam,Jyske Bank,Executive,Men,"Corporation, FINA, Banks, Finance",Corporations,Banks,4004160439,17616617,Automatisk CVR import at 2016-03-12 17:59:01: DIREKTION i Jyske Bank (1995-07-01 - ).
Jens Aksel Borup,Jyske Bank,Member,Men,"Corporation, FINA, Banks, Finance",Corporations,Banks,4004147550,17616617,Automatisk CVR import at 2016-03-12 17:59:01: BESTYRELSE i Jyske Bank (2014-05-05 - ).
Jesper Holboell,Jyske Bank,Member,Men,"Corporation, FINA, Banks, Finance",Corporations,Banks,4004042814,17616617,Automatisk CVR import at 2016-03-12 17:59:00: BESTYRELSE i Jyske Bank (2014-03-19 - ).
Keld Norup,Jyske Bank,Member,Men,"Corporation, FINA, Banks, Finance",Corporations,Banks,4003897427,17616617,Automatisk CVR import at 2016-03-12 17:59:00: BESTYRELSE i Jyske Bank (2007-03-13 - ).
Kurt Bligaard Pedersen,Jyske Bank,Vice chairman,Men,"Corporation, FINA, Banks, Finance",Corporations,Banks,4000750949,17616617,Automatisk CVR import at 2016-03-12 17:59:00: naestformand i Jyske Bank (2014-05-05 - ).
Leif Flemming Larsen,Jyske Bank,Executive,Men,"Corporation, FINA, Banks, Finance",Corporations,Banks,4000395152,17616617,Automatisk CVR import at 2016-03-12 17:59:00: DIREKTION i Jyske Bank (1996-01-01 - ).
Niels Erik Jakobsen,Jyske Bank,Executive,Men,"Corporation, FINA, Banks, Finance",Corporations,Banks,4004074076,17616617,Automatisk CVR import at 2016-03-12 17:59:00: DIREKTION i Jyske Bank (2009-09-01 - ).
Per Damborg Skovhus,Jyske Bank,Executive,Men,"Corporation, FINA, Banks, Finance",Corporations,Banks,4004039033,17616617,Automatisk CVR import at 2016-03-12 17:59:00: DIREKTION i Jyske Bank (2013-09-01 - ).
Peter Schleidt,Jyske Bank,Executive,Men,"Corporation, FINA, Banks, Finance",Corporations,Banks,4004111144,17616617,Automatisk CVR import at 2017-09-29 08:49:13: Peter Schleidt som direktion i CVR 17616617 (2017-09-01 - NA).
Philip Baruch,Jyske Bank,Member,Men,"Corporation, FINA, Banks, Finance",Corporations,Banks,4000122056,17616617,Automatisk CVR import at 2016-03-12 17:59:00: BESTYRELSE i Jyske Bank (2006-03-14 - ).
Sven Buhrkall,Jyske Bank,Chairman,Men,"Corporation, FINA, Banks, Finance",Corporations,Banks,4000188638,17616617,Automatisk CVR import at 2016-03-12 17:59:00: formand i Jyske Bank (2004-03-09 - ).
Thomas Dekos Krobot Ljungdahl,Jyske Bank,Other role,Men,"Corporation, FINA, Banks, Finance",Corporations,Banks,4004071134,17616617,Automatisk CVR import at 2016-03-12 17:59:00: PERSONLIG_SUPPLEANT i Jyske Bank (2014-03-19 - ).
Marianne Jensen 48597,Jyske Bank,Member,Women,"Corporation, FINA, Banks, Finance",Corporations,Banks,4004134629,17616617,Automatisk CVR import at 2016-03-12 17:59:00: BESTYRELSE i Jyske Bank (2006-03-14 - ).
Rina Asmussen,Jyske Bank,Member,Women,"Corporation, FINA, Banks, Finance",Corporations,Banks,4000091684,17616617,Automatisk CVR import at 2016-03-12 17:58:59: BESTYRELSE i Jyske Bank (2014-05-05 - ).
Susanne Bach Jensen,Jyske Bank,Other role,Women,"Corporation, FINA, Banks, Finance",Corporations,Banks,4004134630,17616617,Automatisk CVR import at 2016-03-12 17:59:00: PERSONLIG_SUPPLEANT i Jyske Bank (2014-03-19 - ).
Anders Christian Dam,Jyske Bank (Direktion),Executive,Men,"Corporation, FINA, Banks, Finance",Corporations,Banks,4004160439,17616617,Automatisk CVR import at 2016-03-12 17:59:01: DIREKTION i Jyske Bank (1995-07-01 - ).
Leif Flemming Larsen,Jyske Bank (Direktion),Executive,Men,"Corporation, FINA, Banks, Finance",Corporations,Banks,4000395152,17616617,Automatisk CVR import at 2016-03-12 17:59:00: DIREKTION i Jyske Bank (1996-01-01 - ).
Niels Erik Jakobsen,Jyske Bank (Direktion),Executive,Men,"Corporation, FINA, Banks, Finance",Corporations,Banks,4004074076,17616617,Automatisk CVR import at 2016-03-12 17:59:00: DIREKTION i Jyske Bank (2009-09-01 - ).
Per Damborg Skovhus,Jyske Bank (Direktion),Executive,Men,"Corporation, FINA, Banks, Finance",Corporations,Banks,4004039033,17616617,Automatisk CVR import at 2016-03-12 17:59:00: DIREKTION i Jyske Bank (2013-09-01 - ).
Peter Schleidt,Jyske Bank (Direktion),Executive,Men,"Corporation, FINA, Banks, Finance",Corporations,Banks,4004111144,17616617,Automatisk CVR import at 2017-09-29 08:49:13: Peter Schleidt som direktion i CVR 17616617 (2017-09-01 - NA).
Sven Buhrkall,Jyske Bank (Direktion),Chairman,Men,"Corporation, FINA, Banks, Finance",Corporations,Banks,4000188638,17616617,Automatisk CVR import at 2016-03-12 17:59:00: formand i Jyske Bank (2004-03-09 - ).
Anders Christian Dam,Jyske Bank (Group Executive Board),Member,Men,"Banks, Finance",Corporations,Banks,4004160439,NA,Managing Director and CEO
Leif Flemming Larsen,Jyske Bank (Group Executive Board),Member,Men,"Banks, Finance",Corporations,Banks,4000395152,NA,Managing Director
Niels Erik Jakobsen,Jyske Bank (Group Executive Board),Member,Men,"Banks, Finance",Corporations,Banks,4004074076,NA,Managing Director
Per Damborg Skovhus,Jyske Bank (Group Executive Board),Member,Men,"Banks, Finance",Corporations,Banks,4004039033,NA,Managing Director
Sven Arne Blomberg,Jyske Bank (Group Executive Board),Member,Men,"Banks, Finance",Corporations,Banks,4003952400,NA,Deputy Chief Executive and Managing Director
Jens Aksel Borup,Jyske Bank (Group Supervisory Board),Member,Men,"Banks, Finance",Corporations,Banks,4004147550,NA,"Master of a fishing vessel. Jens A. Borup has been on the Supervisory Board since 2005, a member of the Nomination Committee of the Supervisory Board since 2012 and also a member of the Group Risk Committee of the Supervisory Board since 2014."
Keld Norup,Jyske Bank (Group Supervisory Board),Member,Men,"Banks, Finance",Corporations,Banks,4003897427,NA,Attorney-at-law
Oluf Christian Engell,Jyske Bank (Group Supervisory Board),Member,Men,"Banks, Finance",Corporations,Banks,4000319248,NA,Lawyer. BRF Kredit
Anders Christian Dam,JYSKE BANKS ALMENNYTTIGE FOND,Chairman,Men,"Banks, Charity, Foundation",Foundations,Banks,4004160439,27547036,Automatisk CVR import at 2016-03-12 17:59:01: formand i JYSKE BANKS ALMENNYTTIGE FOND (2003-12-16 - ).
Joergen Michael Christensen,JYSKE BANKS ALMENNYTTIGE FOND,Member,Men,"Banks, Charity, Foundation",Foundations,Banks,4004151589,27547036,Automatisk CVR import at 2016-03-12 17:59:01: BESTYRELSE i JYSKE BANKS ALMENNYTTIGE FOND (2014-10-31 - ).
Leif Flemming Larsen,JYSKE BANKS ALMENNYTTIGE FOND,Vice chairman,Men,"Banks, Charity, Foundation",Foundations,Banks,4000395152,27547036,Automatisk CVR import at 2017-11-09 15:47:22: Leif Flemming Larsen som naestformand i CVR 27547036 (2017-11-02 - NA).
Niels Erik Carstens,JYSKE BANKS ALMENNYTTIGE FOND,Member,Men,"Banks, Charity, Foundation",Foundations,Banks,4003883222,27547036,Automatisk CVR import at 2016-03-12 17:59:01: BESTYRELSE i JYSKE BANKS ALMENNYTTIGE FOND (2011-03-23 - ).
Per Buttenschoen,JYSKE BANKS ALMENNYTTIGE FOND,Member,Men,"Banks, Charity, Foundation",Foundations,Banks,4004073389,27547036,Automatisk CVR import at 2016-03-12 17:59:01: BESTYRELSE i JYSKE BANKS ALMENNYTTIGE FOND (2012-12-23 - ).
Per Munkholm Poulsen,JYSKE BANKS ALMENNYTTIGE FOND,Member,Men,"Banks, Charity, Foundation",Foundations,Banks,4004067585,27547036,Automatisk CVR import at 2016-03-12 17:59:01: BESTYRELSE i JYSKE BANKS ALMENNYTTIGE FOND (2010-01-29 - ).
Visti OErnekoll Nielsen,JYSKE BANKS ALMENNYTTIGE FOND,Member,Men,"Banks, Charity, Foundation",Foundations,Banks,4003897831,27547036,Automatisk CVR import at 2016-03-12 17:59:01: BESTYRELSE i JYSKE BANKS ALMENNYTTIGE FOND (2006-01-25 - ).
Bo Rygaard,KFI,Chairman,Men,"Corporation, FINA, Finance",Corporations,Finance,4000725129,61232028,Automatisk CVR import at 2016-03-12 17:59:18: formand i KFI (2014-09-25 - ).
Jesper Eigen Moeller,KFI,Member,Men,"Corporation, FINA, Finance",Corporations,Finance,4003959949,61232028,Automatisk CVR import at 2017-09-29 11:21:32: Jesper Eigen Moeller som bestyrelsesmedlem i CVR 61232028 (2017-05-23 - NA).
Jesper Munck Loiborg,KFI,Chief executive,Men,"Corporation, FINA, Finance",Corporations,Finance,4000678050,61232028,Automatisk CVR import at 2016-03-12 17:59:18: adm. dir i KFI (2012-07-19 - ).
Michael August Bonde Christiansen,KFI,Vice chairman,Men,"Corporation, FINA, Finance",Corporations,Finance,4004128051,61232028,Automatisk CVR import at 2017-09-29 11:21:32: Michael August Bonde Christiansen som naestformand i CVR 61232028 (2017-05-23 - NA).
Lisbeth Dalgaard Svanholm,KFI,Member,Women,"Corporation, FINA, Finance",Corporations,Finance,4004089517,61232028,Automatisk CVR import at 2016-03-12 17:59:18: BESTYRELSE i KFI (2011-06-07 - ).
Casper Kirk Johansen,KIRK & THORSEN A/S,Chairman,Men,"Corporation, Venture- og kapitalfonde, Finance",Corporations,Finance,4004087246,32080243,Automatisk CVR import at 2016-03-12 17:59:22: formand i KIRK & THORSEN A/S (2009-03-13 - ).
Hans-Christian Ohrt,KIRK & THORSEN A/S,Member,Men,"Corporation, Venture- og kapitalfonde, Finance",Corporations,Finance,4003849744,32080243,Automatisk CVR import at 2016-03-12 17:59:22: BESTYRELSE i KIRK & THORSEN A/S (2009-03-13 - ).
Peter Thorsen 30870,KIRK & THORSEN A/S,Member,Men,"Corporation, Venture- og kapitalfonde, Finance",Corporations,Finance,4003975054,32080243,Automatisk CVR import at 2016-03-12 17:59:22: BESTYRELSE i KIRK & THORSEN A/S (2009-03-13 - ).
Allan Bisgaard,Koebstaedernes Forsikring,Member,Men,"Corporation, FINA, Insurance, Finance",Corporations,Insurance,4003990788,51148819,Automatisk CVR import at 2017-09-29 11:16:33: Allan Bisgaard som bestyrelsesmedlem i CVR 51148819 (2017-04-27 - NA).
Anders Howalt-Hestbech,Koebstaedernes Forsikring,Chief executive,Men,"Corporation, FINA, Insurance, Finance",Corporations,Insurance,4004132579,51148819,Automatisk CVR import at 2016-03-12 18:00:10: adm. dir i Koebstaedernes Forsikring (2014-09-01 - ).
Hans Kristian Jensen,Koebstaedernes Forsikring,Member,Men,"Corporation, FINA, Insurance, Finance",Corporations,Insurance,4003932259,51148819,Automatisk CVR import at 2016-03-12 18:00:09: BESTYRELSE i Koebstaedernes Forsikring (2014-09-01 - ).
Jens Munk Jensen,Koebstaedernes Forsikring,Chairman,Men,"Corporation, FINA, Insurance, Finance",Corporations,Insurance,4003987372,51148819,Automatisk CVR import at 2017-09-29 11:16:33: Jens Munk Jensen som formand i CVR 51148819 (2016-04-27 - NA).
Ken Torpe Christoffersen,Koebstaedernes Forsikring,Member,Men,"Corporation, FINA, Insurance, Finance",Corporations,Insurance,4000281067,51148819,Automatisk CVR import at 2017-09-29 11:16:33: Ken Torpe Christoffersen som bestyrelsesmedlem i CVR 51148819 (2016-04-27 - NA).
Martin Rudolf Leonhard,Koebstaedernes Forsikring,Member,Men,"Corporation, FINA, Insurance, Finance",Corporations,Insurance,4000286531,51148819,Automatisk CVR import at 2017-09-29 11:16:33: Martin Rudolf Leonhard som bestyrelsesmedlem i CVR 51148819 (2017-04-27 - NA).
Thomas Olsen 47836,Koebstaedernes Forsikring,Vice chairman,Men,"Corporation, FINA, Insurance, Finance",Corporations,Insurance,4003996362,51148819,Automatisk CVR import at 2017-09-29 11:16:33: Thomas Olsen som naestformand i CVR 51148819 (2017-04-27 - NA).
Tommy Foverskov,Koebstaedernes Forsikring,Member,Men,"Corporation, FINA, Insurance, Finance",Corporations,Insurance,4006246738,51148819,Automatisk CVR import at 2016-03-12 18:00:10: BESTYRELSESMEDLEM i Koebstaedernes Forsikring (2015-04-23 - ).
Anders Bondo Christensen,Laan & Spar Bank,Chairman,Men,"Corporation, FINA, Union controlled, Banks, Finance",Corporations,Banks,4000532620,13538530,Automatisk CVR import at 2016-03-12 18:00:52: formand i Laan & Spar Bank (2006-03-27 - ).
Claus Oxfeldt,Laan & Spar Bank,Vice chairman,Men,"Corporation, FINA, Union controlled, Banks, Finance",Corporations,Banks,4004187926,13538530,Automatisk CVR import at 2016-03-12 18:00:53: NAESTFORMAND i Laan & Spar Bank (2015-03-09 - ).
Henrik Horup,Laan & Spar Bank,Member,Men,"Corporation, FINA, Union controlled, Banks, Finance",Corporations,Banks,4004113173,13538530,Automatisk CVR import at 2016-03-12 18:00:53: BESTYRELSE i Laan & Spar Bank (2013-03-11 - ).
Jens Christian Andersen Kragh,Laan & Spar Bank,Member,Men,"Corporation, FINA, Union controlled, Banks, Finance",Corporations,Banks,4003966057,13538530,Indtraadt som erstatning for enten Bente Sorgenfrey eller Finn Rosendahl Larsen
Jesper Jenne Schioeler,Laan & Spar Bank,Executive,Men,"Corporation, FINA, Union controlled, Banks, Finance",Corporations,Banks,4004008059,13538530,Automatisk CVR import at 2016-03-12 18:00:52: DIREKTION i Laan & Spar Bank (2005-10-01 - ).
Joern Rise Andersen,Laan & Spar Bank,Member,Men,"Corporation, FINA, Union controlled, Banks, Finance",Corporations,Banks,4004032158,13538530,Automatisk CVR import at 2016-03-12 18:00:52: BESTYRELSE i Laan & Spar Bank (2009-03-18 - ).
John Christiansen 16895,Laan & Spar Bank,Chief executive,Men,"Corporation, FINA, Union controlled, Banks, Finance",Corporations,Banks,4004018514,13538530,Automatisk CVR import at 2016-03-12 18:00:52: adm. dir i Laan & Spar Bank (2007-02-28 - ).
Lars Qvistgaard,Laan & Spar Bank,Vice chairman,Men,"Corporation, FINA, Union controlled, Banks, Finance",Corporations,Banks,4004118774,13538530,Indtraadt som erstatning for enten Bente Sorgenfrey eller Finn Rosendahl Larsen
Lars Wallberg,Laan & Spar Bank,Member,Men,"Corporation, FINA, Union controlled, Banks, Finance",Corporations,Banks,4004149998,13538530,Automatisk CVR import at 2016-03-12 18:00:53: BESTYRELSE i Laan & Spar Bank (2012-03-19 - ).
Grete Christensen 10135,Laan & Spar Bank,Member,Women,"Corporation, FINA, Union controlled, Banks, Finance",Corporations,Banks,4004046327,13538530,Automatisk CVR import at 2016-03-12 18:00:52: BESTYRELSE i Laan & Spar Bank (2010-03-08 - ).
Claus Oxfeldt,LAAN & SPAR FOND,Member,Men,"Foundation, Corporation, Banks, Union controlled",Foundations,Banks,4004187926,14045589,Automatisk CVR import at 2016-03-12 18:00:54: BESTYRELSESMEDLEM i LAAN & SPAR FOND (2015-03-09 - ).
karsten Maersk Clausen,LAAN & SPAR FOND,Member,Men,"Foundation, Corporation, Banks, Union controlled",Foundations,Banks,4000467169,14045589,Automatisk CVR import at 2016-03-12 18:00:53: BESTYRELSE i LAAN & SPAR FOND (2014-03-17 - ).
Soeren Geckler,LAAN & SPAR FOND,Member,Men,"Foundation, Corporation, Banks, Union controlled",Foundations,Banks,4004003234,14045589,Automatisk CVR import at 2016-03-12 18:00:53: BESTYRELSE i LAAN & SPAR FOND (2012-03-15 - ).
Mariann Skovgaard Olin,LAAN & SPAR FOND,Chairman,Women,"Foundation, Corporation, Banks, Union controlled",Foundations,Banks,4004083865,14045589,Automatisk CVR import at 2016-03-12 18:00:53: formand i LAAN & SPAR FOND (2012-03-15 - ).
Chresten Dengsoee,LAEGERNES PENSIONSKASSE,Chief executive,Men,"Corporation, Union controlled, Pensions",Corporations,Pension,4004136672,24260402,Automatisk CVR import at 2016-03-12 18:00:46: ADM. DIR. i LAEGERNES PENSIONSKASSE (2015-08-01 - ).
Jesper Rangvid,LAEGERNES PENSIONSKASSE,Member,Men,"Corporation, Union controlled, Pensions",Corporations,Pension,4003981224,24260402,Automatisk CVR import at 2016-03-12 18:00:46: BESTYRELSE i LAEGERNES PENSIONSKASSE (2009-04-24 - ).
Klaus Friis Andersen,LAEGERNES PENSIONSKASSE,Member,Men,"Corporation, Union controlled, Pensions",Corporations,Pension,4000204181,24260402,Automatisk CVR import at 2016-03-12 18:00:45: BESTYRELSE i LAEGERNES PENSIONSKASSE (2013-04-12 - ).
Peter Lindholm,LAEGERNES PENSIONSKASSE,Member,Men,"Corporation, Union controlled, Pensions",Corporations,Pension,4000527209,24260402,Automatisk CVR import at 2016-03-12 18:00:45: BESTYRELSE i LAEGERNES PENSIONSKASSE (2012-04-27 - ).
Peter Melchior 30558,LAEGERNES PENSIONSKASSE,Chairman,Men,"Corporation, Union controlled, Pensions",Corporations,Pension,4000178730,24260402,Automatisk CVR import at 2017-09-29 10:55:57: Peter Melchior som formand i CVR 24260402 (2017-08-16 - NA).
Philip Lowell Stürup Bennett,LAEGERNES PENSIONSKASSE,Vice chairman,Men,"Corporation, Union controlled, Pensions",Corporations,Pension,4004152631,24260402,Automatisk CVR import at 2017-09-29 10:55:57: Philip Lowell Stürup Bennett som naestformand i CVR 24260402 (2017-08-16 - NA).
Helle Soeholm Skovsen,LAEGERNES PENSIONSKASSE,Member,Women,"Corporation, Union controlled, Pensions",Corporations,Pension,4006942312,24260402,Automatisk CVR import at 2017-09-29 10:55:57: Helle Soeholm som bestyrelsesmedlem i CVR 24260402 (2017-05-08 - NA).
Anders Bondo Christensen,Laerernes Pension,Chairman,Men,"Corporation, Employer controlled, FINA, Finance, Pensions, Teachers, Union controlled",Corporations,Pension,4000532620,17106589,Formand
Boerge Pedersen,Laerernes Pension,Vice chairman,Men,"Corporation, Employer controlled, FINA, Finance, Pensions, Teachers, Union controlled",Corporations,Pension,4004133996,17106589,"Naestformand, UddannelsesforbundetMedlem af bestyrelsen siden 2006"
Finn Scheibye,Laerernes Pension,Member,Men,"Corporation, Employer controlled, FINA, Finance, Pensions, Teachers, Union controlled",Corporations,Pension,4004005967,17106589,Uafhaengigt og regnskabskyndigt medlem.Medlem af bestyrelsen siden 2009
Finn Viberg Brunse,Laerernes Pension,Member,Men,"Corporation, Employer controlled, FINA, Finance, Pensions, Teachers, Union controlled",Corporations,Pension,4003964201,17106589,Byraadsmedlem i Assens Kommune
Gordon OErskov Madsen,Laerernes Pension,Member,Men,"Corporation, Employer controlled, FINA, Finance, Pensions, Teachers, Union controlled",Corporations,Pension,4004039692,17106589,LaererMedlem af bestyrelsen siden 2010
Lars Busk Fjelsted Hansen,Laerernes Pension,Member,Men,"Corporation, Employer controlled, FINA, Finance, Pensions, Teachers, Union controlled",Corporations,Pension,4004100656,17106589,"Laerer, Danmarks Laererforening, Laererkreds Nord  Medlem af bestyrelsen siden 2008"
Morten Refskov,Laerernes Pension,Member,Men,"Corporation, Employer controlled, FINA, Finance, Pensions, Teachers, Union controlled",Corporations,Pension,4006459351,17106589,Automatisk CVR import at 2017-09-29 08:48:21: Morten Kvist Refskov som bestyrelsesmedlem i CVR 17106589 (2016-02-02 - NA).
Palle Rom,Laerernes Pension,Member,Men,"Corporation, Employer controlled, FINA, Finance, Pensions, Teachers, Union controlled",Corporations,Pension,4004176531,17106589,"Afdelingschef i Danmarks Laererforening,Medlem af bestyrelsen siden 2014"
Paul Brüniche-Olsen,Laerernes Pension,Executive,Men,"Corporation, Employer controlled, FINA, Finance, Pensions, Teachers, Union controlled",Corporations,Pension,4003963540,17106589,Automatisk CVR import at 2017-09-29 08:48:20: Paul Brüniche-Olsen som direktion i CVR 17106589 (1993-03-31 - NA).
Uffe Rostrup,Laerernes Pension,Member,Men,"Corporation, Employer controlled, FINA, Finance, Pensions, Teachers, Union controlled",Corporations,Pension,4004119548,17106589,"Formand, Frie Skolers LaererforeningMedlem af bestyrelsen siden 2008"
Anne Mette Toftegaard,Laerernes Pension,Member,Women,"Corporation, Employer controlled, FINA, Finance, Pensions, Teachers, Union controlled",Corporations,Pension,4004165581,17106589,Adm. direktoer LB Forsikring A/SMedlem af bestyrelsen siden 2013
Dorte Lange,Laerernes Pension,Vice chairman,Women,"Corporation, Employer controlled, FINA, Finance, Pensions, Teachers, Union controlled",Corporations,Pension,4004166294,17106589,"Naestformand, Danmarks Laererforening Medlem af bestyrelsen siden 2011"
Hanne Fritze Pontoppidan,Laerernes Pension,Member,Women,"Corporation, Employer controlled, FINA, Finance, Pensions, Teachers, Union controlled",Corporations,Pension,4004045031,17106589,"Formand forUddannelsesforbundet,Medlem af bestyrelsen siden 1998"
Monica Lendal Joergensen,Laerernes Pension,Vice chairman,Women,"Corporation, Employer controlled, FINA, Finance, Pensions, Teachers, Union controlled",Corporations,Pension,4004137373,17106589,"Naestformand, Frie Skolers Laererforening Medlem af bestyrelsen siden 2011"
Pia Allerslev Simonsen,Laerernes Pension,Vice chairman,Women,"Corporation, Employer controlled, FINA, Finance, Pensions, Teachers, Union controlled",Corporations,Pension,4004147307,17106589,"Naestformand, Boerne og ungdomsborgmester i Koebenhavns Kommune"
Tine Agenskov,Laerernes Pension,Member,Women,"Corporation, Employer controlled, FINA, Finance, Pensions, Teachers, Union controlled",Corporations,Pension,4006459350,17106589,Automatisk CVR import at 2017-09-29 08:48:20: Tine Agenskov som bestyrelsesmedlem i CVR 17106589 (2016-02-02 - NA).
Henrik Hoffmann 12487,Landbrugets Finansieringsbank (Bestyrelse),Member,Men,"Banks, Farming, Finance, Nature",Corporations,Banks,4004114539,34479089,Danske Bank. Group Credit. Foba AS
Jesper Lyhne,Landbrugets Finansieringsbank (Bestyrelse),Chief executive,Men,"Banks, Farming, Finance, Nature",Corporations,Banks,4004028851,34479089,Adm. direktoer. Odense.
Joern Kristian Jensen,Landbrugets Finansieringsbank (Bestyrelse),Chairman,Men,"Banks, Farming, Finance, Nature",Corporations,Banks,4003949835,34479089,Formand. Nordea. Unibank. Andelsbanken. Seges P/S
Niels Joergen Toft Pedersen,Landbrugets Finansieringsbank (Bestyrelse),Member,Men,"Banks, Farming, Finance, Nature",Corporations,Banks,4000196166,34479089,Gaardejer. Thy Agro Ivest. Thisted Spildevand. Thisted Byraad
Peter Christensen 55615,Landbrugets Finansieringsbank (Bestyrelse),Executive,Men,"Banks, Farming, Finance, Nature",Corporations,Banks,NA,34479089,Underdirektoer
Carsten Moerck-Pedersen,LB Forening,Chairman,Men,"Corporation, FINA, Finance, Pensions, Teachers, Union controlled",Corporations,Pension,4004133134,65264315,Automatisk CVR import at 2016-03-12 18:00:46: formand i Laererstandens Brandforsikr. (2012-04-28 - ).
Finn Jelling Jellingsoe,LB Forening,Member,Men,"Corporation, FINA, Finance, Pensions, Teachers, Union controlled",Corporations,Pension,4004133138,65264315,Automatisk CVR import at 2016-03-12 18:00:46: BESTYRELSE i Laererstandens Brandforsikr. (2012-04-28 - ).
Finn Pedersen 49252,LB Forening,Member,Men,"Corporation, FINA, Finance, Pensions, Teachers, Union controlled",Corporations,Pension,4000435897,65264315,Automatisk CVR import at 2016-03-12 18:00:46: BESTYRELSE i Laererstandens Brandforsikr. (2012-04-28 - ).
Jan Kamp Justesen,LB Forening,Chief executive,Men,"Corporation, FINA, Finance, Pensions, Teachers, Union controlled",Corporations,Pension,4004189616,65264315,Automatisk CVR import at 2016-03-12 18:00:46: DIREKTOER i Laererstandens Brandforsikr. (2015-12-09 - ).
Jan Savery Trojaborg,LB Forening,Member,Men,"Corporation, FINA, Finance, Pensions, Teachers, Union controlled",Corporations,Pension,4004009908,65264315,Automatisk CVR import at 2017-09-29 11:23:25: Jan Savery Trojaborg som bestyrelsesmedlem i CVR 65264315 (2016-04-16 - NA).
Joergen Henrik Stampe,LB Forening,Vice chairman,Men,"Corporation, FINA, Finance, Pensions, Teachers, Union controlled",Corporations,Pension,4000483528,65264315,Automatisk CVR import at 2016-03-12 18:00:46: naestformand i Laererstandens Brandforsikr. (2012-04-28 - ).
Steen Holse Andersen,LB Forening,Chief executive,Men,"Corporation, FINA, Finance, Pensions, Teachers, Union controlled",Corporations,Pension,4004188047,65264315,Automatisk CVR import at 2016-03-12 18:00:46: DIREKTOER i Laererstandens Brandforsikr. (2015-12-09 - ).
Anne Mette Toftegaard,LB Forening,Chief executive,Women,"Corporation, FINA, Finance, Pensions, Teachers, Union controlled",Corporations,Pension,4004165581,65264315,Automatisk CVR import at 2016-03-12 18:00:46: adm. dir i Laererstandens Brandforsikr. (2014-01-01 - ).
Kirsten Skytte Petry,LB Forening,Member,Women,"Corporation, FINA, Finance, Pensions, Teachers, Union controlled",Corporations,Pension,4004132285,65264315,Automatisk CVR import at 2016-03-12 18:00:46: BESTYRELSE i Laererstandens Brandforsikr. (2012-04-28 - ).
Anders Ree-Pedersen,Leaseplan Danmark,Chairman,Men,"Corporation, FINA, Finance",Corporations,Finance,4006855192,16227641,Automatisk CVR import at 2017-09-29 08:46:40: Anders Ree-Pedersen som formand i CVR 16227641 (2017-03-01 - NA).
Kaj Michael Olsen 197610,Leaseplan Danmark,Member,Men,"Corporation, FINA, Finance",Corporations,Finance,4000689524,16227641,Automatisk CVR import at 2017-09-29 08:46:40: Kaj Michael Olsen som bestyrelsesmedlem i CVR 16227641 (2017-01-02 - NA).
Korfitsen,Leaseplan Danmark,Chief executive,NA,"Corporation, FINA, Finance",Corporations,Finance,4004064872,16227641,Automatisk CVR import at 2017-09-29 08:46:40: Stig Korfitsen som direktoer i CVR 16227641 (2017-04-01 - NA).
Tjahny Bercx,Leaseplan Danmark,Member,NA,"Corporation, FINA, Finance",Corporations,Finance,4006855191,16227641,Automatisk CVR import at 2017-09-29 08:46:40: Tjahny Bercx som bestyrelsesmedlem i CVR 16227641 (2017-03-01 - NA).
Carsten Mandrup Poulsen Wiggers,LR REALKREDIT A/S,Chief executive,Men,"Corporation, Finance, Housing, Venture- og kapitalfonde",Corporations,Finance,4004026915,26045304,Automatisk CVR import at 2016-03-12 18:00:43: adm. dir i LR REALKREDIT A/S (2004-01-01 - ).
Gert Rinaldo Jonassen,LR REALKREDIT A/S,Vice chairman,Men,"Corporation, Finance, Housing, Venture- og kapitalfonde",Corporations,Finance,4004095445,26045304,Automatisk CVR import at 2016-03-12 18:00:43: naestformand i LR REALKREDIT A/S (2005-04-29 - ).
Henrik Hoffmann 12487,LR REALKREDIT A/S,Vice chairman,Men,"Corporation, Finance, Housing, Venture- og kapitalfonde",Corporations,Finance,4004114539,26045304,Automatisk CVR import at 2016-03-12 18:00:43: naestformand i LR REALKREDIT A/S (2013-04-24 - ).
Michael Frisch,LR REALKREDIT A/S,Member,Men,"Corporation, Finance, Housing, Venture- og kapitalfonde",Corporations,Finance,4004091616,26045304,Automatisk CVR import at 2017-09-29 10:58:48: Michael Frisch som bestyrelsesmedlem i CVR 26045304 (2017-04-25 - NA).
Peter Hoeltermand,LR REALKREDIT A/S,Member,Men,"Corporation, Finance, Housing, Venture- og kapitalfonde",Corporations,Finance,4000006817,26045304,Automatisk CVR import at 2017-09-29 10:58:48: Peter Hoeltermand som bestyrelsesmedlem i CVR 26045304 (2016-04-25 - NA).
Peter Lybecker,LR REALKREDIT A/S,Chairman,Men,"Corporation, Finance, Housing, Venture- og kapitalfonde",Corporations,Finance,4003917331,26045304,Automatisk CVR import at 2017-09-29 10:58:48: Peter Lybecker som formand i CVR 26045304 (2017-04-25 - NA).
Christian Mariager,M.Goldschmidt Holding,Member,Men,"Corporation, FINA, Finance",Corporations,Finance,4004141783,20651601,Automatisk CVR import at 2016-03-12 18:00:55: BESTYRELSESMEDLEM i M.Goldschmidt Holding (2015-12-01 - ).
Daniel Tage Roennow Goldschmidt,M.Goldschmidt Holding,Member,Men,"Corporation, FINA, Finance",Corporations,Finance,4004108229,20651601,Automatisk CVR import at 2016-03-12 18:00:55: BESTYRELSE i M.Goldschmidt Holding (2012-08-01 - ).
Jens Peter Toft,M.Goldschmidt Holding,Vice chairman,Men,"Corporation, FINA, Finance",Corporations,Finance,4000610192,20651601,Automatisk CVR import at 2016-03-12 18:00:55: NAESTFORMAND i M.Goldschmidt Holding (2015-12-01 - ).
Mikael Goldschmidt,M.Goldschmidt Holding,Chief executive,Men,"Corporation, FINA, Finance",Corporations,Finance,4000294886,20651601,Automatisk CVR import at 2016-03-12 18:00:55: DIREKTOER i M.Goldschmidt Holding (2015-12-01 - ).
Niels Thomas Heering,M.Goldschmidt Holding,Chairman,Men,"Corporation, FINA, Finance",Corporations,Finance,4000067364,20651601,Automatisk CVR import at 2016-03-12 18:00:55: FORMAND i M.Goldschmidt Holding (2015-12-01 - ).
Peter Winther,M.Goldschmidt Holding,Member,Men,"Corporation, FINA, Finance",Corporations,Finance,4003836953,20651601,Automatisk CVR import at 2016-03-12 18:00:55: BESTYRELSESMEDLEM i M.Goldschmidt Holding (2015-12-01 - ).
Soeren Bjoern Hansen,M.Goldschmidt Holding,Executive,Men,"Corporation, FINA, Finance",Corporations,Finance,4004107463,20651601,Automatisk CVR import at 2016-03-12 18:00:55: DIREKTION i M.Goldschmidt Holding (2015-01-29 - ).
Erik Preben Holm,MAJ INVEST HOLDING A/S,Executive,Men,"Corporation, Venture- og kapitalfonde, Finance",Corporations,Finance,4003954957,28295480,Automatisk CVR import at 2016-03-12 18:00:59: DIREKTION i MAJ INVEST HOLDING A/S (2011-08-17 - ).
Henrik Andersen 12192,MAJ INVEST HOLDING A/S,Member,Men,"Corporation, Venture- og kapitalfonde, Finance",Corporations,Finance,4004062253,28295480,Automatisk CVR import at 2017-09-29 11:02:53: Henrik Andersen som bestyrelsesmedlem i CVR 28295480 (2016-04-27 - NA).
Henrik Parkhoei,MAJ INVEST HOLDING A/S,Executive,Men,"Corporation, Venture- og kapitalfonde, Finance",Corporations,Finance,4004130255,28295480,Automatisk CVR import at 2016-03-12 18:00:59: DIREKTION i MAJ INVEST HOLDING A/S (2010-12-08 - ).
Jeppe Christiansen,MAJ INVEST HOLDING A/S,Executive,Men,"Corporation, Venture- og kapitalfonde, Finance",Corporations,Finance,4004146542,28295480,Automatisk CVR import at 2016-03-12 18:00:59: DIREKTION i MAJ INVEST HOLDING A/S (2009-04-23 - ).
Ken Bamberg Ernstsen,MAJ INVEST HOLDING A/S,Member,Men,"Corporation, Venture- og kapitalfonde, Finance",Corporations,Finance,4003996351,28295480,Automatisk CVR import at 2016-03-12 18:00:59: BESTYRELSE i MAJ INVEST HOLDING A/S (2010-10-04 - ).
Nils Bernstein 47978,MAJ INVEST HOLDING A/S,Member,Men,"Corporation, Venture- og kapitalfonde, Finance",Corporations,Finance,4004016491,28295480,Automatisk CVR import at 2017-09-29 11:02:53: Nils Bernstein som bestyrelsesmedlem i CVR 28295480 (2016-04-27 - NA).
Tommy Pedersen 35985,MAJ INVEST HOLDING A/S,Chairman,Men,"Corporation, Venture- og kapitalfonde, Finance",Corporations,Finance,4003948812,28295480,Automatisk CVR import at 2016-03-12 18:00:59: formand i MAJ INVEST HOLDING A/S (2004-12-14 - ).
Ruth Schade,MAJ INVEST HOLDING A/S,Member,Women,"Corporation, Venture- og kapitalfonde, Finance",Corporations,Finance,4003965692,28295480,Automatisk CVR import at 2016-03-12 18:00:59: BESTYRELSE i MAJ INVEST HOLDING A/S (2009-12-09 - ).
Bernd Barth,Mercedes-Benz Finans,Chairman,Men,"Corporation, FINA, Finance",Corporations,Finance,4006915360,16047686,Automatisk CVR import at 2017-09-29 08:46:17: Bernd Barth som formand i CVR 16047686 (2017-06-01 - NA).
Björn Hauber,Mercedes-Benz Finans,Member,Men,"Corporation, FINA, Finance",Corporations,Finance,4006492997,16047686,Automatisk CVR import at 2017-09-29 08:46:17: Björn Hauber som bestyrelsesmedlem i CVR 16047686 (2016-04-01 - NA).
Florian Peterl,Mercedes-Benz Finans,Executive,Men,"Corporation, FINA, Finance",Corporations,Finance,4004293122,16047686,Automatisk CVR import at 2016-03-12 18:01:22: DIREKTION i Mercedes-Benz Finans (2014-07-24 - ).
Ralf Hans Werner Ewald 196622,Mercedes-Benz Finans,Member,Men,"Corporation, FINA, Finance",Corporations,Finance,4006840561,16047686,Automatisk CVR import at 2017-09-29 08:46:17: Ralf Hans WErner Ewald som bestyrelsesmedlem i CVR 16047686 (2017-03-10 - NA).
Aage Almtoft,Middelfart Sparekasse,Member,Men,"Corporation, FINA, Banks, Finance",Corporations,Banks,4003983591,24744817,Automatisk CVR import at 2016-03-12 18:01:28: BESTYRELSE i Middelfart Sparekasse (2009-03-31 - ).
Allan Buch,Middelfart Sparekasse,Chairman,Men,"Corporation, FINA, Banks, Finance",Corporations,Banks,4000218538,24744817,Automatisk CVR import at 2016-03-12 18:01:27: formand i Middelfart Sparekasse (2011-03-15 - ).
Bo Skovby Rosendahl,Middelfart Sparekasse,Member,Men,"Corporation, FINA, Banks, Finance",Corporations,Banks,4000738234,24744817,Automatisk CVR import at 2016-03-12 18:01:27: BESTYRELSE i Middelfart Sparekasse (2013-03-19 - ).
Bo Smith 4493,Middelfart Sparekasse,Member,Men,"Corporation, FINA, Banks, Finance",Corporations,Banks,4000227735,24744817,Automatisk CVR import at 2016-03-12 18:01:27: BESTYRELSE i Middelfart Sparekasse (2011-03-31 - ).
Claus Nielsen 50129,Middelfart Sparekasse,Member,Men,"Corporation, FINA, Banks, Finance",Corporations,Banks,4005941115,24744817,Automatisk CVR import at 2016-03-12 18:01:28: BESTYRELSESMEDLEM i Middelfart Sparekasse (2015-02-25 - ).
Jan Melgaard,Middelfart Sparekasse,Member,Men,"Corporation, FINA, Banks, Finance",Corporations,Banks,4004112482,24744817,Automatisk CVR import at 2016-03-12 18:01:28: BESTYRELSESMEDLEM i Middelfart Sparekasse (2015-02-25 - ).
Martin Noerholm Baltser,Middelfart Sparekasse,Chief executive,Men,"Corporation, FINA, Banks, Finance",Corporations,Banks,4004030320,24744817,Automatisk CVR import at 2016-03-12 18:01:28: adm. dir i Middelfart Sparekasse (2012-01-01 - ).
Michael Frandsen,Middelfart Sparekasse,Other role,Men,"Corporation, FINA, Banks, Finance",Corporations,Banks,4004190021,24744817,Automatisk CVR import at 2016-03-12 18:01:28: PERSONLIG_SUPPLEANT i Middelfart Sparekasse (2013-03-01 - ).
Bettina Joergensen,Middelfart Sparekasse,Member,Women,"Corporation, FINA, Banks, Finance",Corporations,Banks,4000151491,24744817,Automatisk CVR import at 2017-09-29 10:56:10: Bettina Joergensen som bestyrelsesmedlem i CVR 24744817 (2017-03-01 - NA).
Pia Kjaer Nielsen,Middelfart Sparekasse,Member,Women,"Corporation, FINA, Banks, Finance",Corporations,Banks,4004152882,24744817,Automatisk CVR import at 2016-03-12 18:01:28: BESTYRELSE i Middelfart Sparekasse (2011-03-31 - ).
Anders Rasmussen 827,MP PENSION - PENSIONSKASSEN FOR MAGISTRE & PSYKOLOGER,NA,Men,"Corporation, Employer controlled, Finance, Pensions, Union controlled",Corporations,Pension,4004137216,20766816,"Cand.scient., udpeget af DM. Ansat i Kolding Kommune. Andre tillidshverv: Medlem af bestyrelsen i MP Ejendomme P/S, medlem af hovedbestyrelsen i DM og medlem af Overenskomst- og Arbejdspladsudvalget i DM."
Arne Groenborg Johansen,MP PENSION - PENSIONSKASSEN FOR MAGISTRE & PSYKOLOGER,NA,Men,"Corporation, Employer controlled, Finance, Pensions, Union controlled",Corporations,Pension,4000406132,20766816,"Cand.psych., udpeget af DP. Konsulent i Faxe Kommune og ekstern lektor ved Koebenhavns Universitet. Andre tillidshverv: Medlem af bestyrelsen i MP Ejendomme P/S, medlem af bestyrelsen i Dansk Psykologisk Forlag, medlem af forretningsudvalget og revisorgruppen i DP."
Egon Kristensen,MP PENSION - PENSIONSKASSEN FOR MAGISTRE & PSYKOLOGER,Chairman,Men,"Corporation, Employer controlled, Finance, Pensions, Union controlled",Corporations,Pension,4004185709,20766816,Automatisk CVR import at 2017-11-09 15:31:26: Egon Kristensen som formand i CVR 20766816 (2016-01-05 - NA).
Henrik Klitmoeller Rasmussen,MP PENSION - PENSIONSKASSEN FOR MAGISTRE & PSYKOLOGER,Member,Men,"Corporation, Employer controlled, Finance, Pensions, Union controlled",Corporations,Pension,4000654999,20766816,"Cand. scient. pol., udpeget af DM, DP og GL i faellesskab. Selvstaendig konsulent (Risk og forsikring) Klitmoeller ledelsesraadgivning. Andre tillidshverv: Medlem af Unipensions forretningsudvalg, formand for revisionsudvalget i MP Pension og medlem af bestyrelsen i MP Ejendomme P/S. Bestyrelsesformand i privathospitalet Moen A/S og bestyrelsesmedlem i Frida Forsikringsagentur A/S og EIRM A/S."
Jens Munch Holst,MP PENSION - PENSIONSKASSEN FOR MAGISTRE & PSYKOLOGER,Executive,Men,"Corporation, Employer controlled, Finance, Pensions, Union controlled",Corporations,Pension,NA,20766816,"Direktoer, MP PENSION - PENSIONSKASSEN FOR MAGISTRE & PSYKOLOGER"
Jens Otto Holst,MP PENSION - PENSIONSKASSEN FOR MAGISTRE & PSYKOLOGER,Chief executive,Men,"Corporation, Employer controlled, Finance, Pensions, Union controlled",Corporations,Pension,4000672492,20766816,Automatisk CVR import at 2017-11-09 15:31:26: Jens Otto Holst som direktoer i CVR 20766816 (2016-02-01 - NA).
Magnus Skovrind Pedersen,MP PENSION - PENSIONSKASSEN FOR MAGISTRE & PSYKOLOGER,Member,Men,"Corporation, Employer controlled, Finance, Pensions, Union controlled",Corporations,Pension,4000745999,20766816,Automatisk CVR import at 2017-11-09 15:31:26: Magnus Skovrind Pedersen som bestyrelsesmedlem i CVR 20766816 (2016-01-05 - NA).
Per Clausen 29406,MP PENSION - PENSIONSKASSEN FOR MAGISTRE & PSYKOLOGER,NA,Men,"Corporation, Employer controlled, Finance, Pensions, Union controlled",Corporations,Pension,NA,20766816,"Cand.phil. i samfundsfag, medlemsvalgt. Andre tillidshverv: Medlem af bestyrelsen i MP Ejendomme P/S og formand for Magistrenes A-kasse."
Per Clausen 47159,MP PENSION - PENSIONSKASSEN FOR MAGISTRE & PSYKOLOGER,Member,Men,"Corporation, Employer controlled, Finance, Pensions, Union controlled",Corporations,Pension,4003999665,20766816,Automatisk CVR import at 2017-11-09 15:31:26: Per Clausen som bestyrelsesmedlem i CVR 20766816 (2016-01-05 - NA).
Peter Madsen 30545,MP PENSION - PENSIONSKASSEN FOR MAGISTRE & PSYKOLOGER,Member,Men,"Corporation, Employer controlled, Finance, Pensions, Union controlled",Corporations,Pension,4006408966,20766816,Automatisk CVR import at 2017-11-09 15:31:26: Peter Madsen som bestyrelsesmedlem i CVR 20766816 (2016-01-05 - NA).
Soeren Kogsboell,MP PENSION - PENSIONSKASSEN FOR MAGISTRE & PSYKOLOGER,Member,Men,"Corporation, Employer controlled, Finance, Pensions, Union controlled",Corporations,Pension,4003929888,20766816,"Cand.scient., udpeget af GL. Lektor paa Frederikshavn Gymnasium og HF-kursus. Andre tillidshverv: Medlem af revisionsudvalget i MP og bestyrelsen i MP Ejendomme P/S. Udpeget til lokalraadet i Laan og Spar Bank i Aalborg."
Ingrid Stage,MP PENSION - PENSIONSKASSEN FOR MAGISTRE & PSYKOLOGER,Member,Women,"Corporation, Employer controlled, Finance, Pensions, Union controlled",Corporations,Pension,4000292221,20766816,Automatisk CVR import at 2017-11-09 15:31:26: Ingrid Stage som bestyrelsesmedlem i CVR 20766816 (2016-01-05 - NA).
Lis Skovbjerg,MP PENSION - PENSIONSKASSEN FOR MAGISTRE & PSYKOLOGER,NA,Women,"Corporation, Employer controlled, Finance, Pensions, Union controlled",Corporations,Pension,4003969782,20766816,"Saerligt sagkyndigt bestyrelsesmedlem, valgt paa generalforsamlingen. Andre tillidshverv: Medlem af bestyrelsen i MP Ejendomme P/S. Bestyrelsesmedlem i Paedagogernes Pensionskasse og formand for revisionsudvalget i PBU. Bestyrelsesmedlem i BIG Fonden."
Carsten Tirsbaek Madsen,NASDAQ OMX Copenhagen (Advisory Committee),NA,Men,"Finance, KU-Jura",Corporations,Finance,4004058236,NA,Realkreditraadet
Erik Schoedt,NASDAQ OMX Copenhagen (Advisory Committee),NA,Men,"Finance, KU-Jura",Corporations,Finance,NA,NA, Boersmaeglerforeninge
Gorm Praefke,NASDAQ OMX Copenhagen (Advisory Committee),NA,Men,"Finance, KU-Jura",Corporations,Finance,4003947634,NA,Finansraadet
Jan Walther Andersen,NASDAQ OMX Copenhagen (Advisory Committee),NA,Men,"Finance, KU-Jura",Corporations,Finance,4003916783,NA,Regionale Bankers Forening
Karsten Beltoft,NASDAQ OMX Copenhagen (Advisory Committee),NA,Men,"Finance, KU-Jura",Corporations,Finance,NA,NA,Realkreditraadet
Knud Carsten Bernhard Loenfeldt,NASDAQ OMX Copenhagen (Advisory Committee),NA,Men,"Finance, KU-Jura",Corporations,Finance,4003872898,NA, Dansk Industri;
Soeren Gade Jensen,NASDAQ OMX Copenhagen (Advisory Committee),NA,Men,"Finance, KU-Jura",Corporations,Finance,4004047849,NA,Boersmaeglerforeningen
Soeren Kaare-Andersen,NASDAQ OMX Copenhagen (Advisory Committee),NA,Men,"Finance, KU-Jura",Corporations,Finance,4004009188,NA,NA
Soeren Thor Jensen,NASDAQ OMX Copenhagen (Advisory Committee),NA,Men,"Finance, KU-Jura",Corporations,Finance,NA,NA,Dansk Erhverv
Anne Pindborg,NASDAQ OMX Copenhagen (Advisory Committee),NA,Women,"Finance, KU-Jura",Corporations,Finance,4000553301,NA, Danmarks Rederiforening
Malene Stadil,NASDAQ OMX Copenhagen (Advisory Committee),NA,Women,"Finance, KU-Jura",Corporations,Finance,NA,NA,Finansraadet
Lauri Mikael Rosendahl,NASDAQ OMX Copenhagen A/S (Bestyrelse),Chairman,Binominal,"Finance, KU-Jura",Corporations,Finance,4006515065,19042677,Automatisk CVR import at 2017-09-29 08:51:16: Lauri Mikael Rosendahl som formand i CVR 19042677 (2016-03-22 - NA).
Bjoern Sibbern,NASDAQ OMX Copenhagen A/S (Bestyrelse),Chief executive,Men,"Finance, KU-Jura",Corporations,Finance,4004071264,19042677,"Skovholmvej 3
2920 Charlottenlund 2500 Valby "
Karl Adam Jarl Christian Leif Kostyal,NASDAQ OMX Copenhagen A/S (Bestyrelse),Member,Men,"Finance, KU-Jura",Corporations,Finance,4004305938,19042677,Fagusv. 4 18133 Lidingö Sverige 
Nikolaj Kosakewitsch,NASDAQ OMX Copenhagen A/S (Bestyrelse),Chief executive,Men,"Finance, KU-Jura",Corporations,Finance,4006879129,19042677,Automatisk CVR import at 2017-09-29 08:51:16: Nikolaj Kosakewitsch som direktoer i CVR 19042677 (2017-05-01 - NA).
Robert Ian Caisley,NASDAQ OMX Copenhagen A/S (Bestyrelse),Member,Men,"Finance, KU-Jura",Corporations,Finance,4006590666,19042677,Automatisk CVR import at 2017-09-29 08:51:16: Robert Ian Caisley som bestyrelsesmedlem i CVR 19042677 (2016-06-17 - NA).
Teuvo Tarmo Tapio Rossi,NASDAQ OMX Copenhagen A/S (Bestyrelse),Member,Men,"Finance, KU-Jura",Corporations,Finance,4004266254,19042677,Yhtiötie 18 C SF-02700 Kauniainen Finland 
Suzanne Dahl Wallin,NASDAQ OMX Copenhagen A/S (Bestyrelse),Member,Women,"Finance, KU-Jura",Corporations,Finance,4004123548,19042677,Steenbergsvej 17
Birger Steen,NORDEA AB,Member,Men,"Banks, Corporation, FINA, Finance",Corporations,Banks,NA,NA,Member of the Board of Directors. Nordea Bank.
Björn Wahlroos,NORDEA AB,Chairman,Men,"Banks, Corporation, FINA, Finance",Corporations,Banks,NA,NA,Chairman of the Board of Directors. Nordea Bank.
Casper Wilhelm von Koskull,NORDEA AB,Chief executive,Men,"Banks, Corporation, FINA, Finance",Corporations,Banks,NA,NA,CEO and president at Nordea.
Erik Ekman,NORDEA AB,Executive,Men,"Banks, Corporation, FINA, Finance",Corporations,Banks,NA,NA,"Executive Vice President,"
Lars-Göran Nordström,NORDEA AB,Member,Men,"Banks, Corporation, FINA, Finance",Corporations,Banks,NA,NA,Member of the Board of Directors. Nordea Bank.
Lennart Jacobsen,NORDEA AB,Executive,Men,"Banks, Corporation, FINA, Finance",Corporations,Banks,NA,NA,"Executive Vice President, Head of Retail Banking and Country Senior Executive in Swede"
Mads G. Jakobsen,NORDEA AB,Executive,Men,"Banks, Corporation, FINA, Finance",Corporations,Banks,NA,NA,"Executive Vice President, Deputy Head of Retail Banking and Country Senior Executive in Denmark."
Robin Lawther,NORDEA AB,Member,Men,"Banks, Corporation, FINA, Finance",Corporations,Banks,NA,NA,Member of the Board of Directors. Nordea Bank.
Snorre Storset,NORDEA AB,Executive,Men,"Banks, Corporation, FINA, Finance",Corporations,Banks,4004275926,NA,"Executive Vice President, Head of Wealth Management and Country Senior Executive in Norway."
Tom Knutzen 35932,NORDEA AB,Member,Men,"Banks, Corporation, FINA, Finance",Corporations,Banks,4004009133,NA,Member of the Board of Directors. Nordea Bank.
Torsten Hagen Joergensen,NORDEA AB,Executive,Men,"Banks, Corporation, FINA, Finance",Corporations,Banks,NA,NA,"Deputy CEO and Group Chief Operating Officer (COO), Executive Vice President, Head of Group Corporate Centre."
Kari Stadigh,NORDEA AB,Member,Women,"Banks, Corporation, FINA, Finance",Corporations,Banks,NA,NA,Member of the Board of Directors. Nordea Bank.
Marie Elisabeth Ehrling,NORDEA AB,Vice chairman,Women,"Banks, Corporation, FINA, Finance",Corporations,Banks,NA,NA,Deputy Chairman of the Board of Directors. Nordea Bank.
Sarah Russell,NORDEA AB,Member,Women,"Banks, Corporation, FINA, Finance",Corporations,Banks,NA,NA,Member of the Board of Directors. Nordea Bank.
Silvija Seres,NORDEA AB,Member,Women,"Banks, Corporation, FINA, Finance",Corporations,Banks,NA,NA,Member of the Board of Directors. Nordea Bank.
Björn Wahlroos,NORDEA AB (Direktion),Chairman,Men,"Banks, Corporation, FINA, Finance",Corporations,Banks,NA,NA,Chairman of the Board of Directors. Nordea Bank.
Casper Wilhelm von Koskull,NORDEA AB (Direktion),Chief executive,Men,"Banks, Corporation, FINA, Finance",Corporations,Banks,NA,NA,CEO and president at Nordea.
Erik Ekman,NORDEA AB (Direktion),Executive,Men,"Banks, Corporation, FINA, Finance",Corporations,Banks,NA,NA,"Executive Vice President,"
Lennart Jacobsen,NORDEA AB (Direktion),Executive,Men,"Banks, Corporation, FINA, Finance",Corporations,Banks,NA,NA,"Executive Vice President, Head of Retail Banking and Country Senior Executive in Swede"
Mads G. Jakobsen,NORDEA AB (Direktion),Executive,Men,"Banks, Corporation, FINA, Finance",Corporations,Banks,NA,NA,"Executive Vice President, Deputy Head of Retail Banking and Country Senior Executive in Denmark."
Snorre Storset,NORDEA AB (Direktion),Executive,Men,"Banks, Corporation, FINA, Finance",Corporations,Banks,4004275926,NA,"Executive Vice President, Head of Wealth Management and Country Senior Executive in Norway."
Torsten Hagen Joergensen,NORDEA AB (Direktion),Executive,Men,"Banks, Corporation, FINA, Finance",Corporations,Banks,NA,NA,"Deputy CEO and Group Chief Operating Officer (COO), Executive Vice President, Head of Group Corporate Centre."
Ari Antero Kaperi,NORDEA FINANS DANMARK A/S,Chairman,Men,"Banks, Corporation, Finance",Corporations,Banks,4006834690,89805910,Automatisk CVR import at 2017-09-29 11:30:18: Ari Antero Kaperi som formand i CVR 89805910 (2017-03-06 - NA).
Bjoern Boeje Jensen,NORDEA FINANS DANMARK A/S,Chief executive,Men,"Banks, Corporation, Finance",Corporations,Banks,4004121666,89805910,Automatisk CVR import at 2017-09-29 11:30:18: Bjoern Boeje Jensen som adm. dir. i CVR 89805910 (2017-03-01 - NA).
Jan Anders Ljungqvist,NORDEA FINANS DANMARK A/S,Member,Men,"Banks, Corporation, Finance",Corporations,Banks,4006546496,89805910,Automatisk CVR import at 2017-09-29 11:30:18: Jan Anders Ljungqvist som bestyrelsesmedlem i CVR 89805910 (2016-05-12 - NA).
Peter Hupfeld,NORDEA FINANS DANMARK A/S,Member,Men,"Banks, Corporation, Finance",Corporations,Banks,4004119884,89805910,Automatisk CVR import at 2017-09-29 11:30:18: Peter Hupfeld som bestyrelsesmedlem i CVR 89805910 (2015-12-07 - NA).
Peter Lybecker,NORDEA FINANS DANMARK A/S,Vice chairman,Men,"Banks, Corporation, Finance",Corporations,Banks,4003917331,89805910,Automatisk CVR import at 2017-09-29 11:30:18: Peter Lybecker som naestformand i CVR 89805910 (2015-09-01 - NA).
Anna Maria Storaakers,NORDEA FINANS DANMARK A/S,Member,Women,"Banks, Corporation, Finance",Corporations,Banks,4004286454,89805910,Automatisk CVR import at 2017-09-29 11:30:18: Anna Maria Storaakers som bestyrelse i CVR 89805910 (2013-05-31 - NA).
Topi Tapani Manner,NORDEA FINANS DANMARK A/S,Member,Women,"Banks, Corporation, Finance",Corporations,Banks,4006297465,89805910,Automatisk CVR import at 2017-09-29 11:30:18: Topi Tapani Manner som bestyrelsesmedlem i CVR 89805910 (2015-09-01 - NA).
Ejvind Naesvang Jensen,NORDEA IVAERKSAETTERFOND,Member,Men,"Foundation, Innovation, Corporation, Banks, Finance",Foundations,Banks,4004109497,60783128,Automatisk CVR import at 2017-09-29 11:21:05: Ejvind Naesvang Jensen som bestyrelsesmedlem i CVR 60783128 (2015-12-22 - NA).
Jens Langeland-Knudsen,NORDEA IVAERKSAETTERFOND,Chairman,Men,"Foundation, Innovation, Corporation, Banks, Finance",Foundations,Banks,4000056231,60783128,Automatisk CVR import at 2017-09-29 11:21:05: Jens Langeland-Knudsen som formand i CVR 60783128 (2015-12-22 - NA).
Peter Cordsen,NORDEA IVAERKSAETTERFOND,Member,Men,"Foundation, Innovation, Corporation, Banks, Finance",Foundations,Banks,4003947343,60783128,Automatisk CVR import at 2016-03-12 18:02:18: BESTYRELSE i NORDEA IVAERKSAETTERFOND (1987-01-21 - ).
Claus Henrik Greve,NORDEA KREDIT REALKREDITAKTIESELSKAB,Executive,Men,"Corporation, Finance, Housing",Corporations,Finance,4004178127,15134275,Automatisk CVR import at 2016-03-12 18:02:19: DIREKTION i NORDEA KREDIT REALKREDITAKTIESELSKAB (2015-01-15 - ).
Frank Vang-Jensen,NORDEA KREDIT REALKREDITAKTIESELSKAB,Chairman,Men,"Corporation, Finance, Housing",Corporations,Finance,4004078231,15134275,Automatisk CVR import at 2017-09-29 08:44:36: Frank Vang-Jensen som formand i CVR 15134275 (2017-05-30 - NA).
Hans Nicklas Ilebrand,NORDEA KREDIT REALKREDITAKTIESELSKAB,Member,Men,"Corporation, Finance, Housing",Corporations,Finance,4006822848,15134275,Automatisk CVR import at 2017-09-29 08:44:36: Hans Nicklas Ilebrand som bestyrelsesmedlem i CVR 15134275 (2017-01-01 - NA).
Joergen Holm Jensen,NORDEA KREDIT REALKREDITAKTIESELSKAB,Member,Men,"Corporation, Finance, Housing",Corporations,Finance,4003945470,15134275,Automatisk CVR import at 2016-03-12 18:02:18: BESTYRELSE i NORDEA KREDIT REALKREDITAKTIESELSKAB (2003-04-03 - ).
Kim Skov Jensen,NORDEA KREDIT REALKREDITAKTIESELSKAB,Member,Men,"Corporation, Finance, Housing",Corporations,Finance,4004096128,15134275,Automatisk CVR import at 2016-03-12 18:02:18: BESTYRELSE i NORDEA KREDIT REALKREDITAKTIESELSKAB (2012-03-28 - ).
Peter Rüdiger Smith,NORDEA KREDIT REALKREDITAKTIESELSKAB,Chief executive,Men,"Corporation, Finance, Housing",Corporations,Finance,4005994921,15134275,Automatisk CVR import at 2017-09-29 08:44:36: Peter Rüdiger Smith som adm. dir. i CVR 15134275 (2016-12-12 - NA).
Torben Laustsen,NORDEA KREDIT REALKREDITAKTIESELSKAB,Member,Men,"Corporation, Finance, Housing",Corporations,Finance,4004135758,15134275,Automatisk CVR import at 2017-09-29 08:44:36: Torben Laustsen som bestyrelsesmedlem i CVR 15134275 (2017-01-01 - NA).
Anne Roemer,NORDEA KREDIT REALKREDITAKTIESELSKAB,Member,Women,"Corporation, Finance, Housing",Corporations,Finance,4004012283,15134275,Automatisk CVR import at 2017-09-29 08:44:36: Anne Roemer som bestyrelsesmedlem i CVR 15134275 (2017-01-01 - NA).
Kamilla Hammerich Skytte 196713,NORDEA KREDIT REALKREDITAKTIESELSKAB,Chief executive,Women,"Corporation, Finance, Housing",Corporations,Finance,4006895373,15134275,Automatisk CVR import at 2017-09-29 08:44:36: Kamilla Hammerich Skytte som direktoer i CVR 15134275 (2017-04-04 - NA).
Bent Tjoernemark,Nordea Liv & Pension,Member,Men,"Banks, Corporation, FINA, Finance, Insurance, Pensions",Corporations,Banks,4003987102,24260577,Nordea Bank
Gustaf Sebastian Björnson Unger,Nordea Liv & Pension,Chairman,Men,"Banks, Corporation, FINA, Finance, Insurance, Pensions",Corporations,Banks,4007009869,24260577,Automatisk CVR import at 2017-09-29 10:56:04: Gustaf Sebastian Björnson Unger som formand i CVR 24260577 (2017-07-07 - NA).
Hans Arnum,Nordea Liv & Pension,Member,Men,"Banks, Corporation, FINA, Finance, Insurance, Pensions",Corporations,Banks,4000562987,24260577,Automatisk CVR import at 2017-09-29 10:56:04: Hans Arnum som bestyrelsesmedlem i CVR 24260577 (2017-03-01 - NA).
Kent Petersen 19514,Nordea Liv & Pension,Member,Men,"Banks, Corporation, FINA, Finance, Insurance, Pensions",Corporations,Banks,4004032049,24260577,Automatisk CVR import at 2017-09-29 10:56:04: Kent Petersen som bestyrelsesmedlem i CVR 24260577 (2016-04-25 - NA).
Mads Skovlund Pedersen,Nordea Liv & Pension,Member,Men,"Banks, Corporation, FINA, Finance, Insurance, Pensions",Corporations,Banks,4006674459,24260577,Automatisk CVR import at 2017-09-29 10:56:04: Mads Skovlund Pedersen som bestyrelsesmedlem i CVR 24260577 (2016-09-06 - NA).
Michael Frisch,Nordea Liv & Pension,Member,Men,"Banks, Corporation, FINA, Finance, Insurance, Pensions",Corporations,Banks,4004091616,24260577,Automatisk CVR import at 2017-09-29 10:56:04: Michael Frisch som bestyrelsesmedlem i CVR 24260577 (2016-09-06 - NA).
Peter Gaemelke,Nordea Liv & Pension,Member,Men,"Banks, Corporation, FINA, Finance, Insurance, Pensions",Corporations,Banks,4000066429,24260577,"professionelt bestyrelsesmedlem, udpeget af TryghedsGruppen"
Peter Thomsen 30863,Nordea Liv & Pension,Member,Men,"Banks, Corporation, FINA, Finance, Insurance, Pensions",Corporations,Banks,4004157778,24260577,Medarbejdervalgt medlem
Steen Michael Erichsen,Nordea Liv & Pension,Chief executive,Men,"Banks, Corporation, FINA, Finance, Insurance, Pensions",Corporations,Banks,4004161532,24260577,NA
Anne Marie Nielsen 38679,Nordea Liv & Pension,Vice chairman,Women,"Banks, Corporation, FINA, Finance, Insurance, Pensions",Corporations,Banks,4004107509,24260577,Medarbejdervalgt medlem
Bettina Biel-Courtney,Nordea Liv & Pension,Member,Women,"Banks, Corporation, FINA, Finance, Insurance, Pensions",Corporations,Banks,4004176346,24260577,Medarbejdervalgt medlem
Hanna Sigrid Jacobsson,Nordea Liv & Pension,Member,Women,"Banks, Corporation, FINA, Finance, Insurance, Pensions",Corporations,Banks,4006674458,24260577,Automatisk CVR import at 2017-09-29 10:56:04: Hanna Sigrid Jacobsson som bestyrelsesmedlem i CVR 24260577 (2016-09-06 - NA).
Palle Gyldenloeve,Nordea Pension,Executive,Men,"Corporation, FINA, Banks, Pensions, Finance",Corporations,Banks,4003893250,10239702,Automatisk CVR import at 2016-03-12 18:02:19: DIREKTION i Nordea Pension (1996-01-10 - ).
Soeren Tang Kristensen,Nordea Pension,Member,Men,"Corporation, FINA, Banks, Pensions, Finance",Corporations,Banks,4004044543,10239702,Automatisk CVR import at 2016-03-12 18:02:19: BESTYRELSE i Nordea Pension (2013-02-28 - ).
Gitte Minet Aggerholm,Nordea Pension,Member,Women,"Corporation, FINA, Banks, Pensions, Finance",Corporations,Banks,4004011042,10239702,Automatisk CVR import at 2016-03-12 18:02:19: BESTYRELSE i Nordea Pension (2008-04-01 - ).
Henning Steffen Christensen,NORDJYSK LAANEFOND,Chairman,Men,"Foundation, Innovation, Banks, Finance, Politics, Regional",Foundations,Banks,4004100406,31368529,Automatisk CVR import at 2016-03-12 18:02:30: formand i NORDJYSK LAANEFOND (2008-07-01 - ).
Jens Ole Jensen 15630,NORDJYSK LAANEFOND,Member,Men,"Foundation, Innovation, Banks, Finance, Politics, Regional",Foundations,Banks,4000561654,31368529,Automatisk CVR import at 2016-03-12 18:02:30: BESTYRELSE i NORDJYSK LAANEFOND (2007-01-01 - ).
John Büchler Bertelsen,NORDJYSK LAANEFOND,Member,Men,"Foundation, Innovation, Banks, Finance, Politics, Regional",Foundations,Banks,4004142558,31368529,Automatisk CVR import at 2016-03-12 18:02:30: BESTYRELSESMEDLEM i NORDJYSK LAANEFOND (2015-04-09 - ).
Leo Skjoedt Mikkelsen,NORDJYSK LAANEFOND,Member,Men,"Foundation, Innovation, Banks, Finance, Politics, Regional",Foundations,Banks,4003894714,31368529,Automatisk CVR import at 2016-03-12 18:02:30: BESTYRELSE i NORDJYSK LAANEFOND (2011-01-01 - ).
Birte Dyrberg,NORDJYSK LAANEFOND,Member,Women,"Foundation, Innovation, Banks, Finance, Politics, Regional",Foundations,Banks,4000234038,31368529,Automatisk CVR import at 2016-03-12 18:02:30: BESTYRELSE i NORDJYSK LAANEFOND (2007-01-01 - ).
Arne Iversen Ugilt,Nordjyske Bank,Member,Men,"Corporation, FINA, Banks, Finance",Corporations,Banks,4000062215,30828712,Automatisk CVR import at 2016-03-12 18:02:30: BESTYRELSESMEDLEM i Nordjyske Bank (2015-05-12 - ).
Carl Aage Petersen,Nordjyske Bank,Chief executive,Men,"Corporation, FINA, Banks, Finance",Corporations,Banks,4006443340,30828712,Automatisk CVR import at 2016-03-12 18:02:32: DIREKTOER i Nordjyske Bank (2015-12-15 - ).
Claus Andersen 6225,Nordjyske Bank,Executive,Men,"Corporation, FINA, Banks, Finance",Corporations,Banks,4004172403,30828712,Automatisk CVR import at 2016-03-12 18:02:32: DIREKTION i Nordjyske Bank (2010-12-01 - ).
Finn Aaen,Nordjyske Bank,Member,Men,"Corporation, FINA, Banks, Finance",Corporations,Banks,4004189151,30828712,Automatisk CVR import at 2016-03-12 18:02:32: BESTYRELSESMEDLEM i Nordjyske Bank (2015-05-12 - ).
Henrik Lintner,Nordjyske Bank,Member,Men,"Corporation, FINA, Banks, Finance",Corporations,Banks,4000070139,30828712,Automatisk CVR import at 2016-03-12 18:02:30: BESTYRELSE i Nordjyske Bank (2007-03-13 - ).
John Christian Aasted,Nordjyske Bank,Member,Men,"Corporation, FINA, Banks, Finance",Corporations,Banks,4000369170,30828712,Automatisk CVR import at 2016-03-12 18:02:31: BESTYRELSESMEDLEM i Nordjyske Bank (2015-03-31 - ).
Mads Ole Hvolby,Nordjyske Bank,Chairman,Men,"Corporation, FINA, Banks, Finance",Corporations,Banks,4000097659,30828712,Automatisk CVR import at 2016-03-12 18:02:30: FORMAND i Nordjyske Bank (2015-03-31 - ).
Mikael Toldbod Jakobsen,Nordjyske Bank,Executive,Men,"Corporation, FINA, Banks, Finance",Corporations,Banks,4003896403,30828712,Automatisk CVR import at 2016-03-12 18:02:31: DIREKTION i Nordjyske Bank (2010-12-01 - ).
Morten Jensen 26688,Nordjyske Bank,Member,Men,"Corporation, FINA, Banks, Finance",Corporations,Banks,4000329218,30828712,Automatisk CVR import at 2016-03-12 18:02:31: BESTYRELSESMEDLEM i Nordjyske Bank (2015-03-31 - ).
Per Lykkegaard Christensen,Nordjyske Bank,Member,Men,"Corporation, FINA, Banks, Finance",Corporations,Banks,4000130474,30828712,Automatisk CVR import at 2016-03-12 18:02:30: BESTYRELSE i Nordjyske Bank (2008-03-05 - ).
Poul Soee Jeppesen,Nordjyske Bank,Member,Men,"Corporation, FINA, Banks, Finance",Corporations,Banks,4004108787,30828712,Automatisk CVR import at 2016-03-12 18:02:31: BESTYRELSESMEDLEM i Nordjyske Bank (2015-03-31 - ).
Sten Uggerhoej,Nordjyske Bank,Vice chairman,Men,"Corporation, FINA, Banks, Finance",Corporations,Banks,4000061462,30828712,Automatisk CVR import at 2017-09-29 11:06:31: Sten Uggerhoej som naestformand i CVR 30828712 (2017-03-07 - NA).
Anne Kaptain,Nordjyske Bank,Member,Women,"Corporation, FINA, Banks, Finance",Corporations,Banks,4004129706,30828712,Automatisk CVR import at 2017-09-29 11:06:31: Anne Gammelgaard Kaptain som bestyrelsesmedlem i CVR 30828712 (2017-03-07 - NA).
Hanne Karlshoej,Nordjyske Bank,Member,Women,"Corporation, FINA, Banks, Finance",Corporations,Banks,4000283271,30828712,Automatisk CVR import at 2016-03-12 18:02:31: BESTYRELSE i Nordjyske Bank (2002-03-13 - ).
Carsten Anders Brandt,Nordstjernen Holding,Member,Men,"Corporation, FINA, Finance",Corporations,Finance,4003882142,10038200,Automatisk CVR import at 2016-03-12 18:02:32: BESTYRELSESMEDLEM i Nordstjernen Holding (2015-11-23 - ).
Hasse Bjoern Rasmussen,Nordstjernen Holding,Executive,Men,"Corporation, FINA, Finance",Corporations,Finance,4003935946,10038200,Automatisk CVR import at 2016-03-12 18:02:32: DIREKTION i Nordstjernen Holding (1986-01-10 - ).
Klaus Elkjaer Rasmussen,Nordstjernen Holding,Member,Men,"Corporation, FINA, Finance",Corporations,Finance,2698004,10038200,Automatisk CVR import at 2016-03-12 18:02:32: BESTYRELSE i Nordstjernen Holding (2008-12-04 - ).
Henrik Lundum,NOVI A/S,Chief executive,Men,"Corporation, Finance, Venture- og kapitalfonde",Corporations,Finance,4004100253,30505247,Automatisk CVR import at 2017-09-29 11:05:47: Henrik Lundum som adm. dir. i CVR 30505247 (2016-11-01 - NA).
Henrik Soerensen 12845,NOVI A/S,Vice chairman,Men,"Corporation, Finance, Venture- og kapitalfonde",Corporations,Finance,4000116905,30505247,Automatisk CVR import at 2016-03-12 18:02:40: naestformand i NOVI A/S (2009-01-23 - ).
Jes Vibech Laursen,NOVI A/S,Member,Men,"Corporation, Finance, Venture- og kapitalfonde",Corporations,Finance,4000164268,30505247,Automatisk CVR import at 2016-03-12 18:02:41: BESTYRELSE i NOVI A/S (2012-11-13 - ).
Mogens Noergaard 26392,NOVI A/S,Member,Men,"Corporation, Finance, Venture- og kapitalfonde",Corporations,Finance,4000139669,30505247,Automatisk CVR import at 2016-03-12 18:02:41: BESTYRELSE i NOVI A/S (2010-03-25 - ).
Thomas Kastrup-Larsen,NOVI A/S,Chairman,Men,"Corporation, Finance, Venture- og kapitalfonde",Corporations,Finance,4004033070,30505247,Automatisk CVR import at 2016-03-12 18:02:41: formand i NOVI A/S (2014-03-13 - ).
Tommy Eggers,NOVI A/S,Member,Men,"Corporation, Finance, Venture- og kapitalfonde",Corporations,Finance,4004170883,30505247,Automatisk CVR import at 2016-03-12 18:02:41: BESTYRELSE i NOVI A/S (2014-03-13 - ).
Anna Kirsten Olesen,NOVI A/S,Member,Women,"Corporation, Finance, Venture- og kapitalfonde",Corporations,Finance,4004081595,30505247,Automatisk CVR import at 2017-09-29 11:05:47: Anna Kirsten Olesen som bestyrelsesmedlem i CVR 30505247 (2016-07-01 - NA).
Inger Askehave,NOVI A/S,Member,Women,"Corporation, Finance, Venture- og kapitalfonde",Corporations,Finance,4000474602,30505247,Automatisk CVR import at 2016-03-12 18:02:41: BESTYRELSE i NOVI A/S (2011-08-01 - ).
Göran Ando 10063,NOVO A/S,Member,Men,"Corporation, Venture- og kapitalfonde, Finance",Corporations,Finance,4004277471,24257630,Automatisk CVR import at 2016-03-12 18:02:41: BESTYRELSE i NOVO A/S (2006-04-28 - ).
Jeppe Christiansen,NOVO A/S,Member,Men,"Corporation, Venture- og kapitalfonde, Finance",Corporations,Finance,4004146542,24257630,Automatisk CVR import at 2016-03-12 18:02:41: BESTYRELSE i NOVO A/S (2009-05-01 - ).
Kasim Kutay,NOVO A/S,Chief executive,Men,"Corporation, Venture- og kapitalfonde, Finance",Corporations,Finance,4006658628,24257630,Automatisk CVR import at 2017-09-29 10:55:47: Kasim Kutay som adm. dir. i CVR 24257630 (2016-11-01 - NA).
Lars Rebien Soerensen,NOVO A/S,Member,Men,"Corporation, Venture- og kapitalfonde, Finance",Corporations,Finance,4003990636,24257630,Automatisk CVR import at 2017-09-29 10:55:47: Lars Rebien Soerensen som bestyrelsesmedlem i CVR 24257630 (2017-03-17 - NA).
Per Wold-Olsen 29970,NOVO A/S,Member,Men,"Corporation, Venture- og kapitalfonde, Finance",Corporations,Finance,4004279976,24257630,Automatisk CVR import at 2016-03-12 18:02:41: BESTYRELSE i NOVO A/S (2011-12-01 - ).
Peter Helt Jacobsen Haahr 196691,NOVO A/S,Chief executive,Men,"Corporation, Venture- og kapitalfonde, Finance",Corporations,Finance,4004002079,24257630,Automatisk CVR import at 2017-09-29 10:55:47: Peter Helt Jacobsen Haahr som direktoer i CVR 24257630 (2016-11-01 - NA).
Steen Riisgaard 33898,NOVO A/S,Member,Men,"Corporation, Venture- og kapitalfonde, Finance",Corporations,Finance,4000231028,24257630,Automatisk CVR import at 2016-03-12 18:02:41: BESTYRELSE i NOVO A/S (2013-03-19 - ).
Sten Scheibye,NOVO A/S,Chairman,Men,"Corporation, Venture- og kapitalfonde, Finance",Corporations,Finance,4000697577,24257630,Automatisk CVR import at 2016-03-12 18:02:41: formand i NOVO A/S (2013-03-19 - ).
Allan Kragh Thaysen,Nykredit Forsikring (note),Executive,Men,"Corporation, FINA, Banks, Finance",Corporations,Banks,4003878342,14506187,Automatisk CVR import at 2016-03-12 18:02:52: DIREKTION i Nykredit Forsikring (note) (2012-08-15 - ).
Carl Joakim Brandt,Nykredit Forsikring (note),Member,Men,"Corporation, FINA, Banks, Finance",Corporations,Banks,4000164486,14506187,Automatisk CVR import at 2016-03-12 18:02:52: BESTYRELSE i Nykredit Forsikring (note) (2012-05-07 - ).
Erik Ranberg,Nykredit Forsikring (note),Executive,Men,"Corporation, FINA, Banks, Finance",Corporations,Banks,4004235611,14506187,Automatisk CVR import at 2016-03-12 18:02:52: DIREKTION i Nykredit Forsikring (note) (2010-05-12 - ).
Jens Eghoej Nielsen,Nykredit Forsikring (note),Vice chairman,Men,"Corporation, FINA, Banks, Finance",Corporations,Banks,4000212410,14506187,Automatisk CVR import at 2016-03-12 18:02:52: naestformand i Nykredit Forsikring (note) (2010-02-23 - ).
Joergen Inge Ringdal,Nykredit Forsikring (note),Member,Men,"Corporation, FINA, Banks, Finance",Corporations,Banks,4006583788,14506187,Automatisk CVR import at 2017-09-29 08:43:18: Joergen Inge Ringdal som bestyrelsesmedlem i CVR 14506187 (2016-04-26 - NA).
Kim Rud-Petersen,Nykredit Forsikring (note),Chief executive,Men,"Corporation, FINA, Banks, Finance",Corporations,Banks,4004132699,14506187,Automatisk CVR import at 2017-09-29 08:43:18: Kim Rud-Petersen som adm. dir. i CVR 14506187 (2016-04-27 - NA).
Tommy Pedersen 35985,Nykredit Forsikring (note),Chairman,Men,"Corporation, FINA, Banks, Finance",Corporations,Banks,4003948812,14506187,Automatisk CVR import at 2017-09-29 08:43:18: Tommy Pedersen som formand i CVR 14506187 (2016-04-26 - NA).
Camilla Kisling,Nykredit Forsikring (note),Member,Women,"Corporation, FINA, Banks, Finance",Corporations,Banks,4000645887,14506187,Automatisk CVR import at 2016-03-12 18:02:52: BESTYRELSE i Nykredit Forsikring (note) (2010-02-23 - ).
Anders Jensen 677,Nykredit Holding A/S (bestyrelse),Executive,Men,"Banks, Corporation, FINA, Finance",Corporations,Banks,4004095410,12719248,Automatisk CVR import at 2016-03-12 18:02:51: DIREKTION i Nykredit (2014-09-01 - ).
Claus Erik Petersen,Nykredit Holding A/S (bestyrelse),Member,Men,"Banks, Corporation, FINA, Finance",Corporations,Banks,4003834579,12719248,Automatisk CVR import at 2016-03-12 18:02:50: BESTYRELSE i Nykredit (2012-03-21 - ).
David Hellemann,Nykredit Holding A/S (bestyrelse),Chief executive,Men,"Banks, Corporation, FINA, Finance",Corporations,Banks,4004166019,12719248,Automatisk CVR import at 2017-09-29 08:40:29: David Hellemann som direktoer i CVR 12719248 (2016-09-01 - NA).
Erling Bech Poulsen,Nykredit Holding A/S (bestyrelse),Member,Men,"Banks, Corporation, FINA, Finance",Corporations,Banks,4000146910,12719248,Automatisk CVR import at 2016-03-12 18:02:50: BESTYRELSE i Nykredit (2009-03-25 - ).
Hans Hougaard Bang-Hansen,Nykredit Holding A/S (bestyrelse),Member,Men,"Banks, Corporation, FINA, Finance",Corporations,Banks,4000159839,12719248,Automatisk CVR import at 2017-09-29 08:40:28: Hans Hougaard Bang-Hansen som bestyrelsesmedlem i CVR 12719248 (2016-03-16 - NA).
Hans-Ole Jochumsen,Nykredit Holding A/S (bestyrelse),Member,Men,"Banks, Corporation, FINA, Finance",Corporations,Banks,NA,12719248,NA
Helge Leiro Baastad 196772,Nykredit Holding A/S (bestyrelse),Member,Men,"Banks, Corporation, FINA, Finance",Corporations,Banks,4006516698,12719248,Automatisk CVR import at 2017-09-29 08:40:29: Helge Leiro Baastad som bestyrelsesmedlem i CVR 12719248 (2016-03-16 - NA).
Kim Roennow Duus,Nykredit Holding A/S (bestyrelse),Executive,Men,"Banks, Corporation, FINA, Finance",Corporations,Banks,4003967263,12719248,Automatisk CVR import at 2016-03-12 18:02:50: DIREKTION i Nykredit (2009-05-15 - ).
Lasse Nyby,Nykredit Holding A/S (bestyrelse),Member,Men,"Banks, Corporation, FINA, Finance",Corporations,Banks,4003960163,12719248,Automatisk CVR import at 2016-03-12 18:02:50: BESTYRELSE i Nykredit (2007-03-28 - ).
Michael Demsitz,Nykredit Holding A/S (bestyrelse),Member,Men,"Banks, Corporation, FINA, Finance",Corporations,Banks,4004053797,12719248,Automatisk CVR import at 2016-03-12 18:02:51: BESTYRELSE i Nykredit (2004-03-31 - ).
Michael Rasmussen 25804,Nykredit Holding A/S (bestyrelse),Executive,Men,"Banks, Corporation, FINA, Finance",Corporations,Banks,4004093370,12719248,Automatisk CVR import at 2017-09-29 08:40:29: Michael Rasmussen som direktion i CVR 12719248 (2013-09-01 - NA).
Per Wetke Hallgren,Nykredit Holding A/S (bestyrelse),Member,Men,"Banks, Corporation, FINA, Finance",Corporations,Banks,4000082857,12719248,Automatisk CVR import at 2017-09-29 08:40:28: Per Wetke Hallgren som bestyrelsesmedlem i CVR 12719248 (2016-03-16 - NA).
Soeren Holm,Nykredit Holding A/S (bestyrelse),Executive,Men,"Banks, Corporation, FINA, Finance",Corporations,Banks,4003996549,12719248,Automatisk CVR import at 2016-03-12 18:02:51: DIREKTION i Nykredit (2006-03-01 - ).
Steffen Kragh 34034,Nykredit Holding A/S (bestyrelse),Chairman,Men,"Banks, Corporation, FINA, Finance",Corporations,Banks,4003968436,12719248,Automatisk CVR import at 2017-09-29 08:40:28: Steffen Kragh som formand i CVR 12719248 (2016-03-16 - NA).
Merete Helene Eldrup,Nykredit Holding A/S (bestyrelse),Vice chairman,Women,"Banks, Corporation, FINA, Finance",Corporations,Banks,4004003232,12719248,Automatisk CVR import at 2017-09-29 08:40:29: Merete Helene Eldrup som naestformand i CVR 12719248 (2016-03-16 - NA).
Nina Smith,Nykredit Holding A/S (bestyrelse),Vice chairman,Women,"Banks, Corporation, FINA, Finance",Corporations,Banks,4000183439,12719248,Automatisk CVR import at 2017-09-29 08:40:28: Nina Smith som naestformand i CVR 12719248 (2016-03-16 - NA).
Vibeke Krag,Nykredit Holding A/S (bestyrelse),Member,Women,"Banks, Corporation, FINA, Finance",Corporations,Banks,4004092457,12719248,Automatisk CVR import at 2017-09-29 08:40:29: Vibeke Krag som bestyrelsesmedlem i CVR 12719248 (2017-03-16 - NA).
Esben Bay Joergensen,ODIN EQUITY PARTNERS MANAGEMENT II K/S,Member,Men,"Corporation, Venture- og kapitalfonde, Finance",Corporations,Finance,4004063338,31483506,Automatisk CVR import at 2016-03-12 18:02:58: BESTYRELSE i ODIN EQUITY PARTNERS MANAGEMENT II K/S (2008-06-06 - ).
Jacob OEstergaard Bergenholtz,ODIN EQUITY PARTNERS MANAGEMENT II K/S,Chairman,Men,"Corporation, Venture- og kapitalfonde, Finance",Corporations,Finance,4004156593,31483506,Automatisk CVR import at 2016-03-12 18:02:58: formand i ODIN EQUITY PARTNERS MANAGEMENT II K/S (2014-03-19 - ).
Jesper Wadum Nielsen,ODIN EQUITY PARTNERS MANAGEMENT II K/S,Member,Men,"Corporation, Venture- og kapitalfonde, Finance",Corporations,Finance,4004078527,31483506,Automatisk CVR import at 2016-03-12 18:02:58: BESTYRELSE i ODIN EQUITY PARTNERS MANAGEMENT II K/S (2008-06-06 - ).
Bernt Steenstrup Clausen,OEstjydsk Bank,Member,Men,"Corporation, FINA, Banks, Finance",Corporations,Banks,4004109151,57928913,Automatisk CVR import at 2016-03-12 18:08:22: BESTYRELSE i OEstjydsk Bank (2013-03-02 - ).
Henning Rose,OEstjydsk Bank,Member,Men,"Corporation, FINA, Banks, Finance",Corporations,Banks,4003996932,57928913,Automatisk CVR import at 2016-03-12 18:08:22: BESTYRELSE i OEstjydsk Bank (2008-05-27 - ).
Jens Rasmussen 47149,OEstjydsk Bank,Vice chairman,Men,"Corporation, FINA, Banks, Finance",Corporations,Banks,4000340528,57928913,Automatisk CVR import at 2016-03-12 18:08:22: naestformand i OEstjydsk Bank (2013-06-13 - ).
Knud Timm-Andersen,OEstjydsk Bank,Member,Men,"Corporation, FINA, Banks, Finance",Corporations,Banks,4000589797,57928913,Automatisk CVR import at 2016-03-12 18:08:22: BESTYRELSESMEDLEM i OEstjydsk Bank (2015-04-16 - ).
Max Semay Hovedskov,OEstjydsk Bank,Executive,Men,"Corporation, FINA, Banks, Finance",Corporations,Banks,4004185138,57928913,Automatisk CVR import at 2016-03-12 18:08:22: DIREKTION i OEstjydsk Bank (2013-02-28 - ).
Poul Ivar Damgaard,OEstjydsk Bank,Chairman,Men,"Corporation, FINA, Banks, Finance",Corporations,Banks,4004071546,57928913,Automatisk CVR import at 2016-03-12 18:08:22: FORMAND i OEstjydsk Bank (2015-04-16 - ).
Anni Mols,OEstjydsk Bank,Member,Women,"Corporation, FINA, Banks, Finance",Corporations,Banks,4004060693,57928913,Automatisk CVR import at 2016-03-12 18:08:22: BESTYRELSE i OEstjydsk Bank (2012-03-03 - ).
Dennis Dandanell Kristensen,Pen-Sam,Chairman,Men,"Corporation, FINA, Pensions, Union controlled, Finance",Corporations,Pension,4004057563,12629532,Automatisk CVR import at 2016-03-12 18:03:21: formand i Pen-Sam (2002-11-29 - ).
Jan Reinmark Rasmussen,Pen-Sam,Member,Men,"Corporation, FINA, Pensions, Union controlled, Finance",Corporations,Pension,4004002871,12629532,Automatisk CVR import at 2016-03-12 18:03:21: BESTYRELSE i Pen-Sam (2001-05-29 - ).
Palle Nielsen,Pen-Sam,Vice chairman,Men,"Corporation, FINA, Pensions, Union controlled, Finance",Corporations,Pension,4004034539,12629532,Automatisk CVR import at 2016-03-12 18:03:21: naestformand i Pen-Sam (2003-06-12 - ).
Per Hviid,Pen-Sam,Member,Men,"Corporation, FINA, Pensions, Union controlled, Finance",Corporations,Pension,4004067711,12629532,Automatisk CVR import at 2017-09-29 08:40:16: Per Hviid som bestyrelsesmedlem i CVR 12629532 (2016-10-03 - NA).
Rasmus Lau Henningsen 196829,Pen-Sam,Member,Men,"Corporation, FINA, Pensions, Union controlled, Finance",Corporations,Pension,4000708898,12629532,Automatisk CVR import at 2017-09-29 08:40:16: Rasmus Lau Henningsen som bestyrelsesmedlem i CVR 12629532 (2017-03-15 - NA).
Torsten Fels,Pen-Sam,Chief executive,Men,"Corporation, FINA, Pensions, Union controlled, Finance",Corporations,Pension,4004043419,12629532,Automatisk CVR import at 2016-03-12 18:03:21: DIREKTOER i Pen-Sam (2015-04-01 - ).
Birthe Ullbaek Petersen,Pen-Sam,Member,Women,"Corporation, FINA, Pensions, Union controlled, Finance",Corporations,Pension,4004011908,12629532,Automatisk CVR import at 2016-03-12 18:03:21: BESTYRELSE i Pen-Sam (2013-10-07 - ).
Mona Glud Striib,Pen-Sam,Member,Women,"Corporation, FINA, Pensions, Union controlled, Finance",Corporations,Pension,4004108471,12629532,Automatisk CVR import at 2016-03-12 18:03:21: BESTYRELSE i Pen-Sam (2004-11-04 - ).
Benny Buchardt Andersen,PENSAM LIV FORSIKRINGSAKTIESELSKAB,Executive,Men,"Corporation, Employer controlled, Finance, Pensions, Union controlled",Corporations,Pension,4004082475,14638903,"Vice-direktoer, Pensam"
Bjarne Fabienke,PENSAM LIV FORSIKRINGSAKTIESELSKAB,Chairman,Men,"Corporation, Employer controlled, Finance, Pensions, Union controlled",Corporations,Pension,NA,14638903,Cand.merc.  (formand og uafh. ekspert)Valgt af generalforsamlingen
Cato Anthoni Baldvinsson,PENSAM LIV FORSIKRINGSAKTIESELSKAB,Member,Men,"Corporation, Employer controlled, Finance, Pensions, Union controlled",Corporations,Pension,4000707291,14638903,"Partner Valgt af generalforsamlingen ,Revisionsudvalg"
Dennis Dandanell Kristensen,PENSAM LIV FORSIKRINGSAKTIESELSKAB,Vice chairman,Men,"Corporation, Employer controlled, Finance, Pensions, Union controlled",Corporations,Pension,4004057563,14638903,"(naestformand) Forbundsformand, Udpeget af FOA - Fag og Arbejde"
Flemming Vagn Boegvad,PENSAM LIV FORSIKRINGSAKTIESELSKAB,Member,Men,"Corporation, Employer controlled, Finance, Pensions, Union controlled",Corporations,Pension,4004101590,14638903,Vejformand  Kommitterede
Ivan Hansen,PENSAM LIV FORSIKRINGSAKTIESELSKAB,Vice chairman,Men,"Corporation, Employer controlled, Finance, Pensions, Union controlled",Corporations,Pension,4004065434,14638903,Automatisk CVR import at 2017-09-29 08:43:35: Ivan Hansen som naestformand i CVR 14638903 (2014-06-01 - NA).
Jess V. Laursen,PENSAM LIV FORSIKRINGSAKTIESELSKAB,Chairman,Men,"Corporation, Employer controlled, Finance, Pensions, Union controlled",Corporations,Pension,NA,14638903,"(formand) Regionsraadsmedlem, Udpeget af Danske Regioner"
Joergen Michael Klejnstrup,PENSAM LIV FORSIKRINGSAKTIESELSKAB,Member,Men,"Corporation, Employer controlled, Finance, Pensions, Union controlled",Corporations,Pension,4004041262,14638903,Automatisk CVR import at 2017-09-29 08:43:35: Joergen Michael Klejnstrup som bestyrelse i CVR 14638903 (2013-04-04 - NA).
Niels Henrik Lehde Pedersen,PENSAM LIV FORSIKRINGSAKTIESELSKAB,Member,Men,"Corporation, Employer controlled, Finance, Pensions, Union controlled",Corporations,Pension,4000587955,14638903,Automatisk CVR import at 2017-09-29 08:43:35: Niels Henrik Lehde Pedersen som bestyrelse i CVR 14638903 (2009-04-27 - NA).
Palle Nielsen,PENSAM LIV FORSIKRINGSAKTIESELSKAB,Member,Men,"Corporation, Employer controlled, Finance, Pensions, Union controlled",Corporations,Pension,4004034539,14638903,Afdelingsformand Valgt af generalforsamlingen
Per Larsen 196831,PENSAM LIV FORSIKRINGSAKTIESELSKAB,Chairman,Men,"Corporation, Employer controlled, Finance, Pensions, Union controlled",Corporations,Pension,4000288287,14638903,Automatisk CVR import at 2017-09-29 08:43:35: Per Larsen som formand i CVR 14638903 (2014-06-01 - NA).
Torsten Fels,PENSAM LIV FORSIKRINGSAKTIESELSKAB,Chief executive,Men,"Corporation, Employer controlled, Finance, Pensions, Union controlled",Corporations,Pension,4004043419,14638903,NA
Mona Glud Striib,PENSAM LIV FORSIKRINGSAKTIESELSKAB,Member,Women,"Corporation, Employer controlled, Finance, Pensions, Union controlled",Corporations,Pension,4004108471,14638903,Automatisk CVR import at 2017-09-29 08:43:35: Mona Glud Striib som bestyrelse i CVR 14638903 (2004-11-04 - NA).
Tine Thordén,PENSAM LIV FORSIKRINGSAKTIESELSKAB,Member,Women,"Corporation, Employer controlled, Finance, Pensions, Union controlled",Corporations,Pension,4004182151,14638903,Automatisk CVR import at 2017-09-29 08:43:36: Tine Thordén som bestyrelsesmedlem i CVR 14638903 (2017-03-14 - NA).
Brian Arthur Mikkelsen,PensionDanmark,Member,Men,"Corporation, Employer controlled, FINA, Finance, Pensions, Union controlled",Corporations,Pension,4003878716,16163279,Dansk Erhverv
Gert Rinaldo Jonassen,PensionDanmark,Member,Men,"Corporation, Employer controlled, FINA, Finance, Pensions, Union controlled",Corporations,Pension,4004095445,16163279,Ordfoerende direktoer Arbejdernes Landsbank
Jan Gerhard Villadsen,PensionDanmark,Member,Men,"Corporation, Employer controlled, FINA, Finance, Pensions, Union controlled",Corporations,Pension,4004124151,16163279,Gruppeformand 3F Transportgruppen
Joergen Juul Rasmussen,PensionDanmark,Member,Men,"Corporation, Employer controlled, FINA, Finance, Pensions, Union controlled",Corporations,Pension,4004083984,16163279,Forbundsformand Dansk El Forbund
john nielsen,PensionDanmark,Member,Men,"Corporation, Employer controlled, FINA, Finance, Pensions, Union controlled",Corporations,Pension,NA,16163279,Serviceforbundet
Karsten Dybvad Dalsjoe,PensionDanmark,Vice chairman,Men,"Corporation, Employer controlled, FINA, Finance, Pensions, Union controlled",Corporations,Pension,4004003233,16163279,Adm. direktoer DI - Dansk Industri
Kim Lind Larsen,PensionDanmark,Member,Men,"Corporation, Employer controlled, FINA, Finance, Pensions, Union controlled",Corporations,Pension,4003973164,16163279,NA
Lars Storr-Hansen,PensionDanmark,Member,Men,"Corporation, Employer controlled, FINA, Finance, Pensions, Union controlled",Corporations,Pension,4004113702,16163279,Adm. direktoer Dansk Byggeri
Morten Andersen 26529,PensionDanmark,Member,Men,"Corporation, Employer controlled, FINA, Finance, Pensions, Union controlled",Corporations,Pension,4000589361,16163279,Borgmester Nordfyns Kommune
Niels Joergen Hansen 27491,PensionDanmark,Member,Men,"Corporation, Employer controlled, FINA, Finance, Pensions, Union controlled",Corporations,Pension,4003962190,16163279,(naestformand) Adm. Direktoer TEKNIQ
Per Christensen 29391,PensionDanmark,Chairman,Men,"Corporation, Employer controlled, FINA, Finance, Pensions, Union controlled",Corporations,Pension,4004093916,16163279,(formand) Forbundsformand 3F Faelles Fagligt Forbund
Peter Engberg Jensen,PensionDanmark,Member,Men,"Corporation, Employer controlled, FINA, Finance, Pensions, Union controlled",Corporations,Pension,4000769847,16163279,Tidl. koncernchef Nykredit
Peter Kaae Holm,PensionDanmark,Member,Men,"Corporation, Employer controlled, FINA, Finance, Pensions, Union controlled",Corporations,Pension,NA,16163279,Den Groenne Gruppe
Torben Möger Pedersen,PensionDanmark,Chief executive,Men,"Corporation, Employer controlled, FINA, Finance, Pensions, Union controlled",Corporations,Pension,4003958003,16163279,Adm. direktoer
Ellen K. Lykkegaard,PensionDanmark,Member,Women,"Corporation, Employer controlled, FINA, Finance, Pensions, Union controlled",Corporations,Pension,NA,16163279,Gruppeformand 3F Den Offentlige Gruppe
Ellen Karlshoej Lykkegaard,PensionDanmark,Member,Women,"Corporation, Employer controlled, FINA, Finance, Pensions, Union controlled",Corporations,Pension,4004117125,16163279,Automatisk CVR import at 2017-09-29 08:46:27: Ellen Karlshoej Lykkegaard som bestyrelse i CVR 16163279 (2005-08-23 - NA).
Katia Knipschildt OEstergaard Pedersen,PensionDanmark,Member,Women,"Corporation, Employer controlled, FINA, Finance, Pensions, Union controlled",Corporations,Pension,4004186249,16163279,"Adm. direktoer HORESTA, Hotel-, Restaurant- & Turisterhvervet"
Tina Madsen,PensionDanmark,Member,Women,"Corporation, Employer controlled, FINA, Finance, Pensions, Union controlled",Corporations,Pension,4004092040,16163279,Automatisk CVR import at 2017-09-29 08:46:27: Tina Madsen som bestyrelse i CVR 16163279 (2007-10-26 - NA).
Tina Moeller Madsen,PensionDanmark,Member,Women,"Corporation, Employer controlled, FINA, Finance, Pensions, Union controlled",Corporations,Pension,NA,16163279,"Gruppeformand 3F Privat Service, Hotel&Restauration"
Allan Polack,PFA Brug Livet Fonden,Member,Men,"Charity, Corporation, Foundation, Pensions, Union controlled, Socialomraadet",Foundations,Pension,4003882084,11616488,"Group CEO, PFA"
Bjoern Noergaard,PFA Brug Livet Fonden,Member,Men,"Charity, Corporation, Foundation, Pensions, Union controlled, Socialomraadet",Foundations,Pension,4000222041,11616488,professor og billedhugger
Svend Askaer,PFA Brug Livet Fonden,Chairman,Men,"Charity, Corporation, Foundation, Pensions, Union controlled, Socialomraadet",Foundations,Pension,4003945729,11616488,Lederne (formand)
Gita Alice Grüning,PFA Brug Livet Fonden,Member,Women,"Charity, Corporation, Foundation, Pensions, Union controlled, Socialomraadet",Foundations,Pension,4000027426,11616488,"tidl. formand, Teknisk Landsforbund."
Allan Polack,PFA Pension (Bestyrelse),Chief executive,Men,"Corporation, Pensions",Corporations,Pension,4003882084,13594376,"GROUP CEO – ALLAN POLACK


"
Anders Damgaard 40707,PFA Pension (Bestyrelse),Executive,Men,"Corporation, Pensions",Corporations,Pension,4004167247,13594376,"KONCERNFINANSDIREKTOER – ANDERS DAMGAARD


"
Carsten Bach 198353,PFA Pension (Bestyrelse),Member,Men,"Corporation, Pensions",Corporations,Pension,NA,13594376,Medarbejdervalgt 
Claus Oxfeldt,PFA Pension (Bestyrelse),Member,Men,"Corporation, Pensions",Corporations,Pension,4004187926,13594376,NA
Jon Steingrim Johnsen,PFA Pension (Bestyrelse),Executive,Men,"Corporation, Pensions",Corporations,Pension,4004157469,13594376,"KONCERNDIREKTOER OG COO – JON JOHNSEN


"
Karsten Dybvad Dalsjoe,PFA Pension (Bestyrelse),Member,Men,"Corporation, Pensions",Corporations,Pension,4004003233,13594376,NA
Lasse Groenbech,PFA Pension (Bestyrelse),Vice chairman,Men,"Corporation, Pensions",Corporations,Pension,4000210613,13594376,NA
Laurits Kruse Roenn,PFA Pension (Bestyrelse),Member,Men,"Corporation, Pensions",Corporations,Pension,4003996547,13594376,NA
Mads Kaagaard,PFA Pension (Bestyrelse),Executive,Men,"Corporation, Pensions",Corporations,Pension,4000591211,13594376,"KONCERNDIREKTOER OG CCO– MADS KAAGAARD  

"
Mogens Steffensen,PFA Pension (Bestyrelse),Member,Men,"Corporation, Pensions",Corporations,Pension,NA,13594376,"Professor og Sektionsleder, Forskning og OEkonomi, KU"
Niels-Ulrik Mousten,PFA Pension (Bestyrelse),Vice chairman,Men,"Corporation, Pensions",Corporations,Pension,4000197882,13594376,NA
Peder Hasslev 196838,PFA Pension (Bestyrelse),Member,Men,"Corporation, Pensions",Corporations,Pension,4006933425,13594376,Automatisk CVR import at 2017-11-09 15:13:41: Peder Hasslev som bestyrelsesmedlem i CVR 13594376 (2017-04-26 - NA).
Per Toennesen,PFA Pension (Bestyrelse),Member,Men,"Corporation, Pensions",Corporations,Pension,4004105043,13594376,NA
Torben Dalby Larsen,PFA Pension (Bestyrelse),Chairman,Men,"Corporation, Pensions",Corporations,Pension,4003880277,13594376,NA
Helle Valentin Hasselris,PFA Pension (Bestyrelse),Member,Women,"Corporation, Pensions",Corporations,Pension,4004191199,13594376,Automatisk CVR import at 2017-11-09 15:13:41: Helle Valentin Hasselris som bestyrelsesmedlem i CVR 13594376 (2017-04-26 - NA).
Benny Andersen 2646,PKA (Bestyrelse),Member,Men,"Corporation, FINA, Finance, Insurance, Pensions, Union controlled",Corporations,Pension,4004152217,NA,NA
Michael Nellemann Pedersen,PKA (Bestyrelse),Executive,Men,"Corporation, FINA, Finance, Insurance, Pensions, Union controlled",Corporations,Pension,4004002769,NA,Automatisk CVR import at 2016-03-12 18:03:30: naestformand i PKA+PENSION FORSIKRINGSSELSKAB A/S (2012-04-27 - ).
Mogens Jespersen,PKA (Bestyrelse),Member,Men,"Corporation, FINA, Finance, Insurance, Pensions, Union controlled",Corporations,Pension,NA,NA,NA
Nicolai OErnstrup Pilehave,PKA (Bestyrelse),Executive,Men,"Corporation, FINA, Finance, Insurance, Pensions, Union controlled",Corporations,Pension,4007091735,NA,NA
Peter Damgaard Jensen,PKA (Bestyrelse),Chief executive,Men,"Corporation, FINA, Finance, Insurance, Pensions, Union controlled",Corporations,Pension,4000274323,NA,Automatisk CVR import at 2016-03-12 18:03:30: formand i PKA+PENSION FORSIKRINGSSELSKAB A/S (2001-12-03 - ).
Soeren Grooss,PKA (Bestyrelse),Member,Men,"Corporation, FINA, Finance, Insurance, Pensions, Union controlled",Corporations,Pension,NA,NA,NA
Tomas Frydenberg 35878,PKA (Bestyrelse),Executive,Men,"Corporation, FINA, Finance, Insurance, Pensions, Union controlled",Corporations,Pension,4004006666,NA,Automatisk CVR import at 2016-03-12 18:03:30: ADM. DIR. i PKA+PENSION FORSIKRINGSSELSKAB A/S (2016-01-01 - ).
Annegrete Birck Jakobsen,PKA (Bestyrelse),Executive,Women,"Corporation, FINA, Finance, Insurance, Pensions, Union controlled",Corporations,Pension,4004026131,NA,Automatisk CVR import at 2016-03-12 18:03:30: BESTYRELSE i PKA+PENSION FORSIKRINGSSELSKAB A/S (2012-04-27 - ).
Avalo Humphrys,PKA (Bestyrelse),Member,Women,"Corporation, FINA, Finance, Insurance, Pensions, Union controlled",Corporations,Pension,NA,NA,Kundechef
Bodil Marie Otto,PKA (Bestyrelse),Member,Women,"Corporation, FINA, Finance, Insurance, Pensions, Union controlled",Corporations,Pension,4004072011,NA,NA
Christina Nicolajsen Durinck,PKA (Bestyrelse),Member,Women,"Corporation, FINA, Finance, Insurance, Pensions, Union controlled",Corporations,Pension,NA,NA,NA
Ghita Parry,PKA (Bestyrelse),Member,Women,"Corporation, FINA, Finance, Insurance, Pensions, Union controlled",Corporations,Pension,4000415532,NA,NA
Grete Christensen 10135,PKA (Bestyrelse),Vice chairman,Women,"Corporation, FINA, Finance, Insurance, Pensions, Union controlled",Corporations,Pension,4004046327,NA,NA
Jette Soegaard Nissen 16564,PKA (Bestyrelse),Member,Women,"Corporation, FINA, Finance, Insurance, Pensions, Union controlled",Corporations,Pension,4004036395,NA,NA
Stephanie Lose,PKA (Bestyrelse),Chairman,Women,"Corporation, FINA, Finance, Insurance, Pensions, Union controlled",Corporations,Pension,4004113731,NA,NA
Ulla Nielsen 47390,PKA (Bestyrelse),Member,Women,"Corporation, FINA, Finance, Insurance, Pensions, Union controlled",Corporations,Pension,4004062575,NA,NA
Michael Nellemann Pedersen,PKA (direktion),Vice chairman,Men,"Corporation, Employer controlled, FINA, Finance, Pensions, Union controlled",Corporations,Pension,4004002769,16376191,Automatisk CVR import at 2016-03-12 18:03:30: naestformand i PKA (2012-04-27 - ).
Peter Damgaard Jensen,PKA (direktion),Chairman,Men,"Corporation, Employer controlled, FINA, Finance, Pensions, Union controlled",Corporations,Pension,4000274323,16376191,Automatisk CVR import at 2016-03-12 18:03:30: formand i PKA (2001-12-03 - ).
Tomas Frydenberg 35878,PKA (direktion),Chief executive,Men,"Corporation, Employer controlled, FINA, Finance, Pensions, Union controlled",Corporations,Pension,4004006666,16376191,Automatisk CVR import at 2016-03-12 18:03:30: ADM. DIR. i PKA (2016-01-01 - ).
Annegrete Birck Jakobsen,PKA (direktion),Member,Women,"Corporation, Employer controlled, FINA, Finance, Pensions, Union controlled",Corporations,Pension,4004026131,16376191,Automatisk CVR import at 2016-03-12 18:03:30: BESTYRELSE i PKA (2012-04-27 - ).
Susanne Kure,PKA (direktion),Member,Women,"Corporation, Employer controlled, FINA, Finance, Pensions, Union controlled",Corporations,Pension,4004020842,16376191,Automatisk CVR import at 2017-09-29 08:47:00: Susanne Kure som bestyrelsesmedlem i CVR 16376191 (2017-01-01 - NA).
Bertil Rickard Effe Villard,POLARIS MANAGEMENT A/S,Member,Men,"Corporation, Venture- og kapitalfonde, Finance",Corporations,Finance,4005996584,28501765,Automatisk CVR import at 2016-03-12 18:03:37: BESTYRELSESMEDLEM i POLARIS MANAGEMENT A/S (2015-04-27 - ).
Erik Gregers Hansen,POLARIS MANAGEMENT A/S,Chairman,Men,"Corporation, Venture- og kapitalfonde, Finance",Corporations,Finance,4000104217,28501765,Automatisk CVR import at 2016-03-12 18:03:37: formand i POLARIS MANAGEMENT A/S (2005-02-08 - ).
Jan Johan Kühl,POLARIS MANAGEMENT A/S,Executive,Men,"Corporation, Venture- og kapitalfonde, Finance",Corporations,Finance,4000243163,28501765,Automatisk CVR import at 2016-03-12 18:03:37: DIREKTION i POLARIS MANAGEMENT A/S (2007-09-20 - ).
Anne Helene Holm Rannaleet,POLARIS MANAGEMENT A/S,Member,Women,"Corporation, Venture- og kapitalfonde, Finance",Corporations,Finance,4006732735,28501765,Automatisk CVR import at 2017-09-29 11:03:08: Anne Helene Holm Rannaleet som bestyrelsesmedlem i CVR 28501765 (2016-11-21 - NA).
Claus Erik Petersen,PRAS A/S,Chairman,Men,"Corporation, Venture- og kapitalfonde, Finance",Corporations,Finance,4003834579,27256805,Automatisk CVR import at 2016-03-12 18:03:43: formand i PRAS A/S (2012-05-22 - ).
Gert Rinaldo Jonassen,PRAS A/S,Member,Men,"Corporation, Venture- og kapitalfonde, Finance",Corporations,Finance,4004095445,27256805,Automatisk CVR import at 2016-03-12 18:03:43: BESTYRELSE i PRAS A/S (2014-05-26 - ).
Jan Kondrup,PRAS A/S,Chief executive,Men,"Corporation, Venture- og kapitalfonde, Finance",Corporations,Finance,4003950515,27256805,Automatisk CVR import at 2016-03-12 18:03:43: adm. dir i PRAS A/S (2005-03-31 - ).
John Bull Fisker,PRAS A/S,Member,Men,"Corporation, Venture- og kapitalfonde, Finance",Corporations,Finance,4003969265,27256805,Automatisk CVR import at 2016-03-12 18:03:43: BESTYRELSE i PRAS A/S (2012-05-22 - ).
John Christiansen 16895,PRAS A/S,Member,Men,"Corporation, Venture- og kapitalfonde, Finance",Corporations,Finance,4004018514,27256805,Automatisk CVR import at 2017-09-29 11:01:23: John Christiansen som bestyrelsesmedlem i CVR 27256805 (2017-05-22 - NA).
Lasse Nyby,PRAS A/S,Vice chairman,Men,"Corporation, Venture- og kapitalfonde, Finance",Corporations,Finance,4003960163,27256805,Automatisk CVR import at 2017-09-29 11:01:23: Lasse Nyby som naestformand i CVR 27256805 (2016-05-23 - NA).
Petter Blondeau,PRAS A/S,Member,Men,"Corporation, Venture- og kapitalfonde, Finance",Corporations,Finance,NA,27256805,Automatisk CVR import at 2016-03-12 18:03:43: BESTYRELSE i PRAS A/S (2012-05-22 - ).
Soeren Nicolaisen,PRAS A/S,Executive,Men,"Corporation, Venture- og kapitalfonde, Finance",Corporations,Finance,4004070522,27256805,Automatisk CVR import at 2016-03-12 18:03:43: DIREKTION i PRAS A/S (2009-06-15 - ).
Karen Froesig,PRAS A/S,Member,Women,"Corporation, Venture- og kapitalfonde, Finance",Corporations,Finance,4003962787,27256805,Automatisk CVR import at 2017-09-29 11:01:23: Karen Froesig som bestyrelsesmedlem i CVR 27256805 (2016-05-23 - NA).
Jan Kondrup,Privatsikring,Member,Men,"Corporation, FINA, Insurance, Finance",Corporations,Insurance,4003950515,25071409,Automatisk CVR import at 2016-03-12 18:03:49: BESTYRELSE i Privatsikring (2000-05-04 - ).
Mads Moeller Foged,Privatsikring,Chief executive,Men,"Corporation, FINA, Insurance, Finance",Corporations,Insurance,4004179724,25071409,Automatisk CVR import at 2016-03-12 18:03:50: adm. dir i Privatsikring (2014-09-01 - ).
Scott OErmen,Privatsikring,Chairman,Men,"Corporation, FINA, Insurance, Finance",Corporations,Insurance,4006430167,25071409,Automatisk CVR import at 2016-03-12 18:03:50: FORMAND i Privatsikring (2016-01-04 - ).
Camilla Amstrup,Privatsikring,Member,Women,"Corporation, FINA, Insurance, Finance",Corporations,Insurance,4004185383,25071409,Automatisk CVR import at 2017-09-29 10:56:30: Camilla Amstrup som bestyrelsesmedlem i CVR 25071409 (2016-11-15 - NA).
Vivian Lund,Privatsikring,Member,Women,"Corporation, FINA, Insurance, Finance",Corporations,Insurance,4004125143,25071409,Automatisk CVR import at 2016-03-12 18:03:49: BESTYRELSESMEDLEM i Privatsikring (2016-01-04 - ).
Arne Karlsson,Ratos AB,Chairman,Men,"Corporation, Finance, Venture- og kapitalfonde",Corporations,Finance,4004255374,NA,Formand
Jan Söderberg,Ratos AB,Member,Men,"Corporation, Finance, Venture- og kapitalfonde",Corporations,Finance,NA,NA,NA
Karsten Mattias Slotte,Ratos AB,Member,Men,"Corporation, Finance, Venture- og kapitalfonde",Corporations,Finance,4004306284,NA,NA
Per Olof Söderberg,Ratos AB,Member,Men,"Corporation, Finance, Venture- og kapitalfonde",Corporations,Finance,NA,NA,NA
Steffan Bohman,Ratos AB,Member,Men,"Corporation, Finance, Venture- og kapitalfonde",Corporations,Finance,NA,NA,NA
Annette Sadolin,Ratos AB,Member,Women,"Corporation, Finance, Venture- og kapitalfonde",Corporations,Finance,4004003488,NA,NA
Charlotte Strömberg,Ratos AB,Member,Women,"Corporation, Finance, Venture- og kapitalfonde",Corporations,Finance,NA,NA,NA
Susanna Campbell,Ratos AB,Member,Women,"Corporation, Finance, Venture- og kapitalfonde",Corporations,Finance,NA,NA,CEO
Carsten Noeddebo Rasmussen,REALKREDIT DANMARK A/S,Chief executive,Men,"Corporation, Finance, Housing",Corporations,Finance,4004023413,13399174,Automatisk CVR import at 2016-03-12 18:04:00: adm. dir i REALKREDIT DANMARK A/S (2009-06-01 - ).
Claus Bundgaard,REALKREDIT DANMARK A/S,Member,Men,"Corporation, Finance, Housing",Corporations,Finance,4004082207,13399174,Automatisk CVR import at 2016-03-12 18:04:00: BESTYRELSE i REALKREDIT DANMARK A/S (2012-03-08 - ).
Ejvind Karsten Storm,REALKREDIT DANMARK A/S,Other role,Men,"Corporation, Finance, Housing",Corporations,Finance,4003985195,13399174,Automatisk CVR import at 2016-03-12 18:04:00: PERSONLIG_SUPPLEANT i REALKREDIT DANMARK A/S (2013-03-20 - ).
Jacob Aarup-Andersen 195767,REALKREDIT DANMARK A/S,Member,Men,"Corporation, Finance, Housing",Corporations,Finance,4004116273,13399174,Automatisk CVR import at 2017-09-29 08:41:09: Jacob Aarup-Andersen som bestyrelsesmedlem i CVR 13399174 (2016-03-03 - NA).
Jesper Nielsen 50260,REALKREDIT DANMARK A/S,Vice chairman,Men,"Corporation, Finance, Housing",Corporations,Finance,4004182895,13399174,Automatisk CVR import at 2017-09-29 08:41:09: Jesper Nielsen som naestformand i CVR 13399174 (2017-03-06 - NA).
Kim Andersen 19556,REALKREDIT DANMARK A/S,Member,Men,"Corporation, Finance, Housing",Corporations,Finance,4003920333,13399174,Automatisk CVR import at 2016-03-12 18:04:00: BESTYRELSE i REALKREDIT DANMARK A/S (2011-11-21 - ).
Lars Stensgaard Moerch,REALKREDIT DANMARK A/S,Chairman,Men,"Corporation, Finance, Housing",Corporations,Finance,4004028319,13399174,Automatisk CVR import at 2017-09-29 08:41:09: Lars Stensgaard Moerch som formand i CVR 13399174 (2017-03-06 - NA).
Anna-Marie Mikkelsen,REALKREDIT DANMARK A/S,Other role,Women,"Corporation, Finance, Housing",Corporations,Finance,4004185137,13399174,Automatisk CVR import at 2016-03-12 18:04:00: PERSONLIG_SUPPLEANT i REALKREDIT DANMARK A/S (2013-03-07 - ).
Henriette Fenger Ellekrog,REALKREDIT DANMARK A/S,Member,Women,"Corporation, Finance, Housing",Corporations,Finance,4003991027,13399174,Automatisk CVR import at 2017-09-29 08:41:09: Henriette Fenger Ellekrog som bestyrelsesmedlem i CVR 13399174 (2016-03-03 - NA).
Lisbeth Sahlertz Nielsen,REALKREDIT DANMARK A/S,Member,Women,"Corporation, Finance, Housing",Corporations,Finance,4004152494,13399174,Automatisk CVR import at 2016-03-12 18:04:00: BESTYRELSE i REALKREDIT DANMARK A/S (2013-03-07 - ).
Dan Astrup Soerensen,Ringkjoebing Landbobank,Member,Men,"Corporation, FINA, Banks, Finance",Corporations,Banks,4004182922,37536814,Automatisk CVR import at 2016-03-12 18:04:11: BESTYRELSE i Ringkjoebing Landbobank (2015-03-01 - ).
Jacob Moeller 13941,Ringkjoebing Landbobank,Member,Men,"Corporation, FINA, Banks, Finance",Corporations,Banks,4004057882,37536814,Automatisk CVR import at 2017-09-29 11:12:24: Jacob Moeller som bestyrelsesmedlem i CVR 37536814 (2017-04-26 - NA).
Jens Lykke Kjeldsen,Ringkjoebing Landbobank,Chairman,Men,"Corporation, FINA, Banks, Finance",Corporations,Banks,4000019274,37536814,Automatisk CVR import at 2016-03-12 18:04:10: formand i Ringkjoebing Landbobank (2002-03-27 - ).
Jens Moeller Nielsen 47776,Ringkjoebing Landbobank,Member,Men,"Corporation, FINA, Banks, Finance",Corporations,Banks,4004119791,37536814,Automatisk CVR import at 2016-03-12 18:04:11: BESTYRELSESMEDLEM i Ringkjoebing Landbobank (2015-04-22 - ).
Joern Nielsen 47775,Ringkjoebing Landbobank,Chief executive,Men,"Corporation, FINA, Banks, Finance",Corporations,Banks,4004107177,37536814,Automatisk CVR import at 2016-03-12 18:04:11: DIREKTOER i Ringkjoebing Landbobank (2015-09-01 - ).
John Bull Fisker,Ringkjoebing Landbobank,Chief executive,Men,"Corporation, FINA, Banks, Finance",Corporations,Banks,4003969265,37536814,Automatisk CVR import at 2016-03-12 18:04:11: adm. dir i Ringkjoebing Landbobank (2012-05-01 - ).
Jon Steingrim Johnsen,Ringkjoebing Landbobank,Member,Men,"Corporation, FINA, Banks, Finance",Corporations,Banks,4004157469,37536814,Automatisk CVR import at 2017-09-29 11:12:24: Jon Steingrim Johnsen som bestyrelsesmedlem i CVR 37536814 (2017-02-22 - NA).
Martin Krogh Pedersen,Ringkjoebing Landbobank,Vice chairman,Men,"Corporation, FINA, Banks, Finance",Corporations,Banks,4004018182,37536814,Automatisk CVR import at 2016-03-12 18:04:11: naestformand i Ringkjoebing Landbobank (2013-05-22 - ).
Lone Rejkjaer Söllmann,Ringkjoebing Landbobank,Member,Women,"Corporation, FINA, Banks, Finance",Corporations,Banks,4004076982,37536814,Automatisk CVR import at 2017-09-29 11:12:24: Lone Rejkjaer Söllmann som bestyrelsesmedlem i CVR 37536814 (2017-04-26 - NA).
Anker Boye,Sampension KP,Chairman,Men,"Corporation, Employer controlled, FINA, Finance, Pensions, Union controlled",Corporations,Pension,4003973394,55834911,(formand)  Borgmester i Odense
Hans Christen OEsterby,Sampension KP,Member,Men,"Corporation, Employer controlled, FINA, Finance, Pensions, Union controlled",Corporations,Pension,4004098798,55834911,"Borgmester, Holstebro Kommune"
Hasse Joergensen,Sampension KP,Executive,Men,"Corporation, Employer controlled, FINA, Finance, Pensions, Union controlled",Corporations,Pension,4004045572,55834911,Automatisk CVR import at 2017-09-29 11:18:37: Hasse Joergensen som direktion i CVR 55834911 (2006-11-04 - NA).
Henrik Kjaergaard 38681,Sampension KP,Member,Men,"Corporation, Employer controlled, FINA, Finance, Pensions, Union controlled",Corporations,Pension,4003960696,55834911,"Naestformand, Dansk Metal"
Johnny Soetrup,Sampension KP,Member,Men,"Corporation, Employer controlled, FINA, Finance, Pensions, Union controlled",Corporations,Pension,4000223988,55834911,NA
Kim Simonsen,Sampension KP,Vice chairman,Men,"Corporation, Employer controlled, FINA, Finance, Pensions, Union controlled",Corporations,Pension,4003956718,55834911,Formand HK
Torben Henning Nielsen,Sampension KP,Member,Men,"Corporation, Employer controlled, FINA, Finance, Pensions, Union controlled",Corporations,Pension,4000020918,55834911,Tidl. Nationalbankdirektoer
Anne Mette Barfod 196959,Sampension KP,Member,Women,"Corporation, Employer controlled, FINA, Finance, Pensions, Union controlled",Corporations,Pension,4004075555,55834911,Automatisk CVR import at 2017-09-29 11:18:37: Anne Mette Barfod som bestyrelsesmedlem i CVR 55834911 (2017-06-28 - NA).
Bodil Marie Otto,Sampension KP,Member,Women,"Corporation, Employer controlled, FINA, Finance, Pensions, Union controlled",Corporations,Pension,4004072011,55834911,NA
Rita Bundgaard,Sampension KP,Member,Women,"Corporation, Employer controlled, FINA, Finance, Pensions, Union controlled",Corporations,Pension,4003962220,55834911,"Sektorformand, HK/Stat"
Henrik Normann 12717,Saxo Bank,Vice chairman,Men,"Corporation, FINA, Finance",Corporations,Finance,4000722790,15731249,Automatisk CVR import at 2016-03-12 18:04:39: NAESTFORMAND i Saxo Bank (2015-12-16 - ).
Jacob Polny,Saxo Bank,Member,Men,"Corporation, FINA, Finance",Corporations,Finance,4004114436,15731249,Automatisk CVR import at 2016-03-12 18:04:39: BESTYRELSE i Saxo Bank (2013-12-20 - ).
Kim Fournais,Saxo Bank,Chief executive,Men,"Corporation, FINA, Finance",Corporations,Finance,4004158400,15731249,Automatisk CVR import at 2016-03-12 18:04:39: ADM. DIR. i Saxo Bank (2016-01-01 - ).
Soeren Kyhl,Saxo Bank,Chief executive,Men,"Corporation, FINA, Finance",Corporations,Finance,4006430035,15731249,Automatisk CVR import at 2016-03-12 18:04:40: DIREKTOER i Saxo Bank (2016-01-01 - ).
Steen Blaafalk,Saxo Bank,Executive,Men,"Corporation, FINA, Finance",Corporations,Finance,4003834217,15731249,Automatisk CVR import at 2016-03-12 18:04:39: DIREKTION i Saxo Bank (2014-04-22 - ).
Thomas Plenborg,Saxo Bank,Member,Men,"Corporation, FINA, Finance",Corporations,Finance,4000240354,15731249,Automatisk CVR import at 2016-03-12 18:04:39: BESTYRELSE i Saxo Bank (2010-04-06 - ).
Asiff Hirji,Saxo Bank,Member,NA,"Corporation, FINA, Finance",Corporations,Finance,4004302978,15731249,Automatisk CVR import at 2016-03-12 18:04:40: BESTYRELSESMEDLEM i Saxo Bank (2015-04-30 - ).
Wikawi Oei,Saxo Bank,Member,NA,"Corporation, FINA, Finance",Corporations,Finance,4006416705,15731249,Automatisk CVR import at 2016-03-12 18:04:40: BESTYRELSESMEDLEM i Saxo Bank (2015-12-16 - ).
Lone Foenss Schroeder,Saxo Bank,Chairman,Women,"Corporation, FINA, Finance",Corporations,Finance,4000014882,15731249,Automatisk CVR import at 2016-03-12 18:04:39: FORMAND i Saxo Bank (2015-04-30 - ).
Bjoern Krog Andersen,Saxo Privatbank,Chairman,Men,"FINA, Finance",Corporations,Finance,NA,NA,"formand for bestyrelsen, Head of Legal & Compliance, Executive Director, Saxo Bank"
Henrik Gregersen 53219,Saxo Privatbank,Executive,Men,"FINA, Finance",Corporations,Finance,NA,NA,"OEkonomidirektoer, Saxo Privatbank"
Kim Voss,Saxo Privatbank,Executive,Men,"FINA, Finance",Corporations,Finance,NA,NA,"Direktoer, Saxo Privatbank"
Leif Dambo Jensen,Saxo Privatbank,Member,Men,"FINA, Finance",Corporations,Finance,4000215671,NA,Direktoer
Peter Andreasen 53217,Saxo Privatbank,Chief executive,Men,"FINA, Finance",Corporations,Finance,NA,NA,"Administrerende direktoer, Saxo Privatbank"
Rasmus Hagstad Lund,Saxo Privatbank,Member,Men,"FINA, Finance",Corporations,Finance,4004108336,NA,"Chief Financial Officer, Executive Director, Saxo Bank"
Steen Blaafalk,Saxo Privatbank,Member,Men,"FINA, Finance",Corporations,Finance,4003834217,NA,"Group Chief Financial & Risk Officer, Senior Executive Vice President, Saxo Bank"
Henning Kruse Petersen,SCANDINAVIAN PRIVATE EQUITY A/S,Chairman,Men,"Corporation, Venture- og kapitalfonde, Finance",Corporations,Finance,1021390,29824088,Automatisk CVR import at 2016-03-12 18:04:46: formand i SCANDINAVIAN PRIVATE EQUITY A/S (2013-05-27 - ).
Henrik Lind 45026,SCANDINAVIAN PRIVATE EQUITY A/S,Member,Men,"Corporation, Venture- og kapitalfonde, Finance",Corporations,Finance,4000643576,29824088,Automatisk CVR import at 2016-03-12 18:04:46: BESTYRELSE i SCANDINAVIAN PRIVATE EQUITY A/S (2013-05-27 - ).
Niels Thomas Heering,SCANDINAVIAN PRIVATE EQUITY A/S,Member,Men,"Corporation, Venture- og kapitalfonde, Finance",Corporations,Finance,4000067364,29824088,Automatisk CVR import at 2016-03-12 18:04:46: BESTYRELSE i SCANDINAVIAN PRIVATE EQUITY A/S (2013-05-27 - ).
Ole Mikkelsen 28531,SCANDINAVIAN PRIVATE EQUITY A/S,Executive,Men,"Corporation, Venture- og kapitalfonde, Finance",Corporations,Finance,4004095981,29824088,Automatisk CVR import at 2016-03-12 18:04:46: DIREKTION i SCANDINAVIAN PRIVATE EQUITY A/S (2006-11-10 - ).
Jens Kristian Damsgaard,SCIENCE VENTURES DENMARK A/S,Executive,Men,"Corporation, Venture- og kapitalfonde, Finance",Corporations,Finance,4000704439,29211477,Automatisk CVR import at 2016-03-12 18:04:53: DIREKTION i SCIENCE VENTURES DENMARK A/S (2005-12-21 - ).
Martin Zachariasen 45071,SCIENCE VENTURES DENMARK A/S,Chairman,Men,"Corporation, Venture- og kapitalfonde, Finance",Corporations,Finance,4006066191,29211477,Automatisk CVR import at 2016-03-12 18:04:54: FORMAND i SCIENCE VENTURES DENMARK A/S (2015-05-27 - ).
Stig Poulsen,SCIENCE VENTURES DENMARK A/S,Member,Men,"Corporation, Venture- og kapitalfonde, Finance",Corporations,Finance,4004117029,29211477,Automatisk CVR import at 2016-03-12 18:04:54: BESTYRELSE i SCIENCE VENTURES DENMARK A/S (2011-05-18 - ).
Anna Katrine Winteroe,SCIENCE VENTURES DENMARK A/S,Member,Women,"Corporation, Venture- og kapitalfonde, Finance",Corporations,Finance,4004051178,29211477,Automatisk CVR import at 2016-03-12 18:04:54: BESTYRELSE i SCIENCE VENTURES DENMARK A/S (2013-05-21 - ).
Anders Howalt-Hestbech,SDA-Koncernen (note),Member,Men,"Corporation, FINA, Finance",Corporations,Finance,4004132579,31843219,Automatisk CVR import at 2017-09-29 11:08:04: Anders Howalt-Hestbech som bestyrelsesmedlem i CVR 31843219 (2017-04-26 - NA).
Bent Andersen 2729,SDA-Koncernen (note),Member,Men,"Corporation, FINA, Finance",Corporations,Finance,4003997986,31843219,Automatisk CVR import at 2016-03-12 18:04:56: BESTYRELSESMEDLEM i SDA-Koncernen (note) (2015-04-27 - ).
Heine Bach,SDA-Koncernen (note),Member,Men,"Corporation, FINA, Finance",Corporations,Finance,4000608770,31843219,Automatisk CVR import at 2017-09-29 11:08:04: Heine Bach som bestyrelsesmedlem i CVR 31843219 (2017-04-26 - NA).
Jakob Fastrup,SDA-Koncernen (note),Chairman,Men,"Corporation, FINA, Finance",Corporations,Finance,4003902221,31843219,Automatisk CVR import at 2016-03-12 18:04:56: formand i SDA-Koncernen (note) (2009-03-07 - ).
Jan Pedersen 14710,SDA-Koncernen (note),Chief executive,Men,"Corporation, FINA, Finance",Corporations,Finance,4004120430,31843219,Automatisk CVR import at 2016-03-12 18:04:56: adm. dir i SDA-Koncernen (note) (2010-04-01 - ).
Klaus Moltesen Ravn,SDA-Koncernen (note),Vice chairman,Men,"Corporation, FINA, Finance",Corporations,Finance,4000594855,31843219,Automatisk CVR import at 2017-09-29 11:08:04: Klaus Moltesen Ravn som naestformand i CVR 31843219 (2017-04-26 - NA).
Michael Vilhelm Nielsen,SDA-Koncernen (note),Member,Men,"Corporation, FINA, Finance",Corporations,Finance,4000150446,31843219,Automatisk CVR import at 2017-09-29 11:08:04: Michael Vilhelm Nielsen som bestyrelsesmedlem i CVR 31843219 (2017-04-26 - NA).
Palle Bo Iversen,SDA-Koncernen (note),Member,Men,"Corporation, FINA, Finance",Corporations,Finance,4004186082,31843219,Automatisk CVR import at 2016-03-12 18:04:56: BESTYRELSE i SDA-Koncernen (note) (2012-04-25 - ).
Poul Erik Weber,SDA-Koncernen (note),Member,Men,"Corporation, FINA, Finance",Corporations,Finance,4000323580,31843219,Automatisk CVR import at 2016-03-12 18:04:55: BESTYRELSE i SDA-Koncernen (note) (2010-04-21 - ).
Tomas Michael Jensen,SDA-Koncernen (note),Executive,Men,"Corporation, FINA, Finance",Corporations,Finance,4004134119,31843219,Automatisk CVR import at 2016-03-12 18:04:56: DIREKTION i SDA-Koncernen (note) (2012-01-01 - ).
Tommy Skov Kristensen,SDA-Koncernen (note),Member,Men,"Corporation, FINA, Finance",Corporations,Finance,4003987617,31843219,Automatisk CVR import at 2017-09-29 11:08:04: Tommy Skov Kristensen som bestyrelsesmedlem i CVR 31843219 (2016-12-05 - NA).
Helle Okholm,SDA-Koncernen (note),Member,Women,"Corporation, FINA, Finance",Corporations,Finance,4000643228,31843219,Automatisk CVR import at 2016-03-12 18:04:55: BESTYRELSE i SDA-Koncernen (note) (2013-04-29 - ).
Lona Elisabeth Linding,SDA-Koncernen (note),Member,Women,"Corporation, FINA, Finance",Corporations,Finance,4004138691,31843219,Automatisk CVR import at 2016-03-12 18:04:56: BESTYRELSE i SDA-Koncernen (note) (2012-04-25 - ).
Árni Holger Ellefsen,SDC (Skandinavisk Data Center),Member,Men,"Corporation, FINA, Finance",Corporations,Finance,4006894486,16988138,Automatisk CVR import at 2017-09-29 08:47:50: Árni Holger Ellefsen som bestyrelsesmedlem i CVR 16988138 (2017-05-08 - NA).
Bent Kim Framholt,SDC (Skandinavisk Data Center),Other role,Men,"Corporation, FINA, Finance",Corporations,Finance,4004179127,16988138,Automatisk CVR import at 2016-03-12 18:04:57: PERSONLIG_SUPPLEANT i SDC (Skandinavisk Data Center) (2014-05-12 - ).
Hans Nelfelt,SDC (Skandinavisk Data Center),Member,Men,"Corporation, FINA, Finance",Corporations,Finance,4004298055,16988138,Automatisk CVR import at 2016-03-12 18:04:57: BESTYRELSE i SDC (Skandinavisk Data Center) (2014-05-12 - ).
Jesper Scharff,SDC (Skandinavisk Data Center),Chief executive,Men,"Corporation, FINA, Finance",Corporations,Finance,4003933035,16988138,Automatisk CVR import at 2016-03-12 18:04:56: adm. dir i SDC (Skandinavisk Data Center) (2013-01-02 - ).
John Christiansen 16895,SDC (Skandinavisk Data Center),Vice chairman,Men,"Corporation, FINA, Finance",Corporations,Finance,4004018514,16988138,Automatisk CVR import at 2016-03-12 18:04:57: naestformand i SDC (Skandinavisk Data Center) (2012-05-02 - ).
Kim Rosenberg Hansen,SDC (Skandinavisk Data Center),Member,Men,"Corporation, FINA, Finance",Corporations,Finance,4004043656,16988138,Automatisk CVR import at 2016-03-12 18:04:57: BESTYRELSE i SDC (Skandinavisk Data Center) (2000-04-11 - ).
Klaus Oberthanner Skjoedt,SDC (Skandinavisk Data Center),Chairman,Men,"Corporation, FINA, Finance",Corporations,Finance,4004023839,16988138,Automatisk CVR import at 2016-03-12 18:04:57: formand i SDC (Skandinavisk Data Center) (2014-10-10 - ).
Sverre Vigleik Kaarboee,SDC (Skandinavisk Data Center),Vice chairman,Men,"Corporation, FINA, Finance",Corporations,Finance,4006894487,16988138,Automatisk CVR import at 2017-09-29 08:47:50: Sverre Vigleik Kaarboee som naestformand i CVR 16988138 (2017-05-08 - NA).
Thomas Oxboell,SDC (Skandinavisk Data Center),Other role,Men,"Corporation, FINA, Finance",Corporations,Finance,4004179123,16988138,Automatisk CVR import at 2016-03-12 18:04:57: PERSONLIG_SUPPLEANT i SDC (Skandinavisk Data Center) (2014-05-12 - ).
Vagn Hansen 37198,SDC (Skandinavisk Data Center),Member,Men,"Corporation, FINA, Finance",Corporations,Finance,4000703207,16988138,Automatisk CVR import at 2016-03-12 18:04:56: BESTYRELSE i SDC (Skandinavisk Data Center) (2008-05-09 - ).
Gert Vinther Joergensen,SE BLUE EQUITY A/S,Member,Men,"Corporation, Venture- og kapitalfonde, Finance",Corporations,Finance,4004086847,34487294,Automatisk CVR import at 2016-03-12 18:04:58: BESTYRELSESMEDLEM i SE BLUE EQUITY A/S (2015-04-23 - ).
Jan Vorup Nielsen,SE BLUE EQUITY A/S,Chairman,Men,"Corporation, Venture- og kapitalfonde, Finance",Corporations,Finance,4004014922,34487294,Automatisk CVR import at 2016-03-12 18:04:58: formand i SE BLUE EQUITY A/S (2013-11-18 - ).
Niels Duedahl 27263,SE BLUE EQUITY A/S,Executive,Men,"Corporation, Venture- og kapitalfonde, Finance",Corporations,Finance,4000172734,34487294,Automatisk CVR import at 2016-03-12 18:04:57: DIREKTION i SE BLUE EQUITY A/S (2013-11-18 - ).
Carsten Dahl 45048,SEB Pension,Other role,Men,"Corporation, FINA, Pensions, Finance",Corporations,Pension,4004112101,16420018,Automatisk CVR import at 2016-03-12 18:04:59: PERSONLIG_SUPPLEANT i SEB Pension (2009-04-03 - ).
Kim Jannick Johansen,SEB Pension,Executive,Men,"Corporation, FINA, Pensions, Finance",Corporations,Pension,4004077860,16420018,Automatisk CVR import at 2016-03-12 18:04:59: DIREKTION i SEB Pension (2011-02-10 - ).
Mark Barry Payne,SEB Pension,Chief executive,Men,"Corporation, FINA, Pensions, Finance",Corporations,Pension,4000631814,16420018,Automatisk CVR import at 2016-03-12 18:04:59: DIREKTOER i SEB Pension (2015-11-01 - ).
Nils Haakan Liljeberg,SEB Pension,Chairman,Men,"Corporation, FINA, Pensions, Finance",Corporations,Pension,4006820717,16420018,Automatisk CVR import at 2017-09-29 08:47:06: Nils Haakan Liljeberg som formand i CVR 16420018 (2017-02-01 - NA).
Per Magnus Wallberg 197010,SEB Pension,Member,Men,"Corporation, FINA, Pensions, Finance",Corporations,Pension,4006557749,16420018,Automatisk CVR import at 2017-09-29 08:47:06: Per Magnus Wallberg som bestyrelsesmedlem i CVR 16420018 (2016-04-25 - NA).
Peter Hoeltermand,SEB Pension,Member,Men,"Corporation, FINA, Pensions, Finance",Corporations,Pension,4000006817,16420018,Automatisk CVR import at 2016-03-12 18:04:59: BESTYRELSE i SEB Pension (2006-04-27 - ).
Soeren Lockwood,SEB Pension,Chief executive,Men,"Corporation, FINA, Pensions, Finance",Corporations,Pension,4004158095,16420018,Automatisk CVR import at 2016-03-12 18:04:59: adm. dir i SEB Pension (2013-09-01 - ).
Alice Lykke,SEB Pension,Member,Women,"Corporation, FINA, Pensions, Finance",Corporations,Pension,4004101766,16420018,Automatisk CVR import at 2016-03-12 18:04:59: BESTYRELSE i SEB Pension (2009-04-03 - ).
Cristina Patricia Lage,SEB Pension,Vice chairman,Women,"Corporation, FINA, Pensions, Finance",Corporations,Pension,4003919627,16420018,Automatisk CVR import at 2017-09-29 08:47:06: Cristina Patricia Lage som naestformand i CVR 16420018 (2016-04-25 - NA).
Doris Nielsen Markussen,SEB Pension,Member,Women,"Corporation, FINA, Pensions, Finance",Corporations,Pension,4004112099,16420018,Automatisk CVR import at 2016-03-12 18:04:59: BESTYRELSE i SEB Pension (2005-04-12 - ).
Hans Krister Malmsten,Skandia Link Livsforsikring,Member,Men,"Corporation, Employer controlled, FINA, Finance, Insurance, Pensions",Corporations,Pension,4004193253,20952237,NA
Jan Marek Ryden,Skandia Link Livsforsikring,Chairman,Men,"Corporation, Employer controlled, FINA, Finance, Insurance, Pensions",Corporations,Pension,4004215601,20952237,Automatisk CVR import at 2017-11-09 15:31:56: Jan Marek Ryden som formand i CVR 20952237 (2017-05-16 - NA).
Lars Rickard Bergendal,Skandia Link Livsforsikring,Member,Men,"Corporation, Employer controlled, FINA, Finance, Insurance, Pensions",Corporations,Pension,4004193252,20952237,Bestyrelsesmedlem
Marek Rydén,Skandia Link Livsforsikring,Member,Men,"Corporation, Employer controlled, FINA, Finance, Insurance, Pensions",Corporations,Pension,NA,20952237,NA
Bjoern Soendergaard Jepsen,Skjern Bank,Member,Men,"Corporation, FINA, Banks, Finance",Corporations,Banks,4000183609,45801012,Automatisk CVR import at 2016-03-12 18:05:20: BESTYRELSE i Skjern Bank (2012-03-05 - ).
Finn Erik Kristiansen,Skjern Bank,Member,Men,"Corporation, FINA, Banks, Finance",Corporations,Banks,4000467292,45801012,Automatisk CVR import at 2016-03-12 18:05:20: BESTYRELSE i Skjern Bank (2010-03-11 - ).
Hans Ladekjaer Jeppesen,Skjern Bank,Chairman,Men,"Corporation, FINA, Banks, Finance",Corporations,Banks,4000117088,45801012,Automatisk CVR import at 2016-03-12 18:05:19: formand i Skjern Bank (2011-12-09 - ).
Jens Okholm,Skjern Bank,Vice chairman,Men,"Corporation, FINA, Banks, Finance",Corporations,Banks,4000426067,45801012,Automatisk CVR import at 2016-03-12 18:05:20: naestformand i Skjern Bank (2012-03-14 - ).
Per Urban Munck,Skjern Bank,Executive,Men,"Corporation, FINA, Banks, Finance",Corporations,Banks,4004058760,45801012,Automatisk CVR import at 2016-03-12 18:05:20: DIREKTION i Skjern Bank (1999-12-31 - ).
Soeren Dalum Tinggaard,Skjern Bank,Member,Men,"Corporation, FINA, Banks, Finance",Corporations,Banks,4004039292,45801012,Automatisk CVR import at 2016-03-12 18:05:20: BESTYRELSE i Skjern Bank (2013-03-04 - ).
Amund Skarholt,SOS International,Chairman,Men,"Corporation, FINA, Finance",Corporations,Finance,4004302632,17013718,Automatisk CVR import at 2016-03-12 18:05:37: formand i SOS International (2011-09-23 - ).
Dag Rehme 47959,SOS International,Member,Men,"Corporation, FINA, Finance",Corporations,Finance,4004302780,17013718,Automatisk CVR import at 2016-03-12 18:05:37: BESTYRELSE i SOS International (2011-04-27 - ).
Jesper Moerch Soerensen,SOS International,Vice chairman,Men,"Corporation, FINA, Finance",Corporations,Finance,4004063216,17013718,Automatisk CVR import at 2017-09-29 08:48:03: Jesper Moerch Soerensen som naestformand i CVR 17013718 (2009-04-21 - NA).
Markku Juhani Reinikainen,SOS International,Member,Men,"Corporation, FINA, Finance",Corporations,Finance,4004294448,17013718,Automatisk CVR import at 2016-03-12 18:05:36: BESTYRELSESMEDLEM i SOS International (2015-04-21 - ).
Niels Printz,SOS International,Chief executive,Men,"Corporation, FINA, Finance",Corporations,Finance,4000116260,17013718,Automatisk CVR import at 2016-03-12 18:05:35: adm. dir i SOS International (2013-06-14 - ).
Rikard Alexander Livman,SOS International,Member,Men,"Corporation, FINA, Finance",Corporations,Finance,4004183133,17013718,Automatisk CVR import at 2016-03-12 18:05:36: BESTYRELSE i SOS International (2011-04-27 - ).
Sigurd Ivar Austin,SOS International,Member,Men,"Corporation, FINA, Finance",Corporations,Finance,4006216360,17013718,Automatisk CVR import at 2016-03-12 18:05:37: BESTYRELSESMEDLEM i SOS International (2015-04-21 - ).
Timo Olavi Ahvonen,SOS International,Member,Men,"Corporation, FINA, Finance",Corporations,Finance,4004280950,17013718,Automatisk CVR import at 2016-03-12 18:05:36: BESTYRELSE i SOS International (2012-04-27 - ).
Ann Ingrid Sommer,SOS International,Member,Women,"Corporation, FINA, Finance",Corporations,Finance,4004273870,17013718,Automatisk CVR import at 2016-03-12 18:05:36: BESTYRELSE i SOS International (2008-04-23 - ).
Britt Ann-Kristin Vuopio Mogestedt,SOS International,Member,Women,"Corporation, FINA, Finance",Corporations,Finance,4004228926,17013718,Automatisk CVR import at 2016-03-12 18:05:36: BESTYRELSE i SOS International (2010-04-28 - ).
Camilla Amstrup,SOS International,Member,Women,"Corporation, FINA, Finance",Corporations,Finance,4004185383,17013718,Automatisk CVR import at 2017-09-29 08:48:03: Camilla Amstrup som bestyrelsesmedlem i CVR 17013718 (2016-06-15 - NA).
John Lundsgaard,Spar Nord,Executive,Men,"Corporation, FINA, Banks, Finance",Corporations,Banks,4003991986,13737584,Automatisk CVR import at 2016-03-12 18:05:38: DIREKTION i Spar Nord (2000-04-01 - ).
John Soerensen 45188,Spar Nord,Member,Men,"Corporation, FINA, Banks, Finance",Corporations,Banks,4003987649,13737584,Automatisk CVR import at 2016-03-12 18:05:38: BESTYRELSESMEDLEM i Spar Nord (2015-04-22 - ).
Kaj Christiansen 18424,Spar Nord,Member,Men,"Corporation, FINA, Banks, Finance",Corporations,Banks,4003864582,13737584,Automatisk CVR import at 2016-03-12 18:05:38: BESTYRELSE i Spar Nord (2012-04-18 - ).
Kjeld Egebo Larsen,Spar Nord,Other role,Men,"Corporation, FINA, Banks, Finance",Corporations,Banks,4004138046,13737584,Automatisk CVR import at 2016-03-12 18:05:39: PERSONLIG_SUPPLEANT i Spar Nord (2012-04-01 - ).
Kjeld Johannesen,Spar Nord,Chairman,Men,"Corporation, FINA, Banks, Finance",Corporations,Banks,4003949447,13737584,Automatisk CVR import at 2017-09-29 08:41:44: Kjeld Johannesen som formand i CVR 13737584 (2016-04-20 - NA).
Lars Hoegh Moeller,Spar Nord,Executive,Men,"Corporation, FINA, Banks, Finance",Corporations,Banks,4003947247,13737584,Automatisk CVR import at 2016-03-12 18:05:38: DIREKTION i Spar Nord (2000-04-01 - ).
Lasse Nyby,Spar Nord,Chief executive,Men,"Corporation, FINA, Banks, Finance",Corporations,Banks,4003960163,13737584,Automatisk CVR import at 2016-03-12 18:05:38: adm. dir i Spar Nord (2000-10-01 - ).
Morten Bach Gaardboe,Spar Nord,Member,Men,"Corporation, FINA, Banks, Finance",Corporations,Banks,4000255204,13737584,Automatisk CVR import at 2017-09-29 08:41:44: Morten Bach Gaardboe som bestyrelsesmedlem i CVR 13737584 (2016-04-20 - NA).
Ole Skov,Spar Nord,Member,Men,"Corporation, FINA, Banks, Finance",Corporations,Banks,4004056503,13737584,Automatisk CVR import at 2016-03-12 18:05:38: BESTYRELSE i Spar Nord (2000-03-22 - ).
Per Nikolaj Bukh,Spar Nord,Member,Men,"Corporation, FINA, Banks, Finance",Corporations,Banks,4000301612,13737584,Automatisk CVR import at 2016-03-12 18:05:38: BESTYRELSE i Spar Nord (2007-04-25 - ).
Gitte Holmgaard Soerensen,Spar Nord,Member,Women,"Corporation, FINA, Banks, Finance",Corporations,Banks,4004136142,13737584,Automatisk CVR import at 2016-03-12 18:05:39: BESTYRELSE i Spar Nord (2012-04-01 - ).
Jannie Merete Thorsoe Skovsen,Spar Nord,Member,Women,"Corporation, FINA, Banks, Finance",Corporations,Banks,4004092267,13737584,Automatisk CVR import at 2016-03-12 18:05:38: BESTYRELSE i Spar Nord (2008-02-25 - ).
Laila Mortensen,Spar Nord,Member,Women,"Corporation, FINA, Banks, Finance",Corporations,Banks,4004164176,13737584,Automatisk CVR import at 2016-03-12 18:05:39: BESTYRELSE i Spar Nord (2012-04-18 - ).
Lene Aaen,Spar Nord,Other role,Women,"Corporation, FINA, Banks, Finance",Corporations,Banks,4004138047,13737584,Automatisk CVR import at 2016-03-12 18:05:39: PERSONLIG_SUPPLEANT i Spar Nord (2012-04-01 - ).
Sofia Rosendal Di Pilla,Spar Nord,Other role,Women,"Corporation, FINA, Banks, Finance",Corporations,Banks,4004135109,13737584,Automatisk CVR import at 2016-03-12 18:05:39: PERSONLIG_SUPPLEANT i Spar Nord (2012-04-01 - ).
Jesper Hardahl,SPAR NORD FONDEN,Member,Men,"Foundation, Charity, Science, Culture, Sports, Recreation and sports, Banks",Foundations,Banks,4000134166,14346902,Automatisk CVR import at 2017-09-29 08:43:00: Jesper Hardahl som bestyrelsesmedlem i CVR 14346902 (2016-04-20 - NA).
Kaj Christiansen 18424,SPAR NORD FONDEN,Member,Men,"Foundation, Charity, Science, Culture, Sports, Recreation and sports, Banks",Foundations,Banks,4003864582,14346902,Automatisk CVR import at 2017-09-29 08:43:00: Kaj Christiansen som bestyrelsesmedlem i CVR 14346902 (2016-04-20 - NA).
Kim Noehr Skibsted,SPAR NORD FONDEN,Member,Men,"Foundation, Charity, Science, Culture, Sports, Recreation and sports, Banks",Foundations,Banks,4004000391,14346902,Automatisk CVR import at 2017-09-29 08:43:00: Kim Noehr Skibsted som bestyrelsesmedlem i CVR 14346902 (2017-04-26 - NA).
Lars Bloch 21291,SPAR NORD FONDEN,Member,Men,"Foundation, Charity, Science, Culture, Sports, Recreation and sports, Banks",Foundations,Banks,4003992081,14346902,Automatisk CVR import at 2016-03-12 18:05:39: BESTYRELSE i SPAR NORD FONDEN (2012-04-18 - ).
Michael Slavensky Dahl,SPAR NORD FONDEN,Chairman,Men,"Foundation, Charity, Science, Culture, Sports, Recreation and sports, Banks",Foundations,Banks,4000410211,14346902,Automatisk CVR import at 2017-09-29 08:43:00: Michael Slavensky Dahl som formand i CVR 14346902 (2017-04-26 - NA).
Steffen Noergaard,SPAR NORD FONDEN,Executive,Men,"Foundation, Charity, Science, Culture, Sports, Recreation and sports, Banks",Foundations,Banks,4004093264,14346902,Automatisk CVR import at 2016-03-12 18:05:39: DIREKTION i SPAR NORD FONDEN (2010-05-01 - ).
Elsebeth Nielsen 45191,SPAR NORD FONDEN,Vice chairman,Women,"Foundation, Charity, Science, Culture, Sports, Recreation and sports, Banks",Foundations,Banks,4004021670,14346902,Automatisk CVR import at 2017-11-09 15:15:42: Elsebeth Nielsen som naestformand i CVR 14346902 (2017-09-23 - NA).
Gitte OErskou,SPAR NORD FONDEN,Member,Women,"Foundation, Charity, Science, Culture, Sports, Recreation and sports, Banks",Foundations,Banks,4004181458,14346902,Automatisk CVR import at 2016-03-12 18:05:39: BESTYRELSE i SPAR NORD FONDEN (2013-04-24 - ).
Jannie Merete Thorsoe Skovsen,SPAR NORD FONDEN,Member,Women,"Foundation, Charity, Science, Culture, Sports, Recreation and sports, Banks",Foundations,Banks,4004092267,14346902,Automatisk CVR import at 2016-03-12 18:05:39: BESTYRELSE i SPAR NORD FONDEN (2010-04-28 - ).
Jens AAge Olsen,SPAREKASSEN BORNHOLMS FOND,Chairman,Men,"Foundation, Charity, Banks",Foundations,Banks,4003906111,15106891,Automatisk CVR import at 2016-03-12 18:05:40: formand i SPAREKASSEN BORNHOLMS FOND (2013-01-01 - ).
Peter Stange Jensen,SPAREKASSEN BORNHOLMS FOND,Vice chairman,Men,"Foundation, Charity, Banks",Foundations,Banks,4000006744,15106891,Automatisk CVR import at 2016-03-12 18:05:40: naestformand i SPAREKASSEN BORNHOLMS FOND (2013-01-01 - ).
Poul Kofoed Hansen,SPAREKASSEN BORNHOLMS FOND,Member,Men,"Foundation, Charity, Banks",Foundations,Banks,4004139513,15106891,Automatisk CVR import at 2016-03-12 18:05:40: BESTYRELSE i SPAREKASSEN BORNHOLMS FOND (2013-01-01 - ).
Svend Erik Petersen 45195,SPAREKASSEN BORNHOLMS FOND,Executive,Men,"Foundation, Charity, Banks",Foundations,Banks,4000068974,15106891,Automatisk CVR import at 2016-03-12 18:05:40: DIREKTION i SPAREKASSEN BORNHOLMS FOND (2004-02-02 - ).
Anna Sofie Poulsen,SPAREKASSEN BORNHOLMS FOND,Member,Women,"Foundation, Charity, Banks",Foundations,Banks,4004187395,15106891,Automatisk CVR import at 2016-03-12 18:05:40: BESTYRELSE i SPAREKASSEN BORNHOLMS FOND (2014-05-01 - ).
Lene Kristine Frigaard,SPAREKASSEN BORNHOLMS FOND,Member,Women,"Foundation, Charity, Banks",Foundations,Banks,4000461952,15106891,Automatisk CVR import at 2017-09-29 08:44:23: Lene Kristine Frigaard som bestyrelsesmedlem i CVR 15106891 (2017-02-27 - NA).
Bent Andersen 2729,Sparekassen Faaborg,Chairman,Men,"Corporation, FINA, Banks, Finance",Corporations,Banks,4003997986,13255504,Automatisk CVR import at 2017-09-29 08:41:00: Bent Andersen som formand i CVR 13255504 (2017-06-01 - NA).
Henrik Middelbo Andersen,Sparekassen Faaborg,Chief executive,Men,"Corporation, FINA, Banks, Finance",Corporations,Banks,4004142027,13255504,Automatisk CVR import at 2017-09-29 08:41:01: Henrik Middelbo Andersen som direktoer i CVR 13255504 (2016-10-02 - NA).
Jakob Noerrekjaer Andersson,Sparekassen Faaborg,Member,Men,"Corporation, FINA, Banks, Finance",Corporations,Banks,4004063969,13255504,Automatisk CVR import at 2016-03-12 18:05:41: BESTYRELSE i Sparekassen Faaborg (2015-02-06 - ).
Lars Petersson,Sparekassen Faaborg,Member,Men,"Corporation, FINA, Banks, Finance",Corporations,Banks,4004109879,13255504,Automatisk CVR import at 2017-09-29 08:41:00: Lars Petersson som bestyrelsesmedlem i CVR 13255504 (2016-10-02 - NA).
Per Bjoernsholm,Sparekassen Faaborg,Member,Men,"Corporation, FINA, Banks, Finance",Corporations,Banks,4000252196,13255504,Automatisk CVR import at 2017-09-29 08:41:00: Per Bjoernsholm som bestyrelsesmedlem i CVR 13255504 (2016-10-02 - NA).
Thomas Kullegaard,Sparekassen Faaborg,Member,Men,"Corporation, FINA, Banks, Finance",Corporations,Banks,4004141601,13255504,Automatisk CVR import at 2016-03-12 18:05:42: BESTYRELSE i Sparekassen Faaborg (2013-09-10 - ).
Lene Stoerup,Sparekassen Faaborg,Member,Women,"Corporation, FINA, Banks, Finance",Corporations,Banks,4004187869,13255504,Automatisk CVR import at 2016-03-12 18:05:42: BESTYRELSE i Sparekassen Faaborg (2014-03-10 - ).
Bent Nielsen Bjoern,Sparekassen Himmerland,Member,Men,"Corporation, FINA, Banks, Finance",Corporations,Banks,4000266365,28299494,Automatisk CVR import at 2016-03-12 18:05:42: BESTYRELSE i Sparekassen Himmerland (2014-01-02 - ).
Finn Hovalt Mathiassen,Sparekassen Himmerland,Chairman,Men,"Corporation, FINA, Banks, Finance",Corporations,Banks,4000145896,28299494,Automatisk CVR import at 2016-03-12 18:05:42: formand i Sparekassen Himmerland (2010-03-17 - ).
Henrik Pedersen 45210,Sparekassen Himmerland,Member,Men,"Corporation, FINA, Banks, Finance",Corporations,Banks,4004113804,28299494,Automatisk CVR import at 2016-03-12 18:05:43: BESTYRELSE i Sparekassen Himmerland (2014-01-02 - ).
Jacob Engelsted Christensen,Sparekassen Himmerland,Member,Men,"Corporation, FINA, Banks, Finance",Corporations,Banks,4004123379,28299494,Automatisk CVR import at 2016-03-12 18:05:43: BESTYRELSE i Sparekassen Himmerland (2010-05-06 - ).
Kristian Dahl Johnsen,Sparekassen Himmerland,Member,Men,"Corporation, FINA, Banks, Finance",Corporations,Banks,4004169017,28299494,Automatisk CVR import at 2016-03-12 18:05:43: BESTYRELSE i Sparekassen Himmerland (2014-01-02 - ).
Lars Thomsen 45215,Sparekassen Himmerland,Executive,Men,"Corporation, FINA, Banks, Finance",Corporations,Banks,4004169550,28299494,Automatisk CVR import at 2016-03-12 18:05:43: DIREKTION i Sparekassen Himmerland (2014-10-01 - ).
Lars Tolborg,Sparekassen Himmerland,Vice chairman,Men,"Corporation, FINA, Banks, Finance",Corporations,Banks,4000051596,28299494,Automatisk CVR import at 2017-09-29 11:02:55: Lars Tolborg som naestformand i CVR 28299494 (2016-03-30 - NA).
Ole Christoffersen 45212,Sparekassen Himmerland,Member,Men,"Corporation, FINA, Banks, Finance",Corporations,Banks,4004147935,28299494,Automatisk CVR import at 2016-03-12 18:05:43: BESTYRELSE i Sparekassen Himmerland (2014-01-02 - ).
Per Asbjoern Soenderup,Sparekassen Himmerland,Chief executive,Men,"Corporation, FINA, Banks, Finance",Corporations,Banks,4004134132,28299494,Automatisk CVR import at 2016-03-12 18:05:43: adm. dir i Sparekassen Himmerland (2014-01-02 - ).
Per Norup Olesen,Sparekassen Himmerland,Member,Men,"Corporation, FINA, Banks, Finance",Corporations,Banks,4000365787,28299494,Automatisk CVR import at 2016-03-12 18:05:42: BESTYRELSE i Sparekassen Himmerland (2014-01-02 - ).
Preben Randbaek,Sparekassen Himmerland,Member,Men,"Corporation, FINA, Banks, Finance",Corporations,Banks,4000486100,28299494,Automatisk CVR import at 2017-09-29 11:02:55: Preben Randbaek som bestyrelsesmedlem i CVR 28299494 (2016-03-30 - NA).
Svend Erik B. Madsen,Sparekassen Himmerland,Member,Men,"Corporation, FINA, Banks, Finance",Corporations,Banks,4000063215,28299494,Automatisk CVR import at 2016-03-12 18:05:42: BESTYRELSE i Sparekassen Himmerland (2014-01-02 - ).
Thomas Frisgaard,Sparekassen Himmerland,Member,Men,"Corporation, FINA, Banks, Finance",Corporations,Banks,4000741785,28299494,Automatisk CVR import at 2017-09-29 11:02:55: Thomas Frisgaard som bestyrelsesmedlem i CVR 28299494 (2016-03-30 - NA).
Vagn Holtegaard Bach,Sparekassen Himmerland,Member,Men,"Corporation, FINA, Banks, Finance",Corporations,Banks,4003950812,28299494,Automatisk CVR import at 2016-03-12 18:05:42: BESTYRELSE i Sparekassen Himmerland (2010-05-06 - ).
Helle Aagaard Simonsen,Sparekassen Himmerland,Member,Women,"Corporation, FINA, Banks, Finance",Corporations,Banks,4000068509,28299494,Automatisk CVR import at 2016-03-12 18:05:42: BESTYRELSE i Sparekassen Himmerland (2010-03-17 - ).
Lisa Frost Soerensen,Sparekassen Himmerland,Executive,Women,"Corporation, FINA, Banks, Finance",Corporations,Banks,4004024378,28299494,Automatisk CVR import at 2016-03-12 18:05:43: DIREKTION i Sparekassen Himmerland (2014-10-01 - ).
Anders Balle Rasmussen,Sparekassen Kronjylland,Member,Men,"Corporation, FINA, Banks, Finance",Corporations,Banks,4006253994,17912828,Automatisk CVR import at 2016-03-12 18:05:44: BESTYRELSESMEDLEM i Sparekassen Kronjylland (2015-04-29 - ).
Anders Buhl-Christensen,Sparekassen Kronjylland,Member,Men,"Corporation, FINA, Banks, Finance",Corporations,Banks,4000288188,17912828,Automatisk CVR import at 2016-03-12 18:05:43: BESTYRELSE i Sparekassen Kronjylland (2009-03-11 - ).
Hans-Joergen Olsen 11049,Sparekassen Kronjylland,Member,Men,"Corporation, FINA, Banks, Finance",Corporations,Banks,4004133456,17912828,Automatisk CVR import at 2016-03-12 18:05:44: BESTYRELSE i Sparekassen Kronjylland (2014-03-19 - ).
Jan Dahl Jensen,Sparekassen Kronjylland,Member,Men,"Corporation, FINA, Banks, Finance",Corporations,Banks,4000449834,17912828,Automatisk CVR import at 2017-09-29 08:49:40: Jan Dahl Jensen som bestyrelsesmedlem i CVR 17912828 (2017-03-29 - NA).
Klaus Oberthanner Skjoedt,Sparekassen Kronjylland,Chief executive,Men,"Corporation, FINA, Banks, Finance",Corporations,Banks,4004023839,17912828,Automatisk CVR import at 2016-03-12 18:05:44: adm. dir i Sparekassen Kronjylland (2009-10-01 - ).
Per Munkholm Poulsen,Sparekassen Kronjylland,Chairman,Men,"Corporation, FINA, Banks, Finance",Corporations,Banks,4004067585,17912828,Automatisk CVR import at 2017-09-29 08:49:40: Per Munkholm Poulsen som formand i CVR 17912828 (2017-03-29 - NA).
Peter Hededam Christensen,Sparekassen Kronjylland,Member,Men,"Corporation, FINA, Banks, Finance",Corporations,Banks,4000179801,17912828,Automatisk CVR import at 2017-09-29 08:49:40: Peter Hededam Christensen som bestyrelsesmedlem i CVR 17912828 (2016-03-30 - NA).
Anne Gleerup,Sparekassen Kronjylland,Vice chairman,Women,"Corporation, FINA, Banks, Finance",Corporations,Banks,4000412870,17912828,Automatisk CVR import at 2016-03-12 18:05:43: naestformand i Sparekassen Kronjylland (2014-03-19 - ).
Bent Andersen 2729,Sparekassen Sjaelland,Member,Men,"Banks, Corporation, FINA, Finance",Corporations,Banks,4003997986,36532130,Automatisk CVR import at 2016-03-12 18:05:44: BESTYRELSESMEDLEM i Sparekassen Sjaelland (2015-11-24 - ).
Erik Larsen 8098,Sparekassen Sjaelland,Member,Men,"Banks, Corporation, FINA, Finance",Corporations,Banks,4000043675,36532130,Automatisk CVR import at 2016-03-12 18:05:44: BESTYRELSESMEDLEM i Sparekassen Sjaelland (2015-11-24 - ).
Jakob Noerrekjaer Andersson,Sparekassen Sjaelland,Member,Men,"Banks, Corporation, FINA, Finance",Corporations,Banks,4004063969,36532130,Automatisk CVR import at 2016-03-12 18:05:44: BESTYRELSE i Sparekassen Sjaelland (2014-12-22 - ).
Lars Petersson,Sparekassen Sjaelland,Chief executive,Men,"Banks, Corporation, FINA, Finance",Corporations,Banks,4004109879,36532130,Automatisk CVR import at 2017-09-29 11:11:58: Lars Petersson som adm. dir. i CVR 36532130 (2016-02-01 - NA).
Leo Bruno Riis-Nielsen,Sparekassen Sjaelland,Chief executive,Men,"Banks, Corporation, FINA, Finance",Corporations,Banks,4000699087,36532130,Automatisk CVR import at 2017-09-29 11:11:58: Leo Bruno Riis-Nielsen som direktoer i CVR 36532130 (2016-02-01 - NA).
Otto Frederik Spliid,Sparekassen Sjaelland,Member,Men,"Banks, Corporation, FINA, Finance",Corporations,Banks,4000007686,36532130,Automatisk CVR import at 2016-03-12 18:05:44: BESTYRELSESMEDLEM i Sparekassen Sjaelland (2015-11-24 - ).
Per Bjoernsholm,Sparekassen Sjaelland,Member,Men,"Banks, Corporation, FINA, Finance",Corporations,Banks,4000252196,36532130,Automatisk CVR import at 2016-03-12 18:05:44: BESTYRELSESMEDLEM i Sparekassen Sjaelland (2015-11-24 - ).
Peter Michael Woldbye,Sparekassen Sjaelland,Member,Men,"Banks, Corporation, FINA, Finance",Corporations,Banks,4003991465,36532130,Automatisk CVR import at 2016-03-12 18:05:44: BESTYRELSESMEDLEM i Sparekassen Sjaelland (2015-11-24 - ).
Thomas Kullegaard,Sparekassen Sjaelland,Chairman,Men,"Banks, Corporation, FINA, Finance",Corporations,Banks,4004141601,36532130,Automatisk CVR import at 2016-03-12 18:05:45: formand i Sparekassen Sjaelland (2014-12-22 - ).
Arne Laegaard,Sparekassen Thy,Member,Men,"Corporation, FINA, Banks, Finance",Corporations,Banks,4000220274,24255816,Automatisk CVR import at 2016-03-12 18:05:45: BESTYRELSE i Sparekassen Thy (2013-04-01 - ).
Erik Krogsgaard Nielsen,Sparekassen Thy,Member,Men,"Corporation, FINA, Banks, Finance",Corporations,Banks,4000449062,24255816,Automatisk CVR import at 2016-03-12 18:05:45: BESTYRELSE i Sparekassen Thy (2007-04-01 - ).
Ivan Hoegh Jensen,Sparekassen Thy,Vice chairman,Men,"Corporation, FINA, Banks, Finance",Corporations,Banks,4000289040,24255816,Automatisk CVR import at 2016-03-12 18:05:45: naestformand i Sparekassen Thy (2009-04-21 - ).
Jacob Morten Schousgaard,Sparekassen Thy,Chairman,Men,"Corporation, FINA, Banks, Finance",Corporations,Banks,4000377618,24255816,Automatisk CVR import at 2016-03-12 18:05:45: formand i Sparekassen Thy (2006-04-24 - ).
Jens Hyldgaard Petersen,Sparekassen Thy,Member,Men,"Corporation, FINA, Banks, Finance",Corporations,Banks,4000291736,24255816,Automatisk CVR import at 2016-03-12 18:05:45: BESTYRELSE i Sparekassen Thy (2013-04-01 - ).
Ole Beith,Sparekassen Thy,Executive,Men,"Corporation, FINA, Banks, Finance",Corporations,Banks,4000320537,24255816,Automatisk CVR import at 2016-03-12 18:05:45: DIREKTION i Sparekassen Thy (2014-05-27 - ).
Ricky Bang Larsen,Sparekassen Thy,Member,Men,"Corporation, FINA, Banks, Finance",Corporations,Banks,4000162752,24255816,Automatisk CVR import at 2016-03-12 18:05:45: BESTYRELSE i Sparekassen Thy (2007-03-19 - ).
Charlotte Kanstrup Brogaard,Sparekassen Thy,Member,Women,"Corporation, FINA, Banks, Finance",Corporations,Banks,4004091725,24255816,Automatisk CVR import at 2017-09-29 10:55:39: Charlotte Kanstrup Brogaard som bestyrelsesmedlem i CVR 24255816 (2017-03-28 - NA).
Lene Noerup Thiel,Sparekassen Thy,Member,Women,"Corporation, FINA, Banks, Finance",Corporations,Banks,4004151991,24255816,Automatisk CVR import at 2016-03-12 18:05:46: BESTYRELSE i Sparekassen Thy (2013-04-01 - ).
Tina Meyer Brandt,Sparekassen Thy,Member,Women,"Corporation, FINA, Banks, Finance",Corporations,Banks,4004119967,24255816,Automatisk CVR import at 2016-03-12 18:05:46: BESTYRELSE i Sparekassen Thy (2011-03-29 - ).
Jan Skov,Sparekassen Vendsyssel,Executive,Men,"Corporation, FINA, Banks, Finance",Corporations,Banks,4004076996,64806815,Automatisk CVR import at 2016-03-12 18:05:47: DIREKTION i Sparekassen Vendsyssel (2013-06-01 - ).
Martin Kristian Valbirk,Sparekassen Vendsyssel,Member,Men,"Corporation, FINA, Banks, Finance",Corporations,Banks,4004184357,64806815,Automatisk CVR import at 2016-03-12 18:05:47: BESTYRELSE i Sparekassen Vendsyssel (2014-03-25 - ).
Mogens Nedergaard,Sparekassen Vendsyssel,Member,Men,"Corporation, FINA, Banks, Finance",Corporations,Banks,4000145064,64806815,Automatisk CVR import at 2016-03-12 18:05:46: BESTYRELSE i Sparekassen Vendsyssel (2006-10-31 - ).
Ole Selch Bak,Sparekassen Vendsyssel,Member,Men,"Corporation, FINA, Banks, Finance",Corporations,Banks,4004071394,64806815,Automatisk CVR import at 2017-09-29 11:23:17: Ole Selch Bak som bestyrelsesmedlem i CVR 64806815 (2016-04-01 - NA).
Soeren Vad Soerensen,Sparekassen Vendsyssel,Member,Men,"Corporation, FINA, Banks, Finance",Corporations,Banks,4000633115,64806815,Automatisk CVR import at 2016-03-12 18:05:47: BESTYRELSE i Sparekassen Vendsyssel (2009-04-01 - ).
Svend Vestergaard Pedersen,Sparekassen Vendsyssel,Vice chairman,Men,"Corporation, FINA, Banks, Finance",Corporations,Banks,4000184168,64806815,Automatisk CVR import at 2016-03-12 18:05:46: naestformand i Sparekassen Vendsyssel (2014-03-25 - ).
Vagn Hansen 37198,Sparekassen Vendsyssel,Chief executive,Men,"Corporation, FINA, Banks, Finance",Corporations,Banks,4000703207,64806815,Automatisk CVR import at 2016-03-12 18:05:47: adm. dir i Sparekassen Vendsyssel (2008-09-23 - ).
Birte Dyrberg,Sparekassen Vendsyssel,Chairman,Women,"Corporation, FINA, Banks, Finance",Corporations,Banks,4000234038,64806815,Automatisk CVR import at 2016-03-12 18:05:46: formand i Sparekassen Vendsyssel (2014-03-25 - ).
Ting Lan Hessellund,SUNRISE SCHOOL'S FOND,Member,Binominal,"Foundation, Corporation, Finance",Foundations,Finance,4004096654,27519962,Automatisk CVR import at 2016-03-12 18:06:09: BESTYRELSE i SUNRISE SCHOOL'S FOND (2004-03-01 - ).
Julie Laier,SUNRISE SCHOOL'S FOND,Member,Women,"Foundation, Corporation, Finance",Foundations,Finance,4000752214,27519962,Automatisk CVR import at 2016-03-12 18:06:09: BESTYRELSE i SUNRISE SCHOOL'S FOND (2011-03-11 - ).
Jyoti Dani,SUNRISE SCHOOL'S FOND,Member,Women,"Foundation, Corporation, Finance",Foundations,Finance,4004111769,27519962,Automatisk CVR import at 2016-03-12 18:06:09: BESTYRELSE i SUNRISE SCHOOL'S FOND (2010-05-28 - ).
Soley Maria Helgadottir,SUNRISE SCHOOL'S FOND,Chairman,Women,"Foundation, Corporation, Finance",Foundations,Finance,4004124809,27519962,Automatisk CVR import at 2016-03-12 18:06:09: formand i SUNRISE SCHOOL'S FOND (2010-05-28 - ).
Bjarne Larsen 45699,Sydbank,Executive,Men,"Corporation, FINA, Banks, Finance",Corporations,Banks,4003985979,12626509,Automatisk CVR import at 2016-03-12 18:06:16: DIREKTION i Sydbank (2013-09-01 - ).
Frank Moeller Nielsen,Sydbank,Member,Men,"Corporation, FINA, Banks, Finance",Corporations,Banks,4000248486,12626509,Automatisk CVR import at 2016-03-12 18:06:16: BESTYRELSESMEDLEM i Sydbank (2015-03-12 - ).
Jacob Christian Nielsen,Sydbank,Member,Men,"Corporation, FINA, Banks, Finance",Corporations,Banks,4000071469,12626509,Automatisk CVR import at 2016-03-12 18:06:15: BESTYRELSE i Sydbank (2014-03-13 - ).
Jan Svarre,Sydbank,Executive,Men,"Corporation, FINA, Banks, Finance",Corporations,Banks,4004182894,12626509,Automatisk CVR import at 2016-03-12 18:06:17: DIREKTION i Sydbank (2013-08-01 - ).
Jarl Oxlund,Sydbank,Member,Men,"Corporation, FINA, Banks, Finance",Corporations,Banks,4000485093,12626509,Automatisk CVR import at 2016-03-12 18:06:16: BESTYRELSE i Sydbank (2014-03-13 - ).
John Lesbo,Sydbank,Member,Men,"Corporation, FINA, Banks, Finance",Corporations,Banks,4000153026,12626509,Automatisk CVR import at 2017-09-29 08:40:13: John Erik Lesbo som bestyrelsesmedlem i CVR 12626509 (2017-03-23 - NA).
Lars Mikkelgaard-Jensen 21791,Sydbank,Member,Men,"Corporation, FINA, Banks, Finance",Corporations,Banks,4004094247,12626509,Automatisk CVR import at 2016-03-12 18:06:17: BESTYRELSESMEDLEM i Sydbank (2015-03-12 - ).
Peder Damgaard,Sydbank,Vice chairman,Men,"Corporation, FINA, Banks, Finance",Corporations,Banks,4000707030,12626509,Automatisk CVR import at 2016-03-12 18:06:16: NAESTFORMAND i Sydbank (2015-03-12 - ).
Torben Henning Nielsen,Sydbank,Chairman,Men,"Corporation, FINA, Banks, Finance",Corporations,Banks,4000020918,12626509,Automatisk CVR import at 2016-03-12 18:06:15: FORMAND i Sydbank (2015-03-12 - ).
Janne Moltke-Leth,Sydbank,Member,Women,"Corporation, FINA, Banks, Finance",Corporations,Banks,4000399557,12626509,Automatisk CVR import at 2017-09-29 08:40:13: Janne Burkard Moltke-Leth som bestyrelsesmedlem i CVR 12626509 (2016-03-17 - NA).
Karen Froesig,Sydbank,Chief executive,Women,"Corporation, FINA, Banks, Finance",Corporations,Banks,4003962787,12626509,Automatisk CVR import at 2016-03-12 18:06:16: adm. dir i Sydbank (2010-06-01 - ).
Margrethe Weber,Sydbank,Member,Women,"Corporation, FINA, Banks, Finance",Corporations,Banks,4000410747,12626509,Automatisk CVR import at 2016-03-12 18:06:16: BESTYRELSE i Sydbank (1986-01-02 - ).
Helge Holm-Larsen,SYDDANSK TEKNOLOGISK INNOVATION A/S,Chief executive,Men,"Corporation, Venture- og kapitalfonde, Finance",Corporations,Finance,4000726149,20858206,Automatisk CVR import at 2017-09-29 10:43:33: Helge Holm-Larsen som direktoer i CVR 20858206 (2016-06-09 - NA).
Henrik Bindslev,SYDDANSK TEKNOLOGISK INNOVATION A/S,Chairman,Men,"Corporation, Venture- og kapitalfonde, Finance",Corporations,Finance,4004125922,20858206,Automatisk CVR import at 2016-03-12 18:06:18: FORMAND i SYDDANSK TEKNOLOGISK INNOVATION A/S (2015-04-29 - ).
Joern Kildegaard Andersen,SYDDANSK TEKNOLOGISK INNOVATION A/S,Member,Men,"Corporation, Venture- og kapitalfonde, Finance",Corporations,Finance,4003907403,20858206,Automatisk CVR import at 2016-03-12 18:06:17: BESTYRELSE i SYDDANSK TEKNOLOGISK INNOVATION A/S (2012-03-02 - ).
Joern Tolstrup Rohde,SYDDANSK TEKNOLOGISK INNOVATION A/S,Member,Men,"Corporation, Venture- og kapitalfonde, Finance",Corporations,Finance,4004065774,20858206,Automatisk CVR import at 2017-09-29 10:43:33: Joern Tolstrup Rohde som bestyrelsesmedlem i CVR 20858206 (2016-06-09 - NA).
Juan Antonio Farré Jové,SYDDANSK TEKNOLOGISK INNOVATION A/S,Member,Men,"Corporation, Venture- og kapitalfonde, Finance",Corporations,Finance,4004036991,20858206,Automatisk CVR import at 2017-09-29 10:43:33: Juan Antonio Farré Jové som bestyrelsesmedlem i CVR 20858206 (2016-09-28 - NA).
Kim Torsten Brixen,SYDDANSK TEKNOLOGISK INNOVATION A/S,Member,Men,"Corporation, Venture- og kapitalfonde, Finance",Corporations,Finance,4000073823,20858206,Automatisk CVR import at 2016-03-12 18:06:17: BESTYRELSE i SYDDANSK TEKNOLOGISK INNOVATION A/S (2011-11-25 - ).
Helle Thylkjaer Henriksen,SYDDANSK TEKNOLOGISK INNOVATION A/S,Vice chairman,Women,"Corporation, Venture- og kapitalfonde, Finance",Corporations,Finance,4004154466,20858206,Automatisk CVR import at 2017-09-29 10:43:33: Helle Thylkjaer Henriksen som naestformand i CVR 20858206 (2016-05-26 - NA).
Allan Michael Luplau,Sygeforsikring Danmark,Chief executive,Men,"Corporation, FINA, Health, Insurance, Finance",Corporations,Insurance,4004109631,22656511,Automatisk CVR import at 2016-03-12 18:06:21: adm. dir i Sygeforsikring Danmark (2012-10-01 - ).
Bjarne René Fischer Lassen,Sygeforsikring Danmark,Member,Men,"Corporation, FINA, Health, Insurance, Finance",Corporations,Insurance,4004183596,22656511,Automatisk CVR import at 2016-03-12 18:06:21: BESTYRELSE i Sygeforsikring Danmark (2011-04-27 - ).
Flemming Orth,Sygeforsikring Danmark,Member,Men,"Corporation, FINA, Health, Insurance, Finance",Corporations,Insurance,4004178236,22656511,Automatisk CVR import at 2016-03-12 18:06:21: BESTYRELSE i Sygeforsikring Danmark (2014-04-29 - ).
Hans Jakob Henningsen,Sygeforsikring Danmark,Member,Men,"Corporation, FINA, Health, Insurance, Finance",Corporations,Insurance,4003836703,22656511,Automatisk CVR import at 2016-03-12 18:06:20: BESTYRELSE i Sygeforsikring Danmark (2006-04-26 - ).
Joern Carsten Nielsen,Sygeforsikring Danmark,Member,Men,"Corporation, FINA, Health, Insurance, Finance",Corporations,Insurance,4000648419,22656511,Automatisk CVR import at 2016-03-12 18:06:20: BESTYRELSE i Sygeforsikring Danmark (2010-04-28 - ).
Knud Kasper Damsgaard,Sygeforsikring Danmark,Chairman,Men,"Corporation, FINA, Health, Insurance, Finance",Corporations,Insurance,4000097548,22656511,Automatisk CVR import at 2016-03-12 18:06:20: formand i Sygeforsikring Danmark (2004-04-28 - ).
Kristian Pallesen,Sygeforsikring Danmark,Member,Men,"Corporation, FINA, Health, Insurance, Finance",Corporations,Insurance,4003966888,22656511,Automatisk CVR import at 2016-03-12 18:06:20: BESTYRELSE i Sygeforsikring Danmark (2008-04-23 - ).
Mogens Boeg-Jensen,Sygeforsikring Danmark,Member,Men,"Corporation, FINA, Health, Insurance, Finance",Corporations,Insurance,380978,22656511,Automatisk CVR import at 2016-03-12 18:06:20: BESTYRELSE i Sygeforsikring Danmark (2010-04-28 - ).
Peter Henrik Kristian Knub,Sygeforsikring Danmark,Member,Men,"Corporation, FINA, Health, Insurance, Finance",Corporations,Insurance,4004139032,22656511,Automatisk CVR import at 2016-03-12 18:06:21: BESTYRELSE i Sygeforsikring Danmark (2012-04-26 - ).
Peter Schak Larsen,Sygeforsikring Danmark,Member,Men,"Corporation, FINA, Health, Insurance, Finance",Corporations,Insurance,4000286911,22656511,Automatisk CVR import at 2016-03-12 18:06:20: BESTYRELSE i Sygeforsikring Danmark (2009-11-11 - ).
Bente Abildgaard Bjerre Sauer,Sygeforsikring Danmark,Member,Women,"Corporation, FINA, Health, Insurance, Finance",Corporations,Insurance,4003908946,22656511,Automatisk CVR import at 2016-03-12 18:06:20: BESTYRELSE i Sygeforsikring Danmark (2010-04-28 - ).
Kirsten OElgaard,Sygeforsikring Danmark,Executive,Women,"Corporation, FINA, Health, Insurance, Finance",Corporations,Insurance,4004139417,22656511,Automatisk CVR import at 2016-03-12 18:06:21: DIREKTION i Sygeforsikring Danmark (2012-10-01 - ).
Tina Christensen 45673,Sygeforsikring Danmark,Executive,Women,"Corporation, FINA, Health, Insurance, Finance",Corporations,Insurance,4004139427,22656511,Automatisk CVR import at 2016-03-12 18:06:21: DIREKTION i Sygeforsikring Danmark (2012-10-01 - ).
Brian Rothemejer Jacobsen,Topdanmark,Chief executive,Men,"Corporation, FINA, Insurance, Finance",Corporations,Insurance,4003956532,78040017,Automatisk CVR import at 2016-03-12 18:06:57: DIREKTOER i Topdanmark (2016-03-01 - ).
Christian Sagild,Topdanmark,Chief executive,Men,"Corporation, FINA, Insurance, Finance",Corporations,Insurance,4003998686,78040017,Automatisk CVR import at 2016-03-12 18:06:57: adm. dir i Topdanmark (2009-06-01 - ).
Jens Aaloese,Topdanmark,Member,Men,"Corporation, FINA, Insurance, Finance",Corporations,Insurance,4004157015,78040017,Automatisk CVR import at 2017-09-29 11:27:30: Jens Aaloese som bestyrelsesmedlem i CVR 78040017 (2016-04-07 - NA).
Lars Thykier 22058,Topdanmark,Executive,Men,"Corporation, FINA, Insurance, Finance",Corporations,Insurance,4003946060,78040017,Automatisk CVR import at 2016-03-12 18:06:57: DIREKTION i Topdanmark (2008-06-01 - ).
Petri Kalervo Niemisvirta 197179,Topdanmark,Member,Men,"Corporation, FINA, Insurance, Finance",Corporations,Insurance,4006943434,78040017,Automatisk CVR import at 2017-09-29 11:27:30: Petri Kalervo Niemisvirta som bestyrelsesmedlem i CVR 78040017 (2017-04-04 - NA).
Ricard Wennerklint 197177,Topdanmark,Member,Men,"Corporation, FINA, Insurance, Finance",Corporations,Insurance,4006943430,78040017,Automatisk CVR import at 2017-09-29 11:27:30: Ricard Wennerklint som bestyrelsesmedlem i CVR 78040017 (2017-04-04 - NA).
Torbjörn Magnusson,Topdanmark,Chairman,Men,"Corporation, FINA, Insurance, Finance",Corporations,Insurance,4004298598,78040017,Automatisk CVR import at 2017-09-29 11:27:30: Torbjörn Magnusson som formand i CVR 78040017 (2017-04-04 - NA).
Ann-Jeanette Bakboel Eberhard,Topdanmark,Member,Women,"Corporation, FINA, Insurance, Finance",Corporations,Insurance,4006009854,78040017,Automatisk CVR import at 2016-03-12 18:06:58: BESTYRELSESMEDLEM i Topdanmark (2015-04-15 - ).
Annette Sadolin,Topdanmark,Vice chairman,Women,"Corporation, FINA, Insurance, Finance",Corporations,Insurance,4004003488,78040017,Automatisk CVR import at 2017-09-29 11:27:30: Annette Krumhardt Sadolin som naestformand i CVR 78040017 (2017-04-04 - NA).
Lone Moeller Olsen,Topdanmark,Member,Women,"Corporation, FINA, Insurance, Finance",Corporations,Insurance,4000145048,78040017,Automatisk CVR import at 2017-09-29 11:27:30: Lone Moeller Olsen som bestyrelsesmedlem i CVR 78040017 (2016-04-07 - NA).
Marianne Wier,Topdanmark,Chief executive,Women,"Corporation, FINA, Insurance, Finance",Corporations,Insurance,4004012673,78040017,Automatisk CVR import at 2016-03-12 18:06:57: DIREKTOER i Topdanmark (2016-03-01 - ).
Mette Jensen 46138,Topdanmark,Member,Women,"Corporation, FINA, Insurance, Finance",Corporations,Insurance,4006009852,78040017,Automatisk CVR import at 2016-03-12 18:06:58: BESTYRELSESMEDLEM i Topdanmark (2015-04-15 - ).
Tina Moeller Nielsen Carlsson,Topdanmark,Member,Women,"Corporation, FINA, Insurance, Finance",Corporations,Insurance,4006009851,78040017,Automatisk CVR import at 2016-03-12 18:06:58: BESTYRELSESMEDLEM i Topdanmark (2015-04-15 - ).
Claus Erik Petersen,TOTALKREDIT A/S,Vice chairman,Men,"Corporation, Finance, Housing",Corporations,Finance,4003834579,21832278,Automatisk CVR import at 2016-03-12 18:07:01: naestformand i TOTALKREDIT A/S (2012-03-20 - ).
David Hellemann,TOTALKREDIT A/S,Member,Men,"Corporation, Finance, Housing",Corporations,Finance,4004166019,21832278,Automatisk CVR import at 2017-09-29 10:45:18: David Hellemann som bestyrelsesmedlem i CVR 21832278 (2016-09-01 - NA).
Gert Rinaldo Jonassen,TOTALKREDIT A/S,Member,Men,"Corporation, Finance, Housing",Corporations,Finance,4004095445,21832278,Automatisk CVR import at 2016-03-12 18:07:02: BESTYRELSE i TOTALKREDIT A/S (2007-03-27 - ).
Jari Loch Jensen,TOTALKREDIT A/S,Member,Men,"Corporation, Finance, Housing",Corporations,Finance,4004114325,21832278,Automatisk CVR import at 2016-03-12 18:07:02: BESTYRELSE i TOTALKREDIT A/S (2007-11-01 - ).
John Bull Fisker,TOTALKREDIT A/S,Member,Men,"Corporation, Finance, Housing",Corporations,Finance,4003969265,21832278,Automatisk CVR import at 2017-09-29 10:45:18: John Bull Fisker som bestyrelsesmedlem i CVR 21832278 (2017-08-09 - NA).
John Christiansen 16895,TOTALKREDIT A/S,Member,Men,"Corporation, Finance, Housing",Corporations,Finance,4004018514,21832278,Automatisk CVR import at 2017-09-29 10:45:18: John Christiansen som bestyrelsesmedlem i CVR 21832278 (2017-08-09 - NA).
Lasse Nyby,TOTALKREDIT A/S,Member,Men,"Corporation, Finance, Housing",Corporations,Finance,4003960163,21832278,Automatisk CVR import at 2017-09-29 10:45:18: Lasse Nyby som bestyrelsesmedlem i CVR 21832278 (2017-08-09 - NA).
Michael Holm Jensen,TOTALKREDIT A/S,Member,Men,"Corporation, Finance, Housing",Corporations,Finance,4003985572,21832278,Automatisk CVR import at 2016-03-12 18:07:01: BESTYRELSE i TOTALKREDIT A/S (2013-03-19 - ).
Michael Rasmussen 25804,TOTALKREDIT A/S,Chairman,Men,"Corporation, Finance, Housing",Corporations,Finance,4004093370,21832278,Automatisk CVR import at 2016-03-12 18:07:02: formand i TOTALKREDIT A/S (2014-03-18 - ).
Petter Blondeau,TOTALKREDIT A/S,Member,Men,"Corporation, Finance, Housing",Corporations,Finance,NA,21832278,Automatisk CVR import at 2016-03-12 18:07:01: BESTYRELSE i TOTALKREDIT A/S (2012-11-05 - ).
Troels Bülow-Olsen,TOTALKREDIT A/S,Executive,Men,"Corporation, Finance, Housing",Corporations,Finance,4000688872,21832278,Automatisk CVR import at 2016-03-12 18:07:01: DIREKTION i TOTALKREDIT A/S (2007-10-01 - ).
Anne Grethe Christiansen,TOTALKREDIT A/S,Member,Women,"Corporation, Finance, Housing",Corporations,Finance,4004123457,21832278,Automatisk CVR import at 2016-03-12 18:07:02: BESTYRELSE i TOTALKREDIT A/S (2014-10-31 - ).
Camilla Holm 46152,TOTALKREDIT A/S,Chief executive,Women,"Corporation, Finance, Housing",Corporations,Finance,4000540570,21832278,Automatisk CVR import at 2016-03-12 18:07:01: DIREKTOER i TOTALKREDIT A/S (2015-10-01 - ).
Karen Froesig,TOTALKREDIT A/S,Member,Women,"Corporation, Finance, Housing",Corporations,Finance,4003962787,21832278,Automatisk CVR import at 2016-03-12 18:07:01: BESTYRELSE i TOTALKREDIT A/S (2008-05-13 - ).
Merete Nilausen,TOTALKREDIT A/S,Member,Women,"Corporation, Finance, Housing",Corporations,Finance,4004114323,21832278,Automatisk CVR import at 2016-03-12 18:07:02: BESTYRELSE i TOTALKREDIT A/S (2005-04-08 - ).
Anders Hjulmand,Tryg,Member,Men,"Corporation, FINA, Insurance, Finance",Corporations,Insurance,4003909233,26460212,Automatisk CVR import at 2017-09-29 10:59:43: Anders Hjulmand som bestyrelsesmedlem i CVR 26460212 (2016-03-16 - NA).
Carl-Viggo Johannes Östlund 46214,Tryg,Member,Men,"Corporation, FINA, Insurance, Finance",Corporations,Insurance,4006007640,26460212,Automatisk CVR import at 2016-03-12 18:07:08: BESTYRELSESMEDLEM i Tryg (2015-03-25 - ).
Christian Baltzer 197194,Tryg,Executive,Men,"Corporation, FINA, Insurance, Finance",Corporations,Insurance,4006531950,26460212,Automatisk CVR import at 2017-09-29 10:59:43: Christian Boris Baltzer som direktoer i CVR 26460212 (2016-04-15 - NA).
Jesper Hjulmand 16152,Tryg,Member,Men,"Corporation, FINA, Insurance, Finance",Corporations,Insurance,4004062643,26460212,Automatisk CVR import at 2016-03-12 18:07:08: BESTYRELSE i Tryg (2010-04-15 - ).
Joergen Huno Rasmussen,Tryg,Chairman,Men,"Corporation, FINA, Insurance, Finance",Corporations,Insurance,4003938319,26460212,NA
Johan Kirstein Brammer,Tryg,Executive,Men,"Corporation, FINA, Insurance, Finance",Corporations,Insurance,4004191926,26460212,NA
Jukka Pekka Pertola,Tryg,Vice chairman,Men,"Corporation, FINA, Insurance, Finance",Corporations,Insurance,4004052425,26460212,Automatisk CVR import at 2017-09-29 10:59:43: Jukka Pekka Pertola som naestformand i CVR 26460212 (2017-03-08 - NA).
Lars Ulrik Bonde,Tryg,Executive,Men,"Corporation, FINA, Insurance, Finance",Corporations,Insurance,4004016606,26460212,Automatisk CVR import at 2016-03-12 18:07:07: DIREKTION i Tryg (2011-02-01 - ).
Morten Marc Hübbe,Tryg,Chief executive,Men,"Corporation, FINA, Insurance, Finance",Corporations,Insurance,4004087164,26460212,Automatisk CVR import at 2016-03-12 18:07:08: adm. dir i Tryg (2011-02-01 - ).
Torben Henning Nielsen,Tryg,Vice chairman,Men,"Corporation, FINA, Insurance, Finance",Corporations,Insurance,4000020918,26460212,Automatisk CVR import at 2016-03-12 18:07:07: naestformand i Tryg (2011-04-14 - ).
Ida Sofie Jensen,Tryg,Member,Women,"Corporation, FINA, Insurance, Finance",Corporations,Insurance,4000098543,26460212,Automatisk CVR import at 2016-03-12 18:07:07: BESTYRELSE i Tryg (2013-04-18 - ).
Lene Skole-Soerensen,Tryg,Member,Women,"Corporation, FINA, Insurance, Finance",Corporations,Insurance,4000720210,26460212,Automatisk CVR import at 2016-03-12 18:07:07: BESTYRELSE i Tryg (2010-04-15 - ).
Mari Thjoemoee,Tryg,Member,Women,"Corporation, FINA, Insurance, Finance",Corporations,Insurance,4004302574,26460212,Automatisk CVR import at 2016-03-12 18:07:08: BESTYRELSE i Tryg (2012-04-19 - ).
Tina Snejbjerg,Tryg,Member,Women,"Corporation, FINA, Insurance, Finance",Corporations,Insurance,4004106313,26460212,Automatisk CVR import at 2016-03-12 18:07:08: BESTYRELSE i Tryg (2010-04-15 - ).
Anders Hede,Tryghedsgruppen (Bestyrelse),Executive,Men,"Charity, Foundation, Insurance, Science, ForskerForum, Socialomraadet",Foundations,Insurance,NA,10430410,Forskningschef
Anders Hjulmand,Tryghedsgruppen (Bestyrelse),Member,Men,"Charity, Foundation, Insurance, Science, ForskerForum, Socialomraadet",Foundations,Insurance,4003909233,10430410,NA
Claus Wistoft 6596,Tryghedsgruppen (Bestyrelse),Member,Men,"Charity, Foundation, Insurance, Science, ForskerForum, Socialomraadet",Foundations,Insurance,4000126123,10430410,NA
Henrik Horup,Tryghedsgruppen (Bestyrelse),Member,Men,"Charity, Foundation, Insurance, Science, ForskerForum, Socialomraadet",Foundations,Insurance,4004113173,10430410,NA
Jesper Hjulmand 16152,Tryghedsgruppen (Bestyrelse),Member,Men,"Charity, Foundation, Insurance, Science, ForskerForum, Socialomraadet",Foundations,Insurance,4004062643,10430410,NA
Mads Ulrik Lebech,Tryghedsgruppen (Bestyrelse),Chief executive,Men,"Charity, Foundation, Insurance, Science, ForskerForum, Socialomraadet",Foundations,Insurance,4004009097,10430410,"Adm. Direktoer, Tryghedsgruppen"
Magnus Skovrind Pedersen,Tryghedsgruppen (Bestyrelse),Member,Men,"Charity, Foundation, Insurance, Science, ForskerForum, Socialomraadet",Foundations,Insurance,4000745999,10430410,NA
Torben Jensen 36258,Tryghedsgruppen (Bestyrelse),Member,Men,"Charity, Foundation, Insurance, Science, ForskerForum, Socialomraadet",Foundations,Insurance,NA,10430410,NA
Gurli Martinussen,Tryghedsgruppen (Bestyrelse),Executive,Women,"Charity, Foundation, Insurance, Science, ForskerForum, Socialomraadet",Foundations,Insurance,4004029213,10430410,Direktoer i TrygFonden
Ida Sofie Jensen,Tryghedsgruppen (Bestyrelse),Member,Women,"Charity, Foundation, Insurance, Science, ForskerForum, Socialomraadet",Foundations,Insurance,4000098543,10430410,NA
Karen Bladt,Tryghedsgruppen (Bestyrelse),Member,Women,"Charity, Foundation, Insurance, Science, ForskerForum, Socialomraadet",Foundations,Insurance,4004092831,10430410,NA
Trine Heidemann,Tryghedsgruppen (Bestyrelse),Executive,Women,"Charity, Foundation, Insurance, Science, ForskerForum, Socialomraadet",Foundations,Insurance,NA,10430410,Underdirektoer
Anders Kristian Bech,Vestjysk Bank,Member,Men,"Corporation, FINA, Banks, Finance",Corporations,Banks,4003901538,34631328,Automatisk CVR import at 2016-03-12 18:07:47: BESTYRELSE i Vestjysk Bank (2014-03-25 - ).
Bent Ejnar Juul Simonsen,Vestjysk Bank,Member,Men,"Corporation, FINA, Banks, Finance",Corporations,Banks,4004015121,34631328,Automatisk CVR import at 2016-03-12 18:07:48: BESTYRELSE i Vestjysk Bank (2013-03-26 - ).
Jan Ulsoe Madsen,Vestjysk Bank,Chief executive,Men,"Corporation, FINA, Banks, Finance",Corporations,Banks,4004160463,34631328,Automatisk CVR import at 2016-03-12 18:07:48: adm. dir i Vestjysk Bank (2015-02-01 - ).
Lars Holst,Vestjysk Bank,Vice chairman,Men,"Corporation, FINA, Banks, Finance",Corporations,Banks,4003906335,34631328,Automatisk CVR import at 2016-03-12 18:07:48: naestformand i Vestjysk Bank (2014-03-25 - ).
Michael Nelander Petersen,Vestjysk Bank,Executive,Men,"Corporation, FINA, Banks, Finance",Corporations,Banks,4004184746,34631328,Automatisk CVR import at 2016-03-12 18:07:48: DIREKTION i Vestjysk Bank (2012-09-25 - ).
Vagn Thorsager,Vestjysk Bank,Chairman,Men,"Corporation, FINA, Banks, Finance",Corporations,Banks,4004091303,34631328,Automatisk CVR import at 2016-03-12 18:07:48: formand i Vestjysk Bank (2014-03-25 - ).
Karina Grosen Boldsen,Vestjysk Bank,Member,Women,"Corporation, FINA, Banks, Finance",Corporations,Banks,4000513646,34631328,Automatisk CVR import at 2016-03-12 18:07:47: BESTYRELSESMEDLEM i Vestjysk Bank (2015-03-23 - ).
Malene Roenoe,Vestjysk Bank,Member,Women,"Corporation, FINA, Banks, Finance",Corporations,Banks,4004171017,34631328,Automatisk CVR import at 2016-03-12 18:07:48: BESTYRELSE i Vestjysk Bank (2011-03-16 - ).
Jesper Hoersholt,VIA VENTURE PARTNERS A/S,Member,Men,"Corporation, Venture- og kapitalfonde, Finance",Corporations,Finance,4004079032,29306931,Automatisk CVR import at 2016-03-12 18:07:51: BESTYRELSE i VIA VENTURE PARTNERS A/S (2006-01-04 - ).
John Helmsoee-Zinck,VIA VENTURE PARTNERS A/S,Member,Men,"Corporation, Venture- og kapitalfonde, Finance",Corporations,Finance,4000170820,29306931,Automatisk CVR import at 2016-03-12 18:07:51: BESTYRELSE i VIA VENTURE PARTNERS A/S (2006-01-04 - ).
Lars Thomsen 197261,VIA VENTURE PARTNERS A/S,Chairman,Men,"Corporation, Venture- og kapitalfonde, Finance",Corporations,Finance,4004172213,29306931,Automatisk CVR import at 2017-09-29 11:04:06: Lars Thomsen som formand i CVR 29306931 (2016-07-01 - NA).
Anders Raith Linemann,VP Securities A/S,Member,Men,"FINA, Banks, Corporation, Finance",Corporations,Banks,4000637483,21599336,Automatisk CVR import at 2016-03-12 18:08:04: BESTYRELSE i VP Securities (2012-03-29 - ).
Bjoern Samuel Stendorph Crepaz,VP Securities A/S,Member,Men,"FINA, Banks, Corporation, Finance",Corporations,Banks,4004183191,21599336,Automatisk CVR import at 2016-03-12 18:08:05: BESTYRELSE i VP Securities (2012-03-29 - ).
Carsten Mandrup Poulsen Wiggers,VP Securities A/S,Member,Men,"FINA, Banks, Corporation, Finance",Corporations,Banks,4004026915,21599336,Adm. direktoer LR Realkredit A/S
Christoffer Moellenbach,VP Securities A/S,Member,Men,"FINA, Banks, Corporation, Finance",Corporations,Banks,4004007510,21599336,Head of TreasuryDanske Bank
Erik Gadeberg,VP Securities A/S,Member,Men,"FINA, Banks, Corporation, Finance",Corporations,Banks,4004050680,21599336,Automatisk CVR import at 2016-03-12 18:08:04: BESTYRELSE i VP Securities (2013-04-25 - ).
Hugo Frey Jensen,VP Securities A/S,Vice chairman,Men,"FINA, Banks, Corporation, Finance",Corporations,Banks,4004071194,21599336,Automatisk CVR import at 2016-03-12 18:08:05: naestformand i VP Securities (2014-04-28 - ).
Jan Bjoern Kjaervik,VP Securities A/S,Member,Men,"FINA, Banks, Corporation, Finance",Corporations,Banks,4004105916,21599336,Head of Group Finance & Risk Management A.P. Moeller Maersk A/S
Jens Kristian Anders Moeller,VP Securities A/S,Member,Men,"FINA, Banks, Corporation, Finance",Corporations,Banks,4000206967,21599336,Automatisk CVR import at 2016-03-12 18:08:04: BESTYRELSESMEDLEM i VP Securities (2015-04-27 - ).
John Christiansen 16895,VP Securities A/S,Member,Men,"FINA, Banks, Corporation, Finance",Corporations,Banks,4004018514,21599336,Automatisk CVR import at 2016-03-12 18:08:04: BESTYRELSESMEDLEM i VP Securities (2015-04-27 - ).
Karsten Tommy Gerlach,VP Securities A/S,Other role,Men,"FINA, Banks, Corporation, Finance",Corporations,Banks,4004102533,21599336,Automatisk CVR import at 2016-03-12 18:08:05: PERSONLIG_SUPPLEANT i VP Securities (2012-03-29 - ).
Niels Olsen 27672,VP Securities A/S,Chief executive,Men,"FINA, Banks, Corporation, Finance",Corporations,Banks,4000639664,21599336,(Adm. dir)
Peter Lybecker,VP Securities A/S,Chairman,Men,"FINA, Banks, Corporation, Finance",Corporations,Banks,4003917331,21599336,Automatisk CVR import at 2016-03-12 18:08:04: formand i VP Securities (2013-04-25 - ).
Peter Ott,VP Securities A/S,Member,Men,"FINA, Banks, Corporation, Finance",Corporations,Banks,4003937369,21599336,Automatisk CVR import at 2016-03-12 18:08:04: BESTYRELSE i VP Securities (2012-04-23 - ).
Soeren Holm,VP Securities A/S,Member,Men,"FINA, Banks, Corporation, Finance",Corporations,Banks,4003996549,21599336,Automatisk CVR import at 2016-03-12 18:08:04: BESTYRELSE i VP Securities (2013-04-25 - ).
Anne-Lise Emcken,VP Securities A/S,Member,Women,"FINA, Banks, Corporation, Finance",Corporations,Banks,4004063124,21599336,Automatisk CVR import at 2016-03-12 18:08:04: BESTYRELSE i VP Securities (2000-05-18 - ).
Gitte Ina Nielsen,VP Securities A/S,Member,Women,"FINA, Banks, Corporation, Finance",Corporations,Banks,4004062382,21599336,Automatisk CVR import at 2016-03-12 18:08:04: BESTYRELSE i VP Securities (2000-05-18 - ).
Bjarne Jensen 3947,Byggesocietetet (Koebenhavnsudvalget ),Member,Men,"Architecture, Business association, Construction, Housing",NGO,Leadership networks,NA,NA,RED - Property Advisers 	bj@red.dk
Bjarne Joergensen 3950,Byggesocietetet (Koebenhavnsudvalget ),Chairman,Men,"Architecture, Business association, Construction, Housing",NGO,Leadership networks,NA,NA,Danske Bank/Realkredit Danmark A/S 		bjj@rd.dk
Boris Noergaard Kjeldsen,Byggesocietetet (Koebenhavnsudvalget ),Member,Men,"Architecture, Business association, Construction, Housing",NGO,Leadership networks,4000161650,NA,DADES A/S 	yl@dades.dk
Christoph Wiese,Byggesocietetet (Koebenhavnsudvalget ),Member,Men,"Architecture, Business association, Construction, Housing",NGO,Leadership networks,NA,NA,Cubrix Property Advisers A/S 	chwi@cubrix.dk
Flemming Stroem 9269,Byggesocietetet (Koebenhavnsudvalget ),Member,Men,"Architecture, Business association, Construction, Housing",NGO,Leadership networks,4000391563,NA,KAB 	fst@kab-bolig.dk
Henrik Duhn,Byggesocietetet (Koebenhavnsudvalget ),Member,Men,"Architecture, Business association, Construction, Housing",NGO,Leadership networks,NA,NA,Nordic Property Management 	hd@nordic-pm.dk
Jens-Erik Corvinius,Byggesocietetet (Koebenhavnsudvalget ),Member,Men,"Architecture, Business association, Construction, Housing",NGO,Leadership networks,4003950235,NA,KHR arkitekter 	corvinius.c@gmail.com
Jesper Munck Loiborg,Byggesocietetet (Koebenhavnsudvalget ),Member,Men,"Architecture, Business association, Construction, Housing",NGO,Leadership networks,4000678050,NA,KFI Erhvervsdrivende Fond 	jl@kfi.dk
Kurt Albaek,Byggesocietetet (Koebenhavnsudvalget ),Member,Men,"Architecture, Business association, Construction, Housing",NGO,Leadership networks,NA,NA,Sadolin & Albaek 	ka@sadolin-albaek.dk
Lars Heilesen,Byggesocietetet (Koebenhavnsudvalget ),Member,Men,"Architecture, Business association, Construction, Housing",NGO,Leadership networks,NA,NA,Sankt Petri Advokater 	lh@sanktpetri-advokater.dk
Leif Olsen 22349,Byggesocietetet (Koebenhavnsudvalget ),Member,Men,"Architecture, Business association, Construction, Housing",NGO,Leadership networks,NA,NA,Ejd.maeglerfirmaet Leif Olsen A/S 	leif@leif-olsen.dk
Michael Soetmann,Byggesocietetet (Koebenhavnsudvalget ),Member,Men,"Architecture, Business association, Construction, Housing",NGO,Leadership networks,NA,NA,By & Havn 	mso@byoghavn.dk
Ole Schroeder 45938,Byggesocietetet (Koebenhavnsudvalget ),Member,Men,"Architecture, Business association, Construction, Housing",NGO,Leadership networks,NA,NA,TredjeNatur 	os@tredjenatur.dk
Peter Nymann,Byggesocietetet (Koebenhavnsudvalget ),Member,Men,"Architecture, Business association, Construction, Housing",NGO,Leadership networks,NA,NA,Skanska A/S 	peter.nymann@skanska.dk
Peter Spoeer,Byggesocietetet (Koebenhavnsudvalget ),Member,Men,"Architecture, Business association, Construction, Housing",NGO,Leadership networks,4003933844,NA,Jeudan A/S 	psp@jeudan.dk
Soeren Hofman Laursen,Byggesocietetet (Koebenhavnsudvalget ),Member,Men,"Architecture, Business association, Construction, Housing",NGO,Leadership networks,4003912426,NA,Direktoer 	shlhofman@gmail.com
Soeren Peter Hvidegaard Jensen,Byggesocietetet (Koebenhavnsudvalget ),Member,Men,"Architecture, Business association, Construction, Housing",NGO,Leadership networks,NA,NA,SPJ Raadgivning 	spj@spjraadgivning.dk
Tony Christrup,Byggesocietetet (Koebenhavnsudvalget ),Member,Men,"Architecture, Business association, Construction, Housing",NGO,Leadership networks,NA,NA,ArkitektGruppen Ejendomme A/S 	tc@arkitektgruppen.dk
Torben Biilmann 36110,Byggesocietetet (Koebenhavnsudvalget ),Member,Men,"Architecture, Business association, Construction, Housing",NGO,Leadership networks,4003952330,NA,MT Hoejgaard A/S 	tb@mth.dk
Christina Schulin-Zeuthen,Byggesocietetet (Koebenhavnsudvalget ),Member,Women,"Architecture, Business association, Construction, Housing",NGO,Leadership networks,NA,NA,Byggeri Koebenhavn 	C04P@okf.kk.dk
Maria  Beyer Skydt,Byggesocietetet (Koebenhavnsudvalget ),Member,Women,"Architecture, Business association, Construction, Housing",NGO,Leadership networks,NA,NA,BIG - Bjarke Ingels Group 	mbs@big.dk
Anders Kirk Johansen,Familien Kirk Johansen,NA,Men,"Family, Nobility",Family,Leadership networks,4000482462,NA,Soen af Gunhild
Casper Kirk Johansen,Familien Kirk Johansen,NA,Men,"Family, Nobility",Family,Leadership networks,4004087246,NA,Soen af Gunhild
Kjeld Kirk Kristiansen,Familien Kirk Johansen,NA,Men,"Family, Nobility",Family,Leadership networks,4003909153,NA,NA
Morten Kirk Johansen,Familien Kirk Johansen,NA,Men,"Family, Nobility",Family,Leadership networks,4004064340,NA,Soen af Gunhild
Gunhild Kirk Johansen,Familien Kirk Johansen,NA,Women,"Family, Nobility",Family,Leadership networks,NA,NA,Soester til Kjeld
Christian Clausen,Kontorfaellesskabet i Amaliegade,Executive,Men,"Business, Network",Corporations,Leadership networks,NA,NA,NA
Jim Hagemann Snabe,Kontorfaellesskabet i Amaliegade,Executive,Men,"Business, Network",Corporations,Leadership networks,4000607710,NA,NA
Ole Andersen 46105,Kontorfaellesskabet i Amaliegade,Executive,Men,"Business, Network",Corporations,Leadership networks,4000483762,NA,NA
Povl Christian Lütken Frigast,Kontorfaellesskabet i Amaliegade,Executive,Men,"Business, Network",Corporations,Leadership networks,4000249221,NA,NA
Esben Hoestager,Kontorfaellesskabet paa Sankt Annae Plads,NA,Men,"Business, Network",Corporations,Leadership networks,NA,NA,NA
Henning Kruse Petersen,Kontorfaellesskabet paa Sankt Annae Plads,NA,Men,"Business, Network",Corporations,Leadership networks,1021390,NA,NA
Jens Erik Jepsen Christensen,Kontorfaellesskabet paa Sankt Annae Plads,NA,Men,"Business, Network",Corporations,Leadership networks,4000645508,NA,NA
Jens Peter Toft,Kontorfaellesskabet paa Sankt Annae Plads,NA,Men,"Business, Network",Corporations,Leadership networks,4000610192,NA,NA
Lars Vinge Frederiksen,Kontorfaellesskabet paa Sankt Annae Plads,NA,Men,"Business, Network",Corporations,Leadership networks,4004024194,NA,NA
Peter Engberg Jensen,Kontorfaellesskabet paa Sankt Annae Plads,NA,Men,"Business, Network",Corporations,Leadership networks,4000769847,NA,NA
Preben Damgaard Nielsen,Kontorfaellesskabet paa Sankt Annae Plads,NA,Men,"Business, Network",Corporations,Leadership networks,4003925490,NA,NA
Birger Riis-Joergensen,VL gruppe 1 - Koebenhavn,Member,Men,"Leaders, Network, VL",VL_networks,Leadership networks,NA,NA,Birger Riis-Jrgensen Ambassadr Royal Danish Embassy
Bjarne Graven Larsen,VL gruppe 1 - Koebenhavn,Member,Men,"Leaders, Network, VL",VL_networks,Leadership networks,4004061792,NA,CFO Novo A/S
Boris Noergaard Kjeldsen,VL gruppe 1 - Koebenhavn,Member,Men,"Leaders, Network, VL",VL_networks,Leadership networks,4000161650,NA,Boris Nrgaard Kjeldsen Adm direktr DADES AS
Carsten Ulrick Larsen,VL gruppe 1 - Koebenhavn,Member,Men,"Leaders, Network, VL",VL_networks,Leadership networks,4004079954,NA,Carsten Ulrick Larsen Direktr Folketinget
Christian Georg Peter Moltke,VL gruppe 1 - Koebenhavn,Member,Men,"Leaders, Network, VL",VL_networks,Leadership networks,NA,NA,Christian Moltke Hofjgermester Greve Bregentved Gods
Christian Schoenau,VL gruppe 1 - Koebenhavn,Member,Men,"Leaders, Network, VL",VL_networks,Leadership networks,NA,NA,Christian Schnau Hofchef Kongehuset
Erland Hjalmar Kolding Nielsen,VL gruppe 1 - Koebenhavn,Member,Men,"Leaders, Network, VL",VL_networks,Leadership networks,4004055644,NA,Erland Kolding Nielsen Direktr Det Kongelige Bibliotek
Flemming Bent Lindeloev,VL gruppe 1 - Koebenhavn,Member,Men,"Leaders, Network, VL",VL_networks,Leadership networks,4003860100,NA,Bestyrelsesformand Prime Office A/S m.fl.
Henrik Normann 12717,VL gruppe 1 - Koebenhavn,Member,Men,"Leaders, Network, VL",VL_networks,Leadership networks,4000722790,NA,Henrik Normann Direktr Nordic Investment Bank
Jens Birgersson 39761,VL gruppe 1 - Koebenhavn,Member,Men,"Leaders, Network, VL",VL_networks,Leadership networks,4004298266,NA,President & CEO ROCKWOOL International A/S
Jesper Teddy Lok,VL gruppe 1 - Koebenhavn,Member,Men,"Leaders, Network, VL",VL_networks,Leadership networks,4004097493,NA,Adm direktoerFalck Emergency
Kaare Schultz,VL gruppe 1 - Koebenhavn,Member,Men,"Leaders, Network, VL",VL_networks,Leadership networks,4003902167,NA,Kre Schultz Koncerndirektr Novo Nordisk AS
Kristian May,VL gruppe 1 - Koebenhavn,Member,Men,"Leaders, Network, VL",VL_networks,Leadership networks,4003964067,NA,Kristian May Adm koncerndirektr MT Hjgaard AS
Lars Faeste,VL gruppe 1 - Koebenhavn,Member,Men,"Leaders, Network, VL",VL_networks,Leadership networks,NA,NA,Managing Director The Boston Consulting Group
Mikkel Bogh,VL gruppe 1 - Koebenhavn,Member,Men,"Leaders, Network, VL",VL_networks,Leadership networks,NA,NA,Direktoer Statens Museum for Kunst
Nader Alexander Mousavizadeh,VL gruppe 1 - Koebenhavn,Member,Men,"Leaders, Network, VL",VL_networks,Leadership networks,NA,NA,Direktoer og Partner Macro Advisory Partners
Niels Thomas Heering,VL gruppe 1 - Koebenhavn,Member,Men,"Leaders, Network, VL",VL_networks,Leadership networks,4000067364,NA,Niels Heering Advokat Gorrissen Federspiel  Kierkegaard
Nils Christian Strandberg Pedersen,VL gruppe 1 - Koebenhavn,Member,Men,"Leaders, Network, VL",VL_networks,Leadership networks,4004051220,NA,Nils Strandberg Pedersen Adm direktr Statens Seruminstitut
Orla Groen Pedersen,VL gruppe 1 - Koebenhavn,Member,Men,"Leaders, Network, VL",VL_networks,Leadership networks,4000043367,NA,Orla Grn Pedersen Bestyrelsesposter Landbrug og Fdevarer
Oscar Mosgaard,VL gruppe 1 - Koebenhavn,Member,Men,"Leaders, Network, VL",VL_networks,Leadership networks,4000076334,NA,Oscar Mosgaard Managing Partner FIH PARTNERS AS
Peter Alexander Foss,VL gruppe 1 - Koebenhavn,Member,Men,"Leaders, Network, VL",VL_networks,Leadership networks,4000040247,NA,Peter A Foss Formand FOSS AS
Peter Kürstein-Jensen,VL gruppe 1 - Koebenhavn,Member,Men,"Leaders, Network, VL",VL_networks,Leadership networks,4004144839,NA,Adm. direktoer Radiometer Medical
Peter Levin,VL gruppe 1 - Koebenhavn,Member,Men,"Leaders, Network, VL",VL_networks,Leadership networks,NA,NA,Egon Zehnder
Richard Rudolf Sand,VL gruppe 1 - Koebenhavn,Member,Men,"Leaders, Network, VL",VL_networks,Leadership networks,4000247694,NA,Richard SAND Advokat Philip Advokatfirma
Soeren Toft,VL gruppe 1 - Koebenhavn,Member,Men,"Leaders, Network, VL",VL_networks,Leadership networks,4004078538,NA,"COO, Maersk Line	Soeren	Toft	A. P. Moeller  Maersk A/S
"
Tim Sloth Joergensen,VL gruppe 1 - Koebenhavn,Member,Men,"Leaders, Network, VL",VL_networks,Leadership networks,NA,NA,Tim Sloth Jrgensen ForsvaretCenter for Ledelse Forsvaret
Tommy Pedersen 35985,VL gruppe 1 - Koebenhavn,Member,Men,"Leaders, Network, VL",VL_networks,Leadership networks,4003948812,NA,Tommy Pedersen Adm direktr Chr Augustinus Fabrikker AS
Tommy Thomsen 35998,VL gruppe 1 - Koebenhavn,Member,Men,"Leaders, Network, VL",VL_networks,Leadership networks,4000515082,NA,Tommy Thomsen CEO Nordic Tankers Management AS
Tor Magne Loennum 36527,VL gruppe 1 - Koebenhavn,Member,Men,"Leaders, Network, VL",VL_networks,Leadership networks,4004288306,NA,CFO Tryg Forsikring A/S
Ulrik Andreas Federspiel,VL gruppe 1 - Koebenhavn,Member,Men,"Leaders, Network, VL",VL_networks,Leadership networks,NA,NA,"Executive Vice President, Chief Strategy Officer Haldor Topsoee A/S"
Allis Helleland,VL gruppe 1 - Koebenhavn,Member,Women,"Leaders, Network, VL",VL_networks,Leadership networks,NA,NA,Allis Helleland Allis Helleland Allis Helleland
Birgit Aagaard-Svendsen,VL gruppe 1 - Koebenhavn,Member,Women,"Leaders, Network, VL",VL_networks,Leadership networks,4003907158,NA,Dirketoer - J. Lauritzen A/S
Linda Nielsen 22789,VL gruppe 1 - Koebenhavn,Member,Women,"Leaders, Network, VL",VL_networks,Leadership networks,4000392906,NA,Linda Nielsen Professor Kbenhavns Universitet
Lisbeth Knudsen,VL gruppe 1 - Koebenhavn,Member,Women,"Leaders, Network, VL",VL_networks,Leadership networks,4003968878,NA,Lisbeth Knudsen Koncernchef ansvarshavende chefredaktr Berlingske Media
Mette Bock,VL gruppe 1 - Koebenhavn,Member,Women,"Leaders, Network, VL",VL_networks,Leadership networks,4000388598,NA,Mette Bock Selvstndig Mette Bock
Mette Kirkeby OEstergaard,VL gruppe 1 - Koebenhavn,Member,Women,"Leaders, Network, VL",VL_networks,Leadership networks,NA,NA,chefredaktoer - tv2 News 
Sheela Maini Soegaard Christiansen,VL gruppe 1 - Koebenhavn,Member,Women,"Leaders, Network, VL",VL_networks,Leadership networks,4004037515,NA,CEO BIG Bjarke Ingels Group
Ulla Brockenhuus-Schack,VL gruppe 1 - Koebenhavn,Member,Women,"Leaders, Network, VL",VL_networks,Leadership networks,4000237676,NA,SEED Capital Denmark K/S
Asger Hoeeg,VL gruppe 10 - Koebenhavn,Member,Men,"Leaders, Network, VL",VL_networks,Leadership networks,4003952819,NA,Asger Hoeeg Raadgivning Direktoer
Ebbe Englev,VL gruppe 10 - Koebenhavn,Member,Men,"Leaders, Network, VL",VL_networks,Leadership networks,NA,NA,"GSK Medical Director, Nordic Cluster"
Erik Balleby Jensen,VL gruppe 10 - Koebenhavn,Member,Men,"Leaders, Network, VL",VL_networks,Leadership networks,4003910365,NA,Capidea Management CEO & Partner
Flemming Poulfelt,VL gruppe 10 - Koebenhavn,Member,Men,"Leaders, Network, VL",VL_networks,Leadership networks,4000075342,NA,"Copenhagen Business School Professor, prodekan"
Frank Bill,VL gruppe 10 - Koebenhavn,Member,Men,"Leaders, Network, VL",VL_networks,Leadership networks,NA,NA,Danish Defence & Security Industries Association Director
Frank Schyberg,VL gruppe 10 - Koebenhavn,Member,Men,"Leaders, Network, VL",VL_networks,Leadership networks,NA,NA,"IQ Energy Nordic CEO, Adm. Direktoer"
Henrik Kofoed,VL gruppe 10 - Koebenhavn,Member,Men,"Leaders, Network, VL",VL_networks,Leadership networks,NA,NA,Basico Partner
Henrik Sven Soerensen,VL gruppe 10 - Koebenhavn,Member,Men,"Leaders, Network, VL",VL_networks,Leadership networks,NA,NA,Psykiatri Plus A/S Adm. direktoer
Jan Erik Carlson,VL gruppe 10 - Koebenhavn,Member,Men,"Leaders, Network, VL",VL_networks,Leadership networks,NA,NA,Jan Erik Carlson
Jes Mikkel Svare,VL gruppe 10 - Koebenhavn,Member,Men,"Leaders, Network, VL",VL_networks,Leadership networks,NA,NA,HH Ferries Helsingborg AB Head of Travel
Jim Stjerne Hansen 16623,VL gruppe 10 - Koebenhavn,Member,Men,"Leaders, Network, VL",VL_networks,Leadership networks,4003902028,NA,Dansk Boldspil-Union Fhv. Generalsekretaer
John Magnus Lindskog,VL gruppe 10 - Koebenhavn,Member,Men,"Leaders, Network, VL",VL_networks,Leadership networks,4004088094,NA,"Unomedical a ConvaTec Company President, Infusion Devices"
Lars Erik Joensson,VL gruppe 10 - Koebenhavn,Member,Men,"Leaders, Network, VL",VL_networks,Leadership networks,4004108177,NA,VisitDenmark Viceadministrerende direktoer
Lars Malmberg,VL gruppe 10 - Koebenhavn,Member,Men,"Leaders, Network, VL",VL_networks,Leadership networks,NA,NA,Danske Bank SVP/ Underdirektoer
Lars Roenn 21953,VL gruppe 10 - Koebenhavn,Member,Men,"Leaders, Network, VL",VL_networks,Leadership networks,NA,NA,Russell Reynolds Executive Director
Lars Tandrup,VL gruppe 10 - Koebenhavn,Member,Men,"Leaders, Network, VL",VL_networks,Leadership networks,4004039557,NA,Fiskars Denmark A/S Managing Director Denmark
Lars Ulrik Bonde,VL gruppe 10 - Koebenhavn,Member,Men,"Leaders, Network, VL",VL_networks,Leadership networks,4004016606,NA,Tryg COO & Koncerndirektoer
Martin Aalling Delfer,VL gruppe 10 - Koebenhavn,Member,Men,"Leaders, Network, VL",VL_networks,Leadership networks,4000462975,NA,"Designit A/S Vice President & Partner, Designit Group"
Morten Jeppesen,VL gruppe 10 - Koebenhavn,Member,Men,"Leaders, Network, VL",VL_networks,Leadership networks,NA,NA,PressConnect Ejer & stifter
Morten Loekkegaard,VL gruppe 10 - Koebenhavn,Member,Men,"Leaders, Network, VL",VL_networks,Leadership networks,NA,NA,Europa-Parlamentet/Loekkegaard Kommunikation Medlem/raadgiver
Niels Henrik Bundsgaard,VL gruppe 10 - Koebenhavn,Member,Men,"Leaders, Network, VL",VL_networks,Leadership networks,NA,NA,Forsvarsministeriets Materiel- og Indkoebsstyrelse Direktoer/Generalloejtnant
Niels Karstensen,VL gruppe 10 - Koebenhavn,Member,Men,"Leaders, Network, VL",VL_networks,Leadership networks,NA,NA,Fakta kaeden CEO
Nikolaj Hoff,VL gruppe 10 - Koebenhavn,Member,Men,"Leaders, Network, VL",VL_networks,Leadership networks,4003991078,NA,Nordic Solar Energy A/S Direktoer
Palle Kjeldsen 29011,VL gruppe 10 - Koebenhavn,Member,Men,"Leaders, Network, VL",VL_networks,Leadership networks,NA,NA,Falck Danmark A/S Direktoer
Peter Stig Andersen,VL gruppe 10 - Koebenhavn,Member,Men,"Leaders, Network, VL",VL_networks,Leadership networks,NA,NA,Hundemoseskov A/S Ejer og direktoer
Soeren Greve 33165,VL gruppe 10 - Koebenhavn,Member,Men,"Leaders, Network, VL",VL_networks,Leadership networks,4004046848,NA,Naish Invest CEO
Soeren Kirkegaard,VL gruppe 10 - Koebenhavn,Member,Men,"Leaders, Network, VL",VL_networks,Leadership networks,NA,NA,Kirco Invest ApS Direktoer
Uffe Savery,VL gruppe 10 - Koebenhavn,Member,Men,"Leaders, Network, VL",VL_networks,Leadership networks,NA,NA,Sjaellands Symfoniorkester / Copenhagen Phil Musikchef
Birgit Pichat,VL gruppe 10 - Koebenhavn,Member,Women,"Leaders, Network, VL",VL_networks,Leadership networks,NA,NA,Vores Marked Adm. Dir.
Elisabeth Milton Hemmingsen,VL gruppe 10 - Koebenhavn,Member,Women,"Leaders, Network, VL",VL_networks,Leadership networks,4000371252,NA,Tivoli Kommerciel direktör
Elise Hauge,VL gruppe 10 - Koebenhavn,Member,Women,"Leaders, Network, VL",VL_networks,Leadership networks,NA,NA,"Simcorp SVP, Head of HR"
Hanne Lund 10557,VL gruppe 10 - Koebenhavn,Member,Women,"Leaders, Network, VL",VL_networks,Leadership networks,NA,NA,Naviair CFO
Helle Valentin,VL gruppe 10 - Koebenhavn,Member,Women,"Leaders, Network, VL",VL_networks,Leadership networks,NA,NA,IBM Direktoer
Inge Vestbo,VL gruppe 10 - Koebenhavn,Member,Women,"Leaders, Network, VL",VL_networks,Leadership networks,NA,NA,Inge Vestbo
Inger Stoejberg,VL gruppe 10 - Koebenhavn,Member,Women,"Leaders, Network, VL",VL_networks,Leadership networks,NA,NA,Folketinget Folketingsmedlem
Lene Ploug Bülow,VL gruppe 10 - Koebenhavn,Member,Women,"Leaders, Network, VL",VL_networks,Leadership networks,NA,NA,Widex A/S General Manager
Lis Napstjert,VL gruppe 10 - Koebenhavn,Member,Women,"Leaders, Network, VL",VL_networks,Leadership networks,NA,NA,Lis Napstjert
Mette Klingsten Peytz,VL gruppe 10 - Koebenhavn,Member,Women,"Leaders, Network, VL",VL_networks,Leadership networks,4000505198,NA,Mette Klingsten Advokat
Sabine Kirchmeier-Andersen,VL gruppe 10 - Koebenhavn,Member,Women,"Leaders, Network, VL",VL_networks,Leadership networks,NA,NA,Dansk Sprognaevn Direktoer
Susie Staerk Ekstrand,VL gruppe 10 - Koebenhavn,Member,Women,"Leaders, Network, VL",VL_networks,Leadership networks,4000448761,NA,Pharmadanmark Adm. Direktoer
Brian Voldsgaard,VL gruppe 101 - Koebenhavn,Member,Men,"Leaders, Network, VL",VL_networks,Leadership networks,NA,NA,A.P. Moeller - Maersk Director
Claus Soelvsteen,VL gruppe 101 - Koebenhavn,Member,Men,"Leaders, Network, VL",VL_networks,Leadership networks,NA,NA,Peytz & Co Partner
Einar Dyrhauge,VL gruppe 101 - Koebenhavn,Member,Men,"Leaders, Network, VL",VL_networks,Leadership networks,NA,NA,Danish-American Business Forum Direktoer
Frederik  Laursen,VL gruppe 101 - Koebenhavn,Member,Men,"Leaders, Network, VL",VL_networks,Leadership networks,NA,NA,Carlsberg Group Head of Sales & Marketing
Henrik Larsen 42467,VL gruppe 101 - Koebenhavn,Member,Men,"Leaders, Network, VL",VL_networks,Leadership networks,NA,NA,A.P. Moeller - Maersk Vice President Group Procurement
Jacob Hallager,VL gruppe 101 - Koebenhavn,Member,Men,"Leaders, Network, VL",VL_networks,Leadership networks,NA,NA,SDC a/s Director. Sales
Jens Eslau,VL gruppe 101 - Koebenhavn,Member,Men,"Leaders, Network, VL",VL_networks,Leadership networks,NA,NA,AniCura Koebenhavns Dyrehospital Adm. direktoer/dyrlaege
Jesper Mortensen 16279,VL gruppe 101 - Koebenhavn,Member,Men,"Leaders, Network, VL",VL_networks,Leadership networks,4006265021,NA,GF Forsikring Adm. direktoer
Karsten Elmsted,VL gruppe 101 - Koebenhavn,Member,Men,"Leaders, Network, VL",VL_networks,Leadership networks,NA,NA,EasyX CEO
Lars Bladt 42920,VL gruppe 101 - Koebenhavn,Member,Men,"Leaders, Network, VL",VL_networks,Leadership networks,NA,NA,Stringent-cph ApS Direktoer
Michael Grell Soerensen,VL gruppe 101 - Koebenhavn,Member,Men,"Leaders, Network, VL",VL_networks,Leadership networks,NA,NA,MS Branding A/S Adm. direktoer
Michael Valstorp,VL gruppe 101 - Koebenhavn,Member,Men,"Leaders, Network, VL",VL_networks,Leadership networks,NA,NA,Walnut Brands Direktoer
Nicolai Mariegaard,VL gruppe 101 - Koebenhavn,Member,Men,"Leaders, Network, VL",VL_networks,Leadership networks,NA,NA,Director A/S Head of Strategy & Client Services
Ole Witmeur 42927,VL gruppe 101 - Koebenhavn,Member,Men,"Leaders, Network, VL",VL_networks,Leadership networks,NA,NA,Pareto Securities AS Partner
Peder Bjellekjaer,VL gruppe 101 - Koebenhavn,Member,Men,"Leaders, Network, VL",VL_networks,Leadership networks,NA,NA,PPG Coatings A/S Regional Manager Marine Scandinavia
Peter Schwalbe,VL gruppe 101 - Koebenhavn,Member,Men,"Leaders, Network, VL",VL_networks,Leadership networks,NA,NA,Asia House & Danish Chinese Business Forum Senior Consultant
Stefan Fransson,VL gruppe 101 - Koebenhavn,Member,Men,"Leaders, Network, VL",VL_networks,Leadership networks,NA,NA,ManpowerGroup CEO
Thomas Stampe,VL gruppe 101 - Koebenhavn,Member,Men,"Leaders, Network, VL",VL_networks,Leadership networks,4000516813,NA,"Roenne & Lundgren Advokatfirma Advokat, partner"
Tom Ahrenst,VL gruppe 101 - Koebenhavn,Member,Men,"Leaders, Network, VL",VL_networks,Leadership networks,NA,NA,Nykredit Bank A/S Vicedirektoer
Tom Winther Pedersen,VL gruppe 101 - Koebenhavn,Member,Men,"Leaders, Network, VL",VL_networks,Leadership networks,NA,NA,Texas AS + filmproducent Direktoer
Tonny Rabjerg,VL gruppe 101 - Koebenhavn,Member,Men,"Leaders, Network, VL",VL_networks,Leadership networks,NA,NA,CodeSealer ApS CTO
Ulrik Blinkenberg,VL gruppe 101 - Koebenhavn,Member,Men,"Leaders, Network, VL",VL_networks,Leadership networks,NA,NA,Manpower Head of Advisory Board
Birgitte Bruun,VL gruppe 101 - Koebenhavn,Member,Women,"Leaders, Network, VL",VL_networks,Leadership networks,NA,NA,Deloitte Revisionsaktieselskab Partner
Birgitte Hart Hasbo,VL gruppe 101 - Koebenhavn,Member,Women,"Leaders, Network, VL",VL_networks,Leadership networks,NA,NA,Georg Jensen A/S VP Wholesale Living Europe
Camilla Andersen,VL gruppe 101 - Koebenhavn,Member,Women,"Leaders, Network, VL",VL_networks,Leadership networks,NA,NA,Travel Sense A/S Direktoer
Charlotte Borgensgaard,VL gruppe 101 - Koebenhavn,Member,Women,"Leaders, Network, VL",VL_networks,Leadership networks,NA,NA,Gerresheimer Vaerloese A/S Global Senior Director Quality & Reg. Affairs
Claudia Lindby,VL gruppe 101 - Koebenhavn,Member,Women,"Leaders, Network, VL",VL_networks,Leadership networks,NA,NA,"TMI Danmark Partner, adm. direktoer"
Dorthe Vilandt,VL gruppe 101 - Koebenhavn,Member,Women,"Leaders, Network, VL",VL_networks,Leadership networks,NA,NA,Nordic UPSIDE ApS Partner
Eva Flensted Madsen,VL gruppe 101 - Koebenhavn,Member,Women,"Leaders, Network, VL",VL_networks,Leadership networks,NA,NA,Turner Broadcasting System Nordic Distribution Executive
Helle Bundgaard 11654,VL gruppe 101 - Koebenhavn,Member,Women,"Leaders, Network, VL",VL_networks,Leadership networks,NA,NA,Motivation Factor ApS CEO & Founder
Helle Hoelmer,VL gruppe 101 - Koebenhavn,Member,Women,"Leaders, Network, VL",VL_networks,Leadership networks,NA,NA,Deloitte Consulting Partner
Liselotte Panduro,VL gruppe 101 - Koebenhavn,Member,Women,"Leaders, Network, VL",VL_networks,Leadership networks,NA,NA,ISS Facility Services A/S Divisionsdirektoer
Mette Dahl Juelner,VL gruppe 101 - Koebenhavn,Member,Women,"Leaders, Network, VL",VL_networks,Leadership networks,NA,NA,BizBuddy ApS Direktoer og ejer
Alex Pedersen 240,VL gruppe 103 - Aarhus,Member,Men,"Leaders, Network, VL",VL_networks,Leadership networks,NA,NA,Jyske Medier A/S Adm. direktoer og ansvarshavende chefredaktoer
Anders G. Christensen,VL gruppe 103 - Aarhus,Member,Men,"Leaders, Network, VL",VL_networks,Leadership networks,NA,NA,Anders G. Christensen Politiker
Bo Holse,VL gruppe 103 - Aarhus,Member,Men,"Leaders, Network, VL",VL_networks,Leadership networks,4000600068,NA,"Gorrissen Federspiel cand. jur. advokat, partner"
Christian Winther,VL gruppe 103 - Aarhus,Member,Men,"Leaders, Network, VL",VL_networks,Leadership networks,NA,NA,Hostnordic A/S Executive Vice President
Claus Hovge Andersen,VL gruppe 103 - Aarhus,Member,Men,"Leaders, Network, VL",VL_networks,Leadership networks,4004057103,NA,Jyllands-Posten Bladdirektoer
Gert Vinther Joergensen,VL gruppe 103 - Aarhus,Member,Men,"Leaders, Network, VL",VL_networks,Leadership networks,4004086847,NA,SE (SydEnergi) Koncerndirektoer (CFO)
Jens Holstborg,VL gruppe 103 - Aarhus,Member,Men,"Leaders, Network, VL",VL_networks,Leadership networks,NA,NA,DSV Froe Danmark A/S Adm.Direktoer
Karsten Wirnfeldt,VL gruppe 103 - Aarhus,Member,Men,"Leaders, Network, VL",VL_networks,Leadership networks,NA,NA,Post Danmark - Fyn & Soenderjylland Salgsdirektoer
Klaus Kalstrup,VL gruppe 103 - Aarhus,Member,Men,"Leaders, Network, VL",VL_networks,Leadership networks,NA,NA,Sjoerring Maskinfabrik A/S
Lars OEstergaard 21864,VL gruppe 103 - Aarhus,Member,Men,"Leaders, Network, VL",VL_networks,Leadership networks,4004057818,NA,Roblon A/S CEO
Mads Hyllested,VL gruppe 103 - Aarhus,Member,Men,"Leaders, Network, VL",VL_networks,Leadership networks,NA,NA,Winther Nordistic Group	Direktoer
Mads Meldgaard,VL gruppe 103 - Aarhus,Member,Men,"Leaders, Network, VL",VL_networks,Leadership networks,4000616502,NA,EY Partner
Michael Ejby,VL gruppe 103 - Aarhus,Member,Men,"Leaders, Network, VL",VL_networks,Leadership networks,NA,NA,Dansk Supermarked Direktoer
Morten Dissing,VL gruppe 103 - Aarhus,Member,Men,"Leaders, Network, VL",VL_networks,Leadership networks,NA,NA,Aros Forsikring Adm. direktoer
Niels Moeller Jensen 27628,VL gruppe 103 - Aarhus,Member,Men,"Leaders, Network, VL",VL_networks,Leadership networks,NA,NA,Grundfos A/S Adm. direktoer
Peter Frisgaard Lauridsen,VL gruppe 103 - Aarhus,Member,Men,"Leaders, Network, VL",VL_networks,Leadership networks,NA,NA,Sparekassen Kronjylland Finanschef
Peter Hartmann 42929,VL gruppe 103 - Aarhus,Member,Men,"Leaders, Network, VL",VL_networks,Leadership networks,NA,NA,Omron Electronics B.v General Manager
Steen Espersen McCormick,VL gruppe 103 - Aarhus,Member,Men,"Leaders, Network, VL",VL_networks,Leadership networks,NA,NA,McCormick 5R Marketing	Direktoer
Torben Svejgaard,VL gruppe 103 - Aarhus,Member,Men,"Leaders, Network, VL",VL_networks,Leadership networks,NA,NA,Torben Svejgaard Professionelt bestyrelsesmedlem
Uffe Drejer,VL gruppe 103 - Aarhus,Member,Men,"Leaders, Network, VL",VL_networks,Leadership networks,NA,NA,home a/s Adm. direktoer
Bente Damgaard,VL gruppe 103 - Aarhus,Member,Women,"Leaders, Network, VL",VL_networks,Leadership networks,4004086739,NA,"Hammer, Lassen Adm. direktoer"
Eva Madsen,VL gruppe 103 - Aarhus,Member,Women,"Leaders, Network, VL",VL_networks,Leadership networks,NA,NA,Ensure International Insurance Broker Partner
Gitte OErskou,VL gruppe 103 - Aarhus,Member,Women,"Leaders, Network, VL",VL_networks,Leadership networks,4004181458,NA,Kunsten Museumsdirektoer
Helle Vingolf Larsen,VL gruppe 103 - Aarhus,Member,Women,"Leaders, Network, VL",VL_networks,Leadership networks,4004157639,NA,FiberVisions a/s Adm. direktoer
Theresa Blegvad,VL gruppe 103 - Aarhus,Member,Women,"Leaders, Network, VL",VL_networks,Leadership networks,NA,NA,Insights Nordic Direktoer
Wenche Stroemsnes,VL gruppe 103 - Aarhus,Member,Women,"Leaders, Network, VL",VL_networks,Leadership networks,4000450865,NA,BetterMeetings CEO
Anders Meinert Pedersen,VL gruppe 104 - Lillebaelt,Member,Men,"Leaders, Network, VL",VL_networks,Leadership networks,NA,NA,Psykiatrien Region Syddanmark Laegefaglig direktoer
Bernt Dahl,VL gruppe 104 - Lillebaelt,Member,Men,"Leaders, Network, VL",VL_networks,Leadership networks,NA,NA,Kentaur A/S Direktoer/Ejer
Bo Blak Abildgaard,VL gruppe 104 - Lillebaelt,Member,Men,"Leaders, Network, VL",VL_networks,Leadership networks,NA,NA,Priebe A/S Direktoer/Ejer
Bo Harpsoee,VL gruppe 104 - Lillebaelt,Member,Men,"Leaders, Network, VL",VL_networks,Leadership networks,NA,NA,Lintex A/S Direktoer/Partner
Bo Melson,VL gruppe 104 - Lillebaelt,Member,Men,"Leaders, Network, VL",VL_networks,Leadership networks,NA,NA,MB Solutions A/S CEO
Bo Skovby Rosendahl,VL gruppe 104 - Lillebaelt,Member,Men,"Leaders, Network, VL",VL_networks,Leadership networks,4000738234,NA,CDK Global Danmark ApS Adm.Direktoer
Carsten Joergensen 5106,VL gruppe 104 - Lillebaelt,Member,Men,"Leaders, Network, VL",VL_networks,Leadership networks,4000168403,NA,Aller Aqua A/S COO/CFO Medejer
Erik Schwensen,VL gruppe 104 - Lillebaelt,Member,Men,"Leaders, Network, VL",VL_networks,Leadership networks,NA,NA,ES-Leadership Direktoer & Ejer
Henning Hess,VL gruppe 104 - Lillebaelt,Member,Men,"Leaders, Network, VL",VL_networks,Leadership networks,NA,NA,RIAS A/S Adm. direktoer
Iver R. Tarp,VL gruppe 104 - Lillebaelt,Member,Men,"Leaders, Network, VL",VL_networks,Leadership networks,NA,NA,"Glade Chefer CEO, Adm. direktoer"
Jan Juul,VL gruppe 104 - Lillebaelt,Member,Men,"Leaders, Network, VL",VL_networks,Leadership networks,NA,NA,"Modetoejsforretningen, Juul Indehaver & direktoer"
Jan Lund 51272,VL gruppe 104 - Lillebaelt,Member,Men,"Leaders, Network, VL",VL_networks,Leadership networks,NA,NA,Otto Schachner Adm. direktoer
Jeppe Ussing,VL gruppe 104 - Lillebaelt,Member,Men,"Leaders, Network, VL",VL_networks,Leadership networks,NA,NA,R.A.Ussing & Soen A/S Toemrermester
Joergen Kjer,VL gruppe 104 - Lillebaelt,Member,Men,"Leaders, Network, VL",VL_networks,Leadership networks,4000000604,NA,BDO Scan-Revision Partner/Statsaut. revisor
Karl C Rosenberg Rasmussen,VL gruppe 104 - Lillebaelt,Member,Men,"Leaders, Network, VL",VL_networks,Leadership networks,NA,NA,Arkitekt m.A. A. Karl C.R. Rasmussen A/S Adm. direktoer / arkitekt
Kasper Munk Andersen,VL gruppe 104 - Lillebaelt,Member,Men,"Leaders, Network, VL",VL_networks,Leadership networks,NA,NA,MOE A/S Divisionschef
Kim Soerensen 51277,VL gruppe 104 - Lillebaelt,Member,Men,"Leaders, Network, VL",VL_networks,Leadership networks,NA,NA,Audi Fredericia Direktoer
Kim Thorstein-Nielsen,VL gruppe 104 - Lillebaelt,Member,Men,"Leaders, Network, VL",VL_networks,Leadership networks,NA,NA,ELP A/S CEO
Klaus Boegeholt-Laursen,VL gruppe 104 - Lillebaelt,Member,Men,"Leaders, Network, VL",VL_networks,Leadership networks,NA,NA,"LIFA A/S Landinspektoer, partner"
Kristian Bendix Drejer,VL gruppe 104 - Lillebaelt,Member,Men,"Leaders, Network, VL",VL_networks,Leadership networks,NA,NA,Business Fredericia Erhvervsdirektoer
Lars Taarn Pedersen,VL gruppe 104 - Lillebaelt,Member,Men,"Leaders, Network, VL",VL_networks,Leadership networks,4003865844,NA,"SIC Holding A/S CEO, adm. direktoer"
Mogens Hoej,VL gruppe 104 - Lillebaelt,Member,Men,"Leaders, Network, VL",VL_networks,Leadership networks,NA,NA,BankNordik A/S Erhvervsdirektoer
Ole Larsen 51271,VL gruppe 104 - Lillebaelt,Member,Men,"Leaders, Network, VL",VL_networks,Leadership networks,NA,NA,"Deloitte Indehaver, partner"
Ole Pedersen 28581,VL gruppe 104 - Lillebaelt,Member,Men,"Leaders, Network, VL",VL_networks,Leadership networks,NA,NA,Virksomhedsboersen as CEO Adm. direktoer
Per Rauff  Mikkelsen,VL gruppe 104 - Lillebaelt,Member,Men,"Leaders, Network, VL",VL_networks,Leadership networks,NA,NA,Fredericia Skurvogne A/S Adm. direktoer
Poul Bernstorff Jakobsen,VL gruppe 104 - Lillebaelt,Member,Men,"Leaders, Network, VL",VL_networks,Leadership networks,NA,NA,Process Engineering A/S Direktoer
Soeren Borregaard,VL gruppe 104 - Lillebaelt,Member,Men,"Leaders, Network, VL",VL_networks,Leadership networks,4003824409,NA,Focus Advokater Advokat/Partner
Ulrich Nicolaisen,VL gruppe 104 - Lillebaelt,Member,Men,"Leaders, Network, VL",VL_networks,Leadership networks,NA,NA,Momenti A/S Direktoer / Partner
Ulrik Ernst Rasmussen,VL gruppe 104 - Lillebaelt,Member,Men,"Leaders, Network, VL",VL_networks,Leadership networks,4000069565,NA,Orifarm Generics A/S CEO/Adm. direktoer
Karen Marie Madsen,VL gruppe 104 - Lillebaelt,Member,Women,"Leaders, Network, VL",VL_networks,Leadership networks,NA,NA,True North Efterskole Forstander
Mette Ehrhorn  Nielsen,VL gruppe 104 - Lillebaelt,Member,Women,"Leaders, Network, VL",VL_networks,Leadership networks,NA,NA,"Nybolig Fredericia Statsautoriseret ejendomsmaegler, Indehaver"
Annelise Elita Fenger,VL gruppe 107 - Koebenhavn,Member,Women,"Leaders, Network, VL",VL_networks,Leadership networks,4004117959,NA,Foedevarestyrelsen Vicedirektoer
Astrid Damgaard Ravnsbaek,VL gruppe 107 - Koebenhavn,Member,Women,"Leaders, Network, VL",VL_networks,Leadership networks,NA,NA,"Gribskov Kommune Direktoer, Teknik og Miljoe"
Birgit Munck-Kampmann,VL gruppe 107 - Koebenhavn,Member,Women,"Leaders, Network, VL",VL_networks,Leadership networks,4003972198,NA,Copenhagen Resource Institute ApS Direktoer
Birgitte Henrichsen,VL gruppe 107 - Koebenhavn,Member,Women,"Leaders, Network, VL",VL_networks,Leadership networks,NA,NA,A.P. Moeller Maeersk Kommunikationsdirektoer
Birgitte Vestergaard,VL gruppe 107 - Koebenhavn,Member,Women,"Leaders, Network, VL",VL_networks,Leadership networks,NA,NA,BGRAPHIC aps Direktoer
Birgitte Vinzentz Gade,VL gruppe 107 - Koebenhavn,Member,Women,"Leaders, Network, VL",VL_networks,Leadership networks,NA,NA,Novozymes A/S Organizational Development Director
Charlotte Slente,VL gruppe 107 - Koebenhavn,Member,Women,"Leaders, Network, VL",VL_networks,Leadership networks,NA,NA,Udenrigsministeriet Centerchef for Global Politik og Sikkerhed
Cristina Patricia Lage,VL gruppe 107 - Koebenhavn,Member,Women,"Leaders, Network, VL",VL_networks,Leadership networks,4003919627,NA,Unipension Adm. direktoer
Dorte Justesen,VL gruppe 107 - Koebenhavn,Member,Women,"Leaders, Network, VL",VL_networks,Leadership networks,NA,NA,TV-Glad Fonden Projektchef
Dorte Reland,VL gruppe 107 - Koebenhavn,Member,Women,"Leaders, Network, VL",VL_networks,Leadership networks,NA,NA,LEO Pharma A/S Head of Department
Dorthe Petersen,VL gruppe 107 - Koebenhavn,Member,Women,"Leaders, Network, VL",VL_networks,Leadership networks,NA,NA,MEYERS MADHUS Direktoer
Ellen Als,VL gruppe 107 - Koebenhavn,Member,Women,"Leaders, Network, VL",VL_networks,Leadership networks,NA,NA,DTU Direktoer
Elsebeth Tank,VL gruppe 107 - Koebenhavn,Member,Women,"Leaders, Network, VL",VL_networks,Leadership networks,NA,NA,etank.nu Udviklingspartner
Gitte Just,VL gruppe 107 - Koebenhavn,Member,Women,"Leaders, Network, VL",VL_networks,Leadership networks,NA,NA,Rosan Bosch Design- og Arkitektvirksomhed Direktoer
Hanne Schou,VL gruppe 107 - Koebenhavn,Member,Women,"Leaders, Network, VL",VL_networks,Leadership networks,NA,NA,DI Underdirektoer
Helga Agnete Moeller,VL gruppe 107 - Koebenhavn,Member,Women,"Leaders, Network, VL",VL_networks,Leadership networks,NA,NA,Varefakta Direktoer
Helle Juul,VL gruppe 107 - Koebenhavn,Member,Women,"Leaders, Network, VL",VL_networks,Leadership networks,NA,NA,Juul & Frost Arkitekt & Partner
Helle Meinertz,VL gruppe 107 - Koebenhavn,Member,Women,"Leaders, Network, VL",VL_networks,Leadership networks,NA,NA,Udenrigsministeriet & Innovation Center Denmark Consul and Executive Director
Iben Thit Korsbaek Koch,VL gruppe 107 - Koebenhavn,Member,Women,"Leaders, Network, VL",VL_networks,Leadership networks,4004157821,NA,UBSBOLIG A/S Direktoer
Jette Snoer,VL gruppe 107 - Koebenhavn,Member,Women,"Leaders, Network, VL",VL_networks,Leadership networks,NA,NA,Jette Snoer
Katja Kayser,VL gruppe 107 - Koebenhavn,Member,Women,"Leaders, Network, VL",VL_networks,Leadership networks,NA,NA,Sundhed- og omsorgsforvaltningen Adm. direktoer
Lone Gladbo,VL gruppe 107 - Koebenhavn,Member,Women,"Leaders, Network, VL",VL_networks,Leadership networks,NA,NA,Gentofte Kommune Kulturdirektoer
Lone Hass,VL gruppe 107 - Koebenhavn,Member,Women,"Leaders, Network, VL",VL_networks,Leadership networks,NA,NA,Elopak HRdirektoer
Lone Karkov,VL gruppe 107 - Koebenhavn,Member,Women,"Leaders, Network, VL",VL_networks,Leadership networks,NA,NA,KUlife Sekretariatschef
Lotte Wagner,VL gruppe 107 - Koebenhavn,Member,Women,"Leaders, Network, VL",VL_networks,Leadership networks,NA,NA,Lotte Wagner Direktoer
Margrethe Lyngs Mortensen,VL gruppe 107 - Koebenhavn,Member,Women,"Leaders, Network, VL",VL_networks,Leadership networks,4000494178,NA,Lyngs Kommunikation Raadgiver
Marianne Simonsen,VL gruppe 107 - Koebenhavn,Member,Women,"Leaders, Network, VL",VL_networks,Leadership networks,NA,NA,Finansiel Stabilitet Vicedirektoer
Marie Zelander,VL gruppe 107 - Koebenhavn,Member,Women,"Leaders, Network, VL",VL_networks,Leadership networks,NA,NA,Dansk Psykolog Forening Direktoer
Marina Hoffmann,VL gruppe 107 - Koebenhavn,Member,Women,"Leaders, Network, VL",VL_networks,Leadership networks,4004189377,NA,Fonden LO-Skolen Direktoer
Pernille Hertz,VL gruppe 107 - Koebenhavn,Member,Women,"Leaders, Network, VL",VL_networks,Leadership networks,NA,NA,Henkel Markedsdirektoer
Pia Gjellerup,VL gruppe 107 - Koebenhavn,Member,Women,"Leaders, Network, VL",VL_networks,Leadership networks,4003960700,NA,Center for Offentlig Innovation Centerleder
Trine Jordahn,VL gruppe 107 - Koebenhavn,Member,Women,"Leaders, Network, VL",VL_networks,Leadership networks,NA,NA,Glad Fonden HR- og Kommunikationschef
Ulla Brogaard Hansen,VL gruppe 107 - Koebenhavn,Member,Women,"Leaders, Network, VL",VL_networks,Leadership networks,NA,NA,TDC Privat Udviklingsdirektoer
Ulla Sassarsson,VL gruppe 107 - Koebenhavn,Member,Women,"Leaders, Network, VL",VL_networks,Leadership networks,NA,NA,FRI Vicedirektoer og advokat (L)
Anders Monrad Rendtorff,VL gruppe 11 - Koebenhavn,Member,Men,"Leaders, Network, VL",VL_networks,Leadership networks,NA,NA,"Vestas Global SVP Comms, Brand & PA"
Benny Smith,VL gruppe 11 - Koebenhavn,Member,Men,"Leaders, Network, VL",VL_networks,Leadership networks,NA,NA,Watson-Marlow Flexicon A/S Adm. direktoer
Christopher Moyell Juul,VL gruppe 11 - Koebenhavn,Member,Men,"Leaders, Network, VL",VL_networks,Leadership networks,NA,NA,Behandlingsskolerne Adm. Direktoer
Flemming Riber,VL gruppe 11 - Koebenhavn,Member,Men,"Leaders, Network, VL",VL_networks,Leadership networks,NA,NA,Stanton Chase International Partner
Hans Christian Eberhard Groth Teisen,VL gruppe 11 - Koebenhavn,Member,Men,"Leaders, Network, VL",VL_networks,Leadership networks,4000052391,NA,Vognserup Gods Direktoer og ejer
Henrik Feldborg-Zethner,VL gruppe 11 - Koebenhavn,Member,Men,"Leaders, Network, VL",VL_networks,Leadership networks,NA,NA,HFZ Holding A/S Direktoer
Henrik Lunde,VL gruppe 11 - Koebenhavn,Member,Men,"Leaders, Network, VL",VL_networks,Leadership networks,4003992146,NA,Photonic Energy A/S Adm. direktoer
Jens Noedskov Pedersen,VL gruppe 11 - Koebenhavn,Member,Men,"Leaders, Network, VL",VL_networks,Leadership networks,4004034146,NA,"SEB Direktoer, CFO"
Jesper Kongstad,VL gruppe 11 - Koebenhavn,Member,Men,"Leaders, Network, VL",VL_networks,Leadership networks,NA,NA,"Danish Patent and Trademark Office Director General, CEO"
Jesper Wadum Nielsen,VL gruppe 11 - Koebenhavn,Member,Men,"Leaders, Network, VL",VL_networks,Leadership networks,4004078527,NA,Odin Equity Partners Direktoer/Partner
John Haurum,VL gruppe 11 - Koebenhavn,Member,Men,"Leaders, Network, VL",VL_networks,Leadership networks,NA,NA,F-star CEO
Kevin Terkelsen,VL gruppe 11 - Koebenhavn,Member,Men,"Leaders, Network, VL",VL_networks,Leadership networks,NA,NA,Effective People - A GP Strategies Company Direktoer
Lars Terp,VL gruppe 11 - Koebenhavn,Member,Men,"Leaders, Network, VL",VL_networks,Leadership networks,NA,NA,Siemens A/S Group Vice President
Michael Fleischer 25550,VL gruppe 11 - Koebenhavn,Member,Men,"Leaders, Network, VL",VL_networks,Leadership networks,4004037264,NA,C:ntact Adm. Direktoer
Morten B. Steiner,VL gruppe 11 - Koebenhavn,Member,Men,"Leaders, Network, VL",VL_networks,Leadership networks,NA,NA,Avanade Denmark A/S Partner
Niels Bentzen 27138,VL gruppe 11 - Koebenhavn,Member,Men,"Leaders, Network, VL",VL_networks,Leadership networks,NA,NA,Amrop A/S Partner
Peter Michael Andersen 30562,VL gruppe 11 - Koebenhavn,Member,Men,"Leaders, Network, VL",VL_networks,Leadership networks,NA,NA,Peter M. Andersen Advokat (H)
Philip Soeren Thorsen,VL gruppe 11 - Koebenhavn,Member,Men,"Leaders, Network, VL",VL_networks,Leadership networks,4000668708,NA,"Mazanti-Andersen Korsoe Jensen Advokat, partner"
Steen Kyed,VL gruppe 11 - Koebenhavn,Member,Men,"Leaders, Network, VL",VL_networks,Leadership networks,NA,NA,Kulturministeriet Afdelingschef
Stiig Helgens Binggeli,VL gruppe 11 - Koebenhavn,Member,Men,"Leaders, Network, VL",VL_networks,Leadership networks,NA,NA,Brandhouse Adm.direktoer
Thomas Mitchell,VL gruppe 11 - Koebenhavn,Member,Men,"Leaders, Network, VL",VL_networks,Leadership networks,4004065929,NA,Danske Bank A/S Head of Personal Banking DK
Thomas Zeihlund 40396,VL gruppe 11 - Koebenhavn,Member,Men,"Leaders, Network, VL",VL_networks,Leadership networks,NA,NA,ISS World Services A/S Group VP & CFO Global Corporate Clients
Troels Philip Jensen,VL gruppe 11 - Koebenhavn,Member,Men,"Leaders, Network, VL",VL_networks,Leadership networks,NA,NA,Orc Software COO
Charlotte Balfour van Burleigh,VL gruppe 11 - Koebenhavn,Member,Women,"Leaders, Network, VL",VL_networks,Leadership networks,NA,NA,Coca-Cola Denmark Country Manager
Ditte Marstrand Wulf,VL gruppe 11 - Koebenhavn,Member,Women,"Leaders, Network, VL",VL_networks,Leadership networks,NA,NA,Ditte Marstrand Wulf Director
Gitte Skalbo,VL gruppe 11 - Koebenhavn,Member,Women,"Leaders, Network, VL",VL_networks,Leadership networks,NA,NA,Skalbo Solutions Adm. direktoer
Louise Hoest,VL gruppe 11 - Koebenhavn,Member,Women,"Leaders, Network, VL",VL_networks,Leadership networks,NA,NA,Metroselskabet I/S Vicedirektoer
Mette Dyhr,VL gruppe 11 - Koebenhavn,Member,Women,"Leaders, Network, VL",VL_networks,Leadership networks,NA,NA,Mette Dyhr Bestyrelsesmedlem
Nina Christiane Movin,VL gruppe 11 - Koebenhavn,Member,Women,"Leaders, Network, VL",VL_networks,Leadership networks,4000629118,NA,Threadneedle Portfolio Services Ltd. Sales Director
Tina Raasteen,VL gruppe 11 - Koebenhavn,Member,Women,"Leaders, Network, VL",VL_networks,Leadership networks,NA,NA,Estée Lauder Companies Nordic General Manager
Tina Sejersgaard Fanoe,VL gruppe 11 - Koebenhavn,Member,Women,"Leaders, Network, VL",VL_networks,Leadership networks,NA,NA,Novozymes A/S VP Business Operations EMA
Allan Schefte,VL gruppe 111 - Koebenhavn,Member,Men,"Leaders, Network, VL",VL_networks,Leadership networks,4004129881,NA,ROCKWOOL A/S Vice President
Brian Kluge,VL gruppe 111 - Koebenhavn,Member,Men,"Leaders, Network, VL",VL_networks,Leadership networks,4004117037,NA,Interket A/S CEO
Brian Rothemejer,VL gruppe 111 - Koebenhavn,Member,Men,"Leaders, Network, VL",VL_networks,Leadership networks,NA,NA,TopDanmark Liv Adm. direktoer
Brian Winther Almind 4624,VL gruppe 111 - Koebenhavn,Member,Men,"Leaders, Network, VL",VL_networks,Leadership networks,NA,NA,DSV Solutions Holding A/S Executive Vice President
Christian Tomsen,VL gruppe 111 - Koebenhavn,Member,Men,"Leaders, Network, VL",VL_networks,Leadership networks,NA,NA,Air Liquide CFO
Erik Hechmann,VL gruppe 111 - Koebenhavn,Member,Men,"Leaders, Network, VL",VL_networks,Leadership networks,NA,NA,CSC Danmark A/S Direktoer
Finn Jeff Lernoe,VL gruppe 111 - Koebenhavn,Member,Men,"Leaders, Network, VL",VL_networks,Leadership networks,4000286122,NA,"Plesner Advokat,Partner"
Frank Lundberg,VL gruppe 111 - Koebenhavn,Member,Men,"Leaders, Network, VL",VL_networks,Leadership networks,NA,NA,TIP Trailer Services Denmark ApS Nordic Operations Director
Frank Winther-Hinge,VL gruppe 111 - Koebenhavn,Member,Men,"Leaders, Network, VL",VL_networks,Leadership networks,NA,NA,AlfaNordic A/S Director
Georg Parsbo,VL gruppe 111 - Koebenhavn,Member,Men,"Leaders, Network, VL",VL_networks,Leadership networks,NA,NA,Dr. Oetker Danmark A/S Adm. direktoer
Jacob Winther 14010,VL gruppe 111 - Koebenhavn,Member,Men,"Leaders, Network, VL",VL_networks,Leadership networks,NA,NA,"Forsikring & Pension Direktoer, public affairs og kommunikation"
Jan Momsen Huusmann Christensen,VL gruppe 111 - Koebenhavn,Member,Men,"Leaders, Network, VL",VL_networks,Leadership networks,4003855290,NA,PwC Partner & direktoer
Jens Bekke,VL gruppe 111 - Koebenhavn,Member,Men,"Leaders, Network, VL",VL_networks,Leadership networks,4004059269,NA,Velux Head of Media Relations
Jens Knudsen 15480,VL gruppe 111 - Koebenhavn,Member,Men,"Leaders, Network, VL",VL_networks,Leadership networks,4004188031,NA,InterMail A/S Adm. direktoer
Joergen Alsing,VL gruppe 111 - Koebenhavn,Member,Men,"Leaders, Network, VL",VL_networks,Leadership networks,NA,NA,Ericsson Danmark A/S Adm. direktoer
Ken Friis,VL gruppe 111 - Koebenhavn,Member,Men,"Leaders, Network, VL",VL_networks,Leadership networks,NA,NA,friis-advice aps CEO & Owner
Lars Moesgaard,VL gruppe 111 - Koebenhavn,Member,Men,"Leaders, Network, VL",VL_networks,Leadership networks,NA,NA,Handelsbanken Danmark Adm. direktoer
Niels-Henrik Lindegaard,VL gruppe 111 - Koebenhavn,Member,Men,"Leaders, Network, VL",VL_networks,Leadership networks,NA,NA,"Maersk A/S VP, Head of Maersk Oil Trading"
Peter Lanng Nielsen 30488,VL gruppe 111 - Koebenhavn,Member,Men,"Leaders, Network, VL",VL_networks,Leadership networks,4004092818,NA,Nettbuss A/S Adm. direktoer
Rasmus Lynge,VL gruppe 111 - Koebenhavn,Member,Men,"Leaders, Network, VL",VL_networks,Leadership networks,NA,NA,Alm. Brand Koncernkundedirektoer
Simon Heising,VL gruppe 111 - Koebenhavn,Member,Men,"Leaders, Network, VL",VL_networks,Leadership networks,NA,NA,Nexus Advokater Advokat/Partner
Soeren Kviesgaard,VL gruppe 111 - Koebenhavn,Member,Men,"Leaders, Network, VL",VL_networks,Leadership networks,NA,NA,"PwC Danmark Partner, ejer"
Soeren Roessel,VL gruppe 111 - Koebenhavn,Member,Men,"Leaders, Network, VL",VL_networks,Leadership networks,NA,NA,PwC Partner
Thomas Nederby Svenningsen,VL gruppe 111 - Koebenhavn,Member,Men,"Leaders, Network, VL",VL_networks,Leadership networks,4004054003,NA,Greystone Capital Adm. direktoer
Inge Marie Ringgaard,VL gruppe 111 - Koebenhavn,Member,Women,"Leaders, Network, VL",VL_networks,Leadership networks,NA,NA,"Rockwool International A/S Vice President, Group HR"
Louise Caroline Mogensen,VL gruppe 111 - Koebenhavn,Member,Women,"Leaders, Network, VL",VL_networks,Leadership networks,NA,NA,Finansraadet Vicedirektoer
Mette Touborg,VL gruppe 111 - Koebenhavn,Member,Women,"Leaders, Network, VL",VL_networks,Leadership networks,4004088207,NA,Lejre Kommune Borgmester
Sandra Plesner Weinert,VL gruppe 111 - Koebenhavn,Member,Women,"Leaders, Network, VL",VL_networks,Leadership networks,NA,NA,Hotel Guldsmeden Group Adm. direktoer
Vibeke Qvist,VL gruppe 111 - Koebenhavn,Member,Women,"Leaders, Network, VL",VL_networks,Leadership networks,NA,NA,FrederiksbergCentret Chef for Centerforeningen/Marketing Manager
Bjoern Ingemann Bisserup,VL gruppe 13 - Koebenhavn,Member,Men,"Leaders, Network, VL",VL_networks,Leadership networks,NA,NA,"Forsvaret Chef for Forsvarsstaben, generalloejtnant"
Bo Lidegaard 4385,VL gruppe 13 - Koebenhavn,Member,Men,"Leaders, Network, VL",VL_networks,Leadership networks,NA,NA,Dagbladet Politiken Chefredaktoer
Carsten Krogsgaard Thomsen,VL gruppe 13 - Koebenhavn,Member,Men,"Leaders, Network, VL",VL_networks,Leadership networks,4004018748,NA,NNIT A/S OEkonomidirektoer
Christian Herskind Joergensen,VL gruppe 13 - Koebenhavn,Member,Men,"Leaders, Network, VL",VL_networks,Leadership networks,4000205203,NA,Refshaleoeens Ejendomsselskab A/S Adm. direktoer
Christian Scherfig,VL gruppe 13 - Koebenhavn,Member,Men,"Leaders, Network, VL",VL_networks,Leadership networks,NA,NA,Bird & Bird Partner
Filip Domagala,VL gruppe 13 - Koebenhavn,Member,Men,"Leaders, Network, VL",VL_networks,Leadership networks,NA,NA,Ivaerksaetter Filip Domagala
Fritz Henrik Schur,VL gruppe 13 - Koebenhavn,Member,Men,"Leaders, Network, VL",VL_networks,Leadership networks,4000292267,NA,"Fritz Schur Gruppen Adm. direktoer, Generalkonsul"
Henning Fode,VL gruppe 13 - Koebenhavn,Member,Men,"Leaders, Network, VL",VL_networks,Leadership networks,4004111222,NA,Kongehuset Kabinetssekretaer
Jens Erik Jepsen Christensen,VL gruppe 13 - Koebenhavn,Member,Men,"Leaders, Network, VL",VL_networks,Leadership networks,4000645508,NA,Jens Erik Christensen Bestyrelsesformand
Jens Kramer Mikkelsen,VL gruppe 13 - Koebenhavn,Member,Men,"Leaders, Network, VL",VL_networks,Leadership networks,4003950621,NA,Udviklingsselskabet By & Havn I/S Direktoer
Klemens Hjartar,VL gruppe 13 - Koebenhavn,Member,Men,"Leaders, Network, VL",VL_networks,Leadership networks,NA,NA,"Partner, McKinsey"
Lars Henrik Munch,VL gruppe 13 - Koebenhavn,Member,Men,"Leaders, Network, VL",VL_networks,Leadership networks,4003868716,NA,JP/Politikens Hus A/S Adm. direktoer
Lars Liebst Poulsen,VL gruppe 13 - Koebenhavn,Member,Men,"Leaders, Network, VL",VL_networks,Leadership networks,4000249316,NA,Tivoli A/S Adm. direktoer
Lars Peter Soebye,VL gruppe 13 - Koebenhavn,Member,Men,"Leaders, Network, VL",VL_networks,Leadership networks,4004099836,NA,Cowi A/S OEkonomi direktoer 
Lars Stensgaard Moerch,VL gruppe 13 - Koebenhavn,Member,Men,"Leaders, Network, VL",VL_networks,Leadership networks,4004028319,NA,Danske Bank Bankdirektoer
Lars Vinge Frederiksen,VL gruppe 13 - Koebenhavn,Member,Men,"Leaders, Network, VL",VL_networks,Leadership networks,4004024194,NA,Lars Frederiksen Bestyrelsesformand
Mads Henrik Ryder,VL gruppe 13 - Koebenhavn,Member,Men,"Leaders, Network, VL",VL_networks,Leadership networks,4010831,NA,IC Companys A/S Adm. direktoer
Martin Lippert,VL gruppe 13 - Koebenhavn,NA,Men,"Leaders, Network, VL",VL_networks,Leadership networks,4004056835,NA,NA
Mikael Konnerup,VL gruppe 13 - Koebenhavn,Member,Men,"Leaders, Network, VL",VL_networks,Leadership networks,4000022761,NA,DICO A/S Adm. direktoer
Morten Schaldemose,VL gruppe 13 - Koebenhavn,Member,Men,"Leaders, Network, VL",VL_networks,Leadership networks,NA,NA,Haldor Topsoee A/S Group Vice President
Niels Walther-Rasmussen,VL gruppe 13 - Koebenhavn,Member,Men,"Leaders, Network, VL",VL_networks,Leadership networks,4000267315,NA,"Mazanti-Andersen, Korsoe Jensen & Partnere Advokat, Attorney-at-law"
Peder Holk Nielsen,VL gruppe 13 - Koebenhavn,Member,Men,"Leaders, Network, VL",VL_networks,Leadership networks,4004064629,NA,Novozymes A/S Koncerndirektoer
Peder Richardt Pedersen,VL gruppe 13 - Koebenhavn,Member,Men,"Leaders, Network, VL",VL_networks,Leadership networks,NA,NA,Weibel Scientific
Soeren Holm Jensen 33213,VL gruppe 13 - Koebenhavn,Member,Men,"Leaders, Network, VL",VL_networks,Leadership networks,4000432034,NA,CO-RO A/S President
Soeren Holst,VL gruppe 13 - Koebenhavn,NA,Men,"Leaders, Network, VL",VL_networks,Leadership networks,4003987882,NA,NA
Soeren Peter Oliver Sand,VL gruppe 13 - Koebenhavn,Member,Men,"Leaders, Network, VL",VL_networks,Leadership networks,NA,NA,SAND Design Studio CEO
Soeren Torp Laursen,VL gruppe 13 - Koebenhavn,NA,Men,"Leaders, Network, VL",VL_networks,Leadership networks,NA,NA,NA
Torben Möger Pedersen,VL gruppe 13 - Koebenhavn,Member,Men,"Leaders, Network, VL",VL_networks,Leadership networks,4003958003,NA,PensionDanmark A/S Adm. direktoer
Birgitte Qvist-Soerensen,VL gruppe 13 - Koebenhavn,NA,Women,"Leaders, Network, VL",VL_networks,Leadership networks,NA,NA,NA
Christine Antorini,VL gruppe 13 - Koebenhavn,Member,Women,"Leaders, Network, VL",VL_networks,Leadership networks,4003954628,NA,"Boerne- og undervisningsministeriet Folketingsmedlem, fhv.minister"
Frida Frost,VL gruppe 13 - Koebenhavn,Member,Women,"Leaders, Network, VL",VL_networks,Leadership networks,4000622372,NA,"Ingenioerforeningen, IDA Formand"
Lia Leffland,VL gruppe 13 - Koebenhavn,NA,Women,"Leaders, Network, VL",VL_networks,Leadership networks,NA,NA,NA
Liselotte Hoejgaard,VL gruppe 13 - Koebenhavn,Member,Women,"Leaders, Network, VL",VL_networks,Leadership networks,4004186913,NA,"Rigshospitalet og Koebenhavns Universitet Professor, klinikchef, dr.med."
Mette Kynne Frandsen 25236,VL gruppe 13 - Koebenhavn,Member,Women,"Leaders, Network, VL",VL_networks,Leadership networks,4004092071,NA,Henning Larsens Architects A/S Adm. direktoer
Nina Naerby,VL gruppe 13 - Koebenhavn,Member,Women,"Leaders, Network, VL",VL_networks,Leadership networks,NA,NA,Leadership Advisor Group Managing Director
Stina Vrang Elias,VL gruppe 13 - Koebenhavn,Member,Women,"Leaders, Network, VL",VL_networks,Leadership networks,NA,NA,DEA Adm. direktoer
Allan Bach Pedersen,VL gruppe 14 - Koebenhavn,Member,Men,"Leaders, Network, VL",VL_networks,Leadership networks,4004065252,NA,Polaris Private Equity Partner
Anders Eiby,VL gruppe 14 - Koebenhavn,Member,Men,"Leaders, Network, VL",VL_networks,Leadership networks,NA,NA,IBM Nordic Sales Director
Bjarne Roed,VL gruppe 14 - Koebenhavn,Member,Men,"Leaders, Network, VL",VL_networks,Leadership networks,NA,NA,"Siemens A/S, Healthcare Direktoer"
Casper Holst-Christensen,VL gruppe 14 - Koebenhavn,Member,Men,"Leaders, Network, VL",VL_networks,Leadership networks,NA,NA,FIBIA P/S Administrerende Direktoer
Christian Nielsen 5908,VL gruppe 14 - Koebenhavn,Member,Men,"Leaders, Network, VL",VL_networks,Leadership networks,NA,NA,Globesearch Management A/S Direktoer
Flemming Larsen 9150,VL gruppe 14 - Koebenhavn,Member,Men,"Leaders, Network, VL",VL_networks,Leadership networks,NA,NA,Nordbakken A/S Direktoer
Frank Jakobsen,VL gruppe 14 - Koebenhavn,Member,Men,"Leaders, Network, VL",VL_networks,Leadership networks,NA,NA,Igos A/S Direktoer
Heinrich Ringsgart,VL gruppe 14 - Koebenhavn,Member,Men,"Leaders, Network, VL",VL_networks,Leadership networks,NA,NA,Nordea Senior Audit Manager
Jan E. Joergensen,VL gruppe 14 - Koebenhavn,Member,Men,"Leaders, Network, VL",VL_networks,Leadership networks,NA,NA,Medlem af Folketinget (Venstre) Advokat
Jan Olsen 14691,VL gruppe 14 - Koebenhavn,Member,Men,"Leaders, Network, VL",VL_networks,Leadership networks,4003921239,NA,VisitDenmark Adm.dir
Jens Frederik Kofoed,VL gruppe 14 - Koebenhavn,Member,Men,"Leaders, Network, VL",VL_networks,Leadership networks,NA,NA,First Chair A/S Adm. direktoer
Jens Holmboe,VL gruppe 14 - Koebenhavn,Member,Men,"Leaders, Network, VL",VL_networks,Leadership networks,NA,NA,Vejdirektoratet Anlaegs- og driftsdirektoer
Joergen Elikofer,VL gruppe 14 - Koebenhavn,Member,Men,"Leaders, Network, VL",VL_networks,Leadership networks,4000665202,NA,Public Affairs Group Senior Advisor
Ken H. Andersen,VL gruppe 14 - Koebenhavn,Member,Men,"Leaders, Network, VL",VL_networks,Leadership networks,NA,NA,"Kraeftens Bekaempelse CMO / Head of Fundraising, Members & Commercial"
Klavs Valdemar Gravesen,VL gruppe 14 - Koebenhavn,Member,Men,"Leaders, Network, VL",VL_networks,Leadership networks,4000734752,NA,Advokataktieselskabet Horten Partner
Kurt H. Wolf,VL gruppe 14 - Koebenhavn,Member,Men,"Leaders, Network, VL",VL_networks,Leadership networks,NA,NA,CA a-kasse OEkonomi- og administrationschef
Lars Cort Hansen,VL gruppe 14 - Koebenhavn,Member,Men,"Leaders, Network, VL",VL_networks,Leadership networks,NA,NA,"Advokatfirmaet L Cort H Advokat, cand.merc.aud"
Lars Ejnar Jensen 21421,VL gruppe 14 - Koebenhavn,Member,Men,"Leaders, Network, VL",VL_networks,Leadership networks,NA,NA,Brd. Klee A/S Adm. direktoer
Lars Friderichsen,VL gruppe 14 - Koebenhavn,Member,Men,"Leaders, Network, VL",VL_networks,Leadership networks,NA,NA,Bernic System A/S Direktoer
Lars Hylling Axelsson,VL gruppe 14 - Koebenhavn,Member,Men,"Leaders, Network, VL",VL_networks,Leadership networks,NA,NA,IT Invest Management ApS Direktoer
Lars Joergen Baungaard,VL gruppe 14 - Koebenhavn,Member,Men,"Leaders, Network, VL",VL_networks,Leadership networks,4004010925,NA,"PricewaterhouseCoopers Statsaut.revisor, partner"
Martin Joergensen 24751,VL gruppe 14 - Koebenhavn,Member,Men,"Leaders, Network, VL",VL_networks,Leadership networks,NA,NA,ABB Vice President
Niels Appel,VL gruppe 14 - Koebenhavn,Member,Men,"Leaders, Network, VL",VL_networks,Leadership networks,NA,NA,BluePrinter APS CEO
Nikolai Grundtvig Ahrenkiel,VL gruppe 14 - Koebenhavn,Member,Men,"Leaders, Network, VL",VL_networks,Leadership networks,NA,NA,PostDanmark CFO
Per Soegaard 29880,VL gruppe 14 - Koebenhavn,Member,Men,"Leaders, Network, VL",VL_networks,Leadership networks,NA,NA,Atea A/S Salgsdirektoer
Rudi Landsdorf,VL gruppe 14 - Koebenhavn,Member,Men,"Leaders, Network, VL",VL_networks,Leadership networks,NA,NA,R.B.L. Coaching & Consulting ApS Direktoer
Soeren Ingerslev,VL gruppe 14 - Koebenhavn,Member,Men,"Leaders, Network, VL",VL_networks,Leadership networks,NA,NA,Elman Advokater Advokat & partner
Thomas Ritter,VL gruppe 14 - Koebenhavn,Member,Men,"Leaders, Network, VL",VL_networks,Leadership networks,NA,NA,Copenhagen Business School Professor
Thyge C. D. Hansen,VL gruppe 14 - Koebenhavn,Member,Men,"Leaders, Network, VL",VL_networks,Leadership networks,NA,NA,T+ Corporate Finance Direktoer
Tim Normann,VL gruppe 14 - Koebenhavn,Member,Men,"Leaders, Network, VL",VL_networks,Leadership networks,NA,NA,Danske Fragtmaend A/S COO
Solveig Rannje,VL gruppe 14 - Koebenhavn,Member,Women,"Leaders, Network, VL",VL_networks,Leadership networks,NA,NA,SEB Ejendomme Ejendomsdirektoer
Arne Juul,VL gruppe 15 -Vestsjaelland,Member,Men,"Leaders, Network, VL",VL_networks,Leadership networks,NA,NA,Slagelse Boligselskab Direktoer
Arnold Johansen 2321,VL gruppe 15 -Vestsjaelland,Member,Men,"Leaders, Network, VL",VL_networks,Leadership networks,NA,NA,Georg Berg A/S Bestyrelsesformand
Bruno Kjaer Jensen,VL gruppe 15 -Vestsjaelland,Member,Men,"Leaders, Network, VL",VL_networks,Leadership networks,NA,NA,Autohallen A/S Adm. direktoer
Carlo Chow,VL gruppe 15 -Vestsjaelland,Member,Men,"Leaders, Network, VL",VL_networks,Leadership networks,NA,NA,Daurehoej Erhvervsbyg A/S Bestyrelsesformand
Carsten Borup Jacobsen,VL gruppe 15 -Vestsjaelland,Member,Men,"Leaders, Network, VL",VL_networks,Leadership networks,NA,NA,"Kongskilde Industries A/S Produkt og Udviklingschef, Industri og korn"
Christen Galsgaard,VL gruppe 15 -Vestsjaelland,Member,Men,"Leaders, Network, VL",VL_networks,Leadership networks,NA,NA,Direktoer Christen Galsgaard Direktoer
Christian Berg 5650,VL gruppe 15 -Vestsjaelland,Member,Men,"Leaders, Network, VL",VL_networks,Leadership networks,NA,NA,Georg Berg A/S Ordfoerende direktoer
Finn Berggren 8697,VL gruppe 15 -Vestsjaelland,Member,Men,"Leaders, Network, VL",VL_networks,Leadership networks,NA,NA,Gerlev Idraetshoejskole Forstander
Jan Milvertz,VL gruppe 15 -Vestsjaelland,Member,Men,"Leaders, Network, VL",VL_networks,Leadership networks,NA,NA,JMI Gruppen A/S Adm. Direktoer
Jens Ellegaard,VL gruppe 15 -Vestsjaelland,Member,Men,"Leaders, Network, VL",VL_networks,Leadership networks,NA,NA,Ellegaard Göttingen Minipigs A/S Adm. direktoer
Jens Groenkjaer,VL gruppe 15 -Vestsjaelland,Member,Men,"Leaders, Network, VL",VL_networks,Leadership networks,NA,NA,Jens Groenkjaer
Jens Joergen Simonsen,VL gruppe 15 -Vestsjaelland,Member,Men,"Leaders, Network, VL",VL_networks,Leadership networks,NA,NA,Deloitte Statsaut. revisor
Jens Kristian Poulsen,VL gruppe 15 -Vestsjaelland,Member,Men,"Leaders, Network, VL",VL_networks,Leadership networks,4004021445,NA,Stiftelsen Soroe Akademi Direktoer
Jesper Hjulmand 16152,VL gruppe 15 -Vestsjaelland,Member,Men,"Leaders, Network, VL",VL_networks,Leadership networks,4004062643,NA,SEAS-NVE Adm. direktoer
Joachim Castenschiold,VL gruppe 15 -Vestsjaelland,Member,Men,"Leaders, Network, VL",VL_networks,Leadership networks,NA,NA,"Borreby Gods Godsejer, Teaterdirektoer"
Joergen Wenshoej,VL gruppe 15 -Vestsjaelland,Member,Men,"Leaders, Network, VL",VL_networks,Leadership networks,4000455143,NA,WBK Trading A/S Direktoer
John Hesselholt,VL gruppe 15 -Vestsjaelland,Member,Men,"Leaders, Network, VL",VL_networks,Leadership networks,NA,NA,Mijo Invest ApS Direktoer
Kurt Rath,VL gruppe 15 -Vestsjaelland,Member,Men,"Leaders, Network, VL",VL_networks,Leadership networks,NA,NA,Dansk Auto Logik A/S Adm. direktoer
Mads Stroejer Rasmussen,VL gruppe 15 -Vestsjaelland,Member,Men,"Leaders, Network, VL",VL_networks,Leadership networks,NA,NA,ODIN Maskinfabrik 
Michael Liestmann Kaas-Andersen,VL gruppe 15 -Vestsjaelland,Member,Men,"Leaders, Network, VL",VL_networks,Leadership networks,4004006756,NA,Selandia - Center for Erhvervsrettet uddannelse SELANDIA Direktoer
Michael Thomsen 40492,VL gruppe 15 -Vestsjaelland,Member,Men,"Leaders, Network, VL",VL_networks,Leadership networks,NA,NA,"Skel.dk Landinspektoerer P/S Adm. direktoer, partner"
Mik Hansen,VL gruppe 15 -Vestsjaelland,Member,Men,"Leaders, Network, VL",VL_networks,Leadership networks,NA,NA,DAN-Palletiser A/S CEO / ADM DIREKTOER
Morten Dohrmann Hansen,VL gruppe 15 -Vestsjaelland,Member,Men,"Leaders, Network, VL",VL_networks,Leadership networks,NA,NA,Malmos A/S anlaegsgartnere Adm. direktoer
Morten Gaardboe,VL gruppe 15 -Vestsjaelland,Member,Men,"Leaders, Network, VL",VL_networks,Leadership networks,NA,NA,Glascom A/s Direktoer
Niels Eiland,VL gruppe 15 -Vestsjaelland,Member,Men,"Leaders, Network, VL",VL_networks,Leadership networks,NA,NA,Eiland el-installation og automation El-installatoer
Niels Erik Raasthoej,VL gruppe 15 -Vestsjaelland,Member,Men,"Leaders, Network, VL",VL_networks,Leadership networks,NA,NA,Viminco A/S OEkonomidirektoer
Ole E. Hansen,VL gruppe 15 -Vestsjaelland,Member,Men,"Leaders, Network, VL",VL_networks,Leadership networks,NA,NA,CDK Arla Foods Senior Director
Peter Thorn,VL gruppe 15 -Vestsjaelland,Member,Men,"Leaders, Network, VL",VL_networks,Leadership networks,4000381420,NA,M. Larsen Vognmandsfirma A/S Administrerende direktoer
Peter Vagn Jensen,VL gruppe 15 -Vestsjaelland,Member,Men,"Leaders, Network, VL",VL_networks,Leadership networks,4000590913,NA,Selchausdal Gods Godsejer
Torben Andersen 40480,VL gruppe 15 -Vestsjaelland,Member,Men,"Leaders, Network, VL",VL_networks,Leadership networks,NA,NA,Syddansk Universitet Campus- og Institutleder
Torben Hjort,VL gruppe 15 -Vestsjaelland,Member,Men,"Leaders, Network, VL",VL_networks,Leadership networks,NA,NA,AHJ A/S - CatPen A/S Direktoer
Ulrich Mosegaard,VL gruppe 15 -Vestsjaelland,Member,Men,"Leaders, Network, VL",VL_networks,Leadership networks,NA,NA,Borch Textile Group A/S CEO
Connie Christensen 6622,VL gruppe 15 -Vestsjaelland,Member,Women,"Leaders, Network, VL",VL_networks,Leadership networks,NA,NA,VILCON Hotel- og Konferencegaard Direktoer
Helle Lundsgaard,VL gruppe 15 -Vestsjaelland,Member,Women,"Leaders, Network, VL",VL_networks,Leadership networks,NA,NA,Droemmefabrikken Direktoer
Lone Irene Wenzell,VL gruppe 15 -Vestsjaelland,Member,Women,"Leaders, Network, VL",VL_networks,Leadership networks,NA,NA,Slagelse kommune - udviklingsdirektoer
Louise Lecanda,VL gruppe 15 -Vestsjaelland,Member,Women,"Leaders, Network, VL",VL_networks,Leadership networks,NA,NA,ADVODAN Advokat
Allan Rasmussen 43829,VL gruppe 16 - Koebenhavn,Member,Men,"Leaders, Network, VL",VL_networks,Leadership networks,NA,NA,Coloplast A/S Koncerndirektoer
Anders Hedegaard,VL gruppe 16 - Koebenhavn,Member,Men,"Leaders, Network, VL",VL_networks,Leadership networks,4003925264,NA,GN ReSound A/S Adm. direktoer
Andre Rogaczewski,VL gruppe 16 - Koebenhavn,Member,Men,"Leaders, Network, VL",VL_networks,Leadership networks,4004062832,NA,Netcompany CEO
Carsten Nygaard Knudsen,VL gruppe 16 - Koebenhavn,Member,Men,"Leaders, Network, VL",VL_networks,Leadership networks,4004062092,NA,Soegaarden-Sjaelsoe ApS Direktoer
Christen Dalum,VL gruppe 16 - Koebenhavn,Member,Men,"Leaders, Network, VL",VL_networks,Leadership networks,NA,NA,Steen Gerhardt Executive Services A/S Partner
Christian Sagild,VL gruppe 16 - Koebenhavn,Member,Men,"Leaders, Network, VL",VL_networks,Leadership networks,4003998686,NA,Topdanmark Forsikring Koncerndirektoer
Claus Gregersen,VL gruppe 16 - Koebenhavn,Member,Men,"Leaders, Network, VL",VL_networks,Leadership networks,4000528963,NA,Carnegie Investment Bank Adm. direktoer
David Lando,VL gruppe 16 - Koebenhavn,Member,Men,"Leaders, Network, VL",VL_networks,Leadership networks,4000276532,NA,"CBS, Dept. of Finance Professor"
Frank Vestergaard Suhr Olesen,VL gruppe 16 - Koebenhavn,Member,Men,"Leaders, Network, VL",VL_networks,Leadership networks,NA,NA,KMD
Hjalte Aaberg,VL gruppe 16 - Koebenhavn,Member,Men,"Leaders, Network, VL",VL_networks,Leadership networks,NA,NA,Region Hovedstaden Region Chief Executive Officer
Ib Oustrup,VL gruppe 16 - Koebenhavn,Member,Men,"Leaders, Network, VL",VL_networks,Leadership networks,4004072107,NA,Center for offentlig kompetenceudvikling Direktoer
Jakob Schou Meding,VL gruppe 16 - Koebenhavn,Member,Men,"Leaders, Network, VL",VL_networks,Leadership networks,4004100500,NA,TIA Technology CEO
Jens Bager 15045,VL gruppe 16 - Koebenhavn,Member,Men,"Leaders, Network, VL",VL_networks,Leadership networks,4003929060,NA,ALK-Abello A/S Adm. direktoer
Jesper Mailind,VL gruppe 16 - Koebenhavn,Member,Men,"Leaders, Network, VL",VL_networks,Leadership networks,4004165944,NA,ALECTIA A/S Adm. direktoer
Joergen Andersen 17381,VL gruppe 16 - Koebenhavn,Member,Men,"Leaders, Network, VL",VL_networks,Leadership networks,NA,NA,JAI Inc CEO
Karsten Sivebaek Knudsen,VL gruppe 16 - Koebenhavn,Member,Men,"Leaders, Network, VL",VL_networks,Leadership networks,4003903834,NA,DRG Invest direktoer
Kasper Madsen,VL gruppe 16 - Koebenhavn,Member,Men,"Leaders, Network, VL",VL_networks,Leadership networks,NA,NA,Hilding Anders Int. AB SVP Supply Chain
Kim OEstrup,VL gruppe 16 - Koebenhavn,Member,Men,"Leaders, Network, VL",VL_networks,Leadership networks,4004146020,NA,CBS Adjungeret professor
Klaus Holse Andersen,VL gruppe 16 - Koebenhavn,Member,Men,"Leaders, Network, VL",VL_networks,Leadership networks,4004049426,NA,SimCorp CEO
Knud Carsten Bernhard Loenfeldt,VL gruppe 16 - Koebenhavn,Member,Men,"Leaders, Network, VL",VL_networks,Leadership networks,4003872898,NA,KCBL Management ApS Direktoer
Lars Christian Bruhn,VL gruppe 16 - Koebenhavn,Member,Men,"Leaders, Network, VL",VL_networks,Leadership networks,4003922398,NA,Bruhn Holding Bestyrelsesformand
Mads-Ole Astrupgaard,VL gruppe 16 - Koebenhavn,Member,Men,"Leaders, Network, VL",VL_networks,Leadership networks,NA,NA,Fritz Schur Teknik A/S CEO
Martin Badsted,VL gruppe 16 - Koebenhavn,Member,Men,"Leaders, Network, VL",VL_networks,Leadership networks,4004182156,NA,Dampskibsselskabet NORDEN A/S CFO & Executive Vice President
Niels Erik Martinsen,VL gruppe 16 - Koebenhavn,Member,Men,"Leaders, Network, VL",VL_networks,Leadership networks,4000188618,NA,IC Group A/S Direktoer
Nikolaj Wendelboe 27918,VL gruppe 16 - Koebenhavn,Member,Men,"Leaders, Network, VL",VL_networks,Leadership networks,4004185026,NA,Arriva Danmark A/S Adm. direktoer
Per Edelmann,VL gruppe 16 - Koebenhavn,Member,Men,"Leaders, Network, VL",VL_networks,Leadership networks,NA,NA,Mylan pharmaceutical Administrerende direktoer
Soeren Stjernqvist,VL gruppe 16 - Koebenhavn,Member,Men,"Leaders, Network, VL",VL_networks,Leadership networks,4003982369,NA,Teknologisk Institut Adm. direktoer
Thomas Als Egebo,VL gruppe 16 - Koebenhavn,Member,Men,"Leaders, Network, VL",VL_networks,Leadership networks,NA,NA,"Energi-, Forsynings- og Klimaministeriet Departementschef"
Torsten Erik Rasmussen,VL gruppe 16 - Koebenhavn,Member,Men,"Leaders, Network, VL",VL_networks,Leadership networks,4003855701,NA,Morgan Management ApS Adm. direktoer
Torsten Moe,VL gruppe 16 - Koebenhavn,Member,Men,"Leaders, Network, VL",VL_networks,Leadership networks,NA,NA,PwC Partner
Anne Dorte Riggelsen,VL gruppe 16 - Koebenhavn,Member,Women,"Leaders, Network, VL",VL_networks,Leadership networks,NA,NA,Ambassaden Paris Ambassadoer
Birgit Woeidemann Noergaard,VL gruppe 16 - Koebenhavn,Member,Women,"Leaders, Network, VL",VL_networks,Leadership networks,NA,NA,Birgit W Noergaard Direktoer
Ida Bratting Kongsted,VL gruppe 16 - Koebenhavn,Member,Women,"Leaders, Network, VL",VL_networks,Leadership networks,NA,NA,AS3 Executive A/S Adm. direktoer
Ingelise Mose Bogason,VL gruppe 16 - Koebenhavn,Member,Women,"Leaders, Network, VL",VL_networks,Leadership networks,4004048841,NA,Ingelise Mose Bogason Direktoer
Kaja Moeller,VL gruppe 16 - Koebenhavn,Member,Women,"Leaders, Network, VL",VL_networks,Leadership networks,4000763046,NA,Fredericia Furniture A/S CEO
Karin Arnstedt,VL gruppe 16 - Koebenhavn,Member,Women,"Leaders, Network, VL",VL_networks,Leadership networks,NA,NA,Potagua Advokat
Karin Riis-Joergensen,VL gruppe 16 - Koebenhavn,Member,Women,"Leaders, Network, VL",VL_networks,Leadership networks,NA,NA,"Karin Riis-Joergensen Cand.jur, Senior Advisor"
Lilian Merete Mogensen,VL gruppe 16 - Koebenhavn,Member,Women,"Leaders, Network, VL",VL_networks,Leadership networks,NA,NA,ATP Koncerndirektoer
Nina Petersen 28048,VL gruppe 16 - Koebenhavn,Member,Women,"Leaders, Network, VL",VL_networks,Leadership networks,NA,NA,NextPuzzle ApS Direktoer
Bo Kristiansen 4371,VL gruppe 17 - Koebenhavn,Member,Men,"Leaders, Network, VL",VL_networks,Leadership networks,4004013345,NA,Fonden Mariehjemmene Direktoer
Carl Frederik Stub Trock,VL gruppe 17 - Koebenhavn,Member,Men,"Leaders, Network, VL",VL_networks,Leadership networks,4000225838,NA,Flere selskaber Bestyrelsesformand
Christian Poulsen 40543,VL gruppe 17 - Koebenhavn,Member,Men,"Leaders, Network, VL",VL_networks,Leadership networks,NA,NA,Koebenhavns Lufthavne A/S Vice President / Teknisk Direktoer
Dennis Dencher,VL gruppe 17 - Koebenhavn,Member,Men,"Leaders, Network, VL",VL_networks,Leadership networks,NA,NA,"Aspen Pharma CEO, Commercial Business, Europe CIS"
Erik Bertelsen,VL gruppe 17 - Koebenhavn,Member,Men,"Leaders, Network, VL",VL_networks,Leadership networks,4000351072,NA,Nordzucker - Nordic Sugar Head of Sales Nordzucker Group
Finn Overgaard 43832,VL gruppe 17 - Koebenhavn,Member,Men,"Leaders, Network, VL",VL_networks,Leadership networks,NA,NA,Sahiba AS Direktoer - Medstifter
Henrik Christensen 40535,VL gruppe 17 - Koebenhavn,Member,Men,"Leaders, Network, VL",VL_networks,Leadership networks,4003975002,NA,NA
Henrik Rasmussen 12780,VL gruppe 17 - Koebenhavn,Member,Men,"Leaders, Network, VL",VL_networks,Leadership networks,4000103307,NA,Roskilde Festival Adm. direktoer/CEO
Ivan Eltoft Nielsen,VL gruppe 17 - Koebenhavn,Member,Men,"Leaders, Network, VL",VL_networks,Leadership networks,NA,NA,Ivan Eltoft Nielsen Ejendomsmaegler & valuar MDE
Jan Roelsgaard,VL gruppe 17 - Koebenhavn,Member,Men,"Leaders, Network, VL",VL_networks,Leadership networks,4004003874,NA,DAT - Schaub A/S Adm. direktoer
Jens Jakobsson,VL gruppe 17 - Koebenhavn,Member,Men,"Leaders, Network, VL",VL_networks,Leadership networks,4004130463,NA,DONG Energy Wind Power A/S Senior Vice President
Jens Roennemoes Pedersen,VL gruppe 17 - Koebenhavn,Member,Men,"Leaders, Network, VL",VL_networks,Leadership networks,NA,NA,Vestas Wind Systems A/S Vice President - BU People & Culture
Kasper Westphal Pedersen,VL gruppe 17 - Koebenhavn,Member,Men,"Leaders, Network, VL",VL_networks,Leadership networks,4004107572,NA,"Ramboll Head of Department, Corporate Communications"
Keld Thorsen,VL gruppe 17 - Koebenhavn,Member,Men,"Leaders, Network, VL",VL_networks,Leadership networks,4000586842,NA,Glunz & Jensen A/S CEO
Lars Kirstein Andersen,VL gruppe 17 - Koebenhavn,Member,Men,"Leaders, Network, VL",VL_networks,Leadership networks,NA,NA,Lumigon A/S CSO
Lars-Christian Brask,VL gruppe 17 - Koebenhavn,Member,Men,"Leaders, Network, VL",VL_networks,Leadership networks,NA,NA,Flere selskaber Formand
Lasse Richter Petersen,VL gruppe 17 - Koebenhavn,Member,Men,"Leaders, Network, VL",VL_networks,Leadership networks,NA,NA,Sanofi GM Nordic & Baltic Area
Marcus Peter Hummer,VL gruppe 17 - Koebenhavn,Member,Men,"Leaders, Network, VL",VL_networks,Leadership networks,NA,NA,"Kelvion VP, COO"
Martin Boege Mikkelsen,VL gruppe 17 - Koebenhavn,Member,Men,"Leaders, Network, VL",VL_networks,Leadership networks,4003958643,NA,Flere selskaber Bestyrelsesformand
Michael Albrechtslund,VL gruppe 17 - Koebenhavn,Member,Men,"Leaders, Network, VL",VL_networks,Leadership networks,NA,NA,Flere selskaber Bestyrelsesformand
Michael Winther Rasmussen,VL gruppe 17 - Koebenhavn,Member,Men,"Leaders, Network, VL",VL_networks,Leadership networks,NA,NA,Grant Thornton Statsautoriseret revisor/Partner
Nicolai Worziger,VL gruppe 17 - Koebenhavn,Member,Men,"Leaders, Network, VL",VL_networks,Leadership networks,NA,NA,Basico Consulting A/S Direktoer
Niels-Christian Worning,VL gruppe 17 - Koebenhavn,Member,Men,"Leaders, Network, VL",VL_networks,Leadership networks,4004052401,NA,Polaris Private Equity Partner
Ole Hilbert,VL gruppe 17 - Koebenhavn,Member,Men,"Leaders, Network, VL",VL_networks,Leadership networks,NA,NA,Infico A/S Direktoer
Ole Moerk Lauridsen,VL gruppe 17 - Koebenhavn,Member,Men,"Leaders, Network, VL",VL_networks,Leadership networks,NA,NA,Ole Moerk Lauridsen
Paul Lacoppidan,VL gruppe 17 - Koebenhavn,Member,Men,"Leaders, Network, VL",VL_networks,Leadership networks,4004075318,NA,MUTO Adm. direktoer
Per K. Lauritzen,VL gruppe 17 - Koebenhavn,Member,Men,"Leaders, Network, VL",VL_networks,Leadership networks,NA,NA,A/S Tetra Pak VP Product Management
René Sidor,VL gruppe 17 - Koebenhavn,Member,Men,"Leaders, Network, VL",VL_networks,Leadership networks,NA,NA,DACHSER Denmark A/S General Manager EL
Soeren Dal Thomsen,VL gruppe 17 - Koebenhavn,Member,Men,"Leaders, Network, VL",VL_networks,Leadership networks,4004041548,NA,AP Pension Adm. direktoer
Soeren Kaare-Andersen,VL gruppe 17 - Koebenhavn,Member,Men,"Leaders, Network, VL",VL_networks,Leadership networks,4004009188,NA,Bikubenfonden Direktoer
Soeren Vammen,VL gruppe 17 - Koebenhavn,Member,Men,"Leaders, Network, VL",VL_networks,Leadership networks,NA,NA,Kairos Commodities Direktoer
Steen Blaafalk,VL gruppe 17 - Koebenhavn,Member,Men,"Leaders, Network, VL",VL_networks,Leadership networks,4003834217,NA,Saxo Bank A/S Group Financial & Risk Officer
Thomas Juul-Dam,VL gruppe 17 - Koebenhavn,Member,Men,"Leaders, Network, VL",VL_networks,Leadership networks,NA,NA,PrimeTime Kommunikation A/S Direktoer & Partner
Thomas Weilby Knudsen,VL gruppe 17 - Koebenhavn,Member,Men,"Leaders, Network, VL",VL_networks,Leadership networks,NA,NA,NorthCap Partners Adm. direktoer
Troels Gregersen,VL gruppe 17 - Koebenhavn,Member,Men,"Leaders, Network, VL",VL_networks,Leadership networks,NA,NA,PA Consulting Partner
Troels Tuxen,VL gruppe 17 - Koebenhavn,Member,Men,"Leaders, Network, VL",VL_networks,Leadership networks,4000045480,NA,Bech-Bruun Partner
Anne Mette Dissing-Immerkaer,VL gruppe 17 - Koebenhavn,Member,Women,"Leaders, Network, VL",VL_networks,Leadership networks,NA,NA,Amrop A/S Partner
Bolette Christensen,VL gruppe 17 - Koebenhavn,Member,Women,"Leaders, Network, VL",VL_networks,Leadership networks,4000711715,NA,BOERNEfonden Adm. direktoer
Britta Riis,VL gruppe 17 - Koebenhavn,Member,Women,"Leaders, Network, VL",VL_networks,Leadership networks,NA,NA,Dyrenes Beskyttelse Direktoer
Dorte Krak,VL gruppe 17 - Koebenhavn,Member,Women,"Leaders, Network, VL",VL_networks,Leadership networks,4004092304,NA,Arp-Hansen Hotel Group Adm. direktoer
Helle Kvist Ilskvist,VL gruppe 17 - Koebenhavn,Member,Women,"Leaders, Network, VL",VL_networks,Leadership networks,NA,NA,Laan & Spar bank Erhvervsdirektoer
Lene Hall,VL gruppe 17 - Koebenhavn,Member,Women,"Leaders, Network, VL",VL_networks,Leadership networks,NA,NA,RMIG A/S Group Financial Director CFO
Mette Therkildsen,VL gruppe 17 - Koebenhavn,Member,Women,"Leaders, Network, VL",VL_networks,Leadership networks,NA,NA,GRIBVAND A/S Adm. Direktoer
Andreas F. Noerfelt,VL gruppe 18 - Koebenhavn,Member,Men,"Leaders, Network, VL",VL_networks,Leadership networks,NA,NA,NetNordic Denmark A/S CEO/Adm.direktoer
Bent Larsen 3062,VL gruppe 18 - Koebenhavn,Member,Men,"Leaders, Network, VL",VL_networks,Leadership networks,NA,NA,Region Hovedstaden Regionsraadsmedlem
Dennis Balslev,VL gruppe 18 - Koebenhavn,Member,Men,"Leaders, Network, VL",VL_networks,Leadership networks,4004153136,NA,Ikea Adm. direktoer
Domenick Beskos,VL gruppe 18 - Koebenhavn,Member,Men,"Leaders, Network, VL",VL_networks,Leadership networks,NA,NA,Momentum Markets Chef Strateg
Eigil Lego Andersen,VL gruppe 18 - Koebenhavn,Member,Men,"Leaders, Network, VL",VL_networks,Leadership networks,4000282361,NA,"Nielsen & Noerager Advokat, dr.jur."
Gorm Wesing Flyvholm,VL gruppe 18 - Koebenhavn,Member,Men,"Leaders, Network, VL",VL_networks,Leadership networks,4000593741,NA,Berlingske Media a-s Media Director
Hans Christian Korsgaard Madsen,VL gruppe 18 - Koebenhavn,Member,Men,"Leaders, Network, VL",VL_networks,Leadership networks,4003899525,NA,Danske Spil A/S Adm. direktoer
Hans Terney Rasmussen,VL gruppe 18 - Koebenhavn,Member,Men,"Leaders, Network, VL",VL_networks,Leadership networks,NA,NA,Abeo A/S adm.direktoer/CEO
Henning Kruse Petersen,VL gruppe 18 - Koebenhavn,Member,Men,"Leaders, Network, VL",VL_networks,Leadership networks,1021390,NA,2KJ A/S Direktoer
Henrik Schlotfeldt,VL gruppe 18 - Koebenhavn,Member,Men,"Leaders, Network, VL",VL_networks,Leadership networks,NA,NA,ST Aerospace Solutions Europe A/S Adm. direktoer
Jan Ingwersen,VL gruppe 18 - Koebenhavn,Member,Men,"Leaders, Network, VL",VL_networks,Leadership networks,NA,NA,Energinet.dk International Director
Jens Christensen 15131,VL gruppe 18 - Koebenhavn,Member,Men,"Leaders, Network, VL",VL_networks,Leadership networks,NA,NA,North Sails Europe Direktoer
Jesper Toft,VL gruppe 18 - Koebenhavn,Member,Men,"Leaders, Network, VL",VL_networks,Leadership networks,NA,NA,Atkins Danmark A/S Kommerciel direktoer
Keld Zornig,VL gruppe 18 - Koebenhavn,Member,Men,"Leaders, Network, VL",VL_networks,Leadership networks,4004191102,NA,SAS Institute A/S Salgsdirektoer
Kenneth Codam,VL gruppe 18 - Koebenhavn,Member,Men,"Leaders, Network, VL",VL_networks,Leadership networks,NA,NA,Codam Management Aps Direktoer
Michael Christiansen 25505,VL gruppe 18 - Koebenhavn,Member,Men,"Leaders, Network, VL",VL_networks,Leadership networks,NA,NA,Wise Consulting Country Manager
Peter Nygaard 30635,VL gruppe 18 - Koebenhavn,Member,Men,"Leaders, Network, VL",VL_networks,Leadership networks,NA,NA,Innovationskompagniet Direktoer
Peter Vesterheden,VL gruppe 18 - Koebenhavn,Member,Men,"Leaders, Network, VL",VL_networks,Leadership networks,NA,NA,Arbejdstilsynet Direktoer
Steen Bo Joergensen,VL gruppe 18 - Koebenhavn,Member,Men,"Leaders, Network, VL",VL_networks,Leadership networks,4003961142,NA,Koebstaedernes Forsikring Bestyrelsformand/Chairman
Thomas Maagaard Dyekjaer,VL gruppe 18 - Koebenhavn,Member,Men,"Leaders, Network, VL",VL_networks,Leadership networks,NA,NA,GRAMEX Underdirektoer
Thomas Morten Joergensen,VL gruppe 18 - Koebenhavn,Member,Men,"Leaders, Network, VL",VL_networks,Leadership networks,NA,NA,Velux A/S Produktionsdirektoer
Timm Mehrens,VL gruppe 18 - Koebenhavn,Member,Men,"Leaders, Network, VL",VL_networks,Leadership networks,NA,NA,"Homerun Media CEO, Founder & Partner"
Tom Olesen,VL gruppe 18 - Koebenhavn,Member,Men,"Leaders, Network, VL",VL_networks,Leadership networks,NA,NA,IT Plus Direktoer
Ulrik Raebild,VL gruppe 18 - Koebenhavn,Member,Men,"Leaders, Network, VL",VL_networks,Leadership networks,NA,NA,PwC Partner
Angelique Espensen,VL gruppe 18 - Koebenhavn,Member,Women,"Leaders, Network, VL",VL_networks,Leadership networks,NA,NA,Lionbridge Managing Director
Anne Windfeldt Trolle,VL gruppe 18 - Koebenhavn,Member,Women,"Leaders, Network, VL",VL_networks,Leadership networks,NA,NA,ATL / DI Branchedirektoer
Charlotte Lindholm,VL gruppe 18 - Koebenhavn,Member,Women,"Leaders, Network, VL",VL_networks,Leadership networks,NA,NA,Lindholm Unlimited Direktoer
Dorte Hallager,VL gruppe 18 - Koebenhavn,Member,Women,"Leaders, Network, VL",VL_networks,Leadership networks,NA,NA,LendLink AB
Hanna Line Jakobsen 10408,VL gruppe 18 - Koebenhavn,Member,Women,"Leaders, Network, VL",VL_networks,Leadership networks,NA,NA,Roede Kors President
Hanne Christensen 10448,VL gruppe 18 - Koebenhavn,Member,Women,"Leaders, Network, VL",VL_networks,Leadership networks,4004137693,NA,Ramboell Managing Director
Henriette Draeby Rosenquist,VL gruppe 18 - Koebenhavn,Member,Women,"Leaders, Network, VL",VL_networks,Leadership networks,4004129376,NA,Pfizer Europe Commercial Strategy Director
Mai Vedel,VL gruppe 18 - Koebenhavn,Member,Women,"Leaders, Network, VL",VL_networks,Leadership networks,NA,NA,BIMCO CFO
Markela Dedopoulos,VL gruppe 18 - Koebenhavn,Member,Women,"Leaders, Network, VL",VL_networks,Leadership networks,NA,NA,Dagrofa Direktoer for kommunikation og samfundsrelationer
Mette Bove-Nielsen,VL gruppe 18 - Koebenhavn,Member,Women,"Leaders, Network, VL",VL_networks,Leadership networks,4004066499,NA,Libris Media A/S Adm. direktoer
Pia Bech Mathiesen,VL gruppe 18 - Koebenhavn,Member,Women,"Leaders, Network, VL",VL_networks,Leadership networks,NA,NA,Fonden Universe Science Park Adm. direktoer
Rikke Sternberg,VL gruppe 18 - Koebenhavn,Member,Women,"Leaders, Network, VL",VL_networks,Leadership networks,4000156403,NA,"Make Sense Film & TV Partner, Director Content Strategy"
Vibeke Bak Solok,VL gruppe 18 - Koebenhavn,Member,Women,"Leaders, Network, VL",VL_networks,Leadership networks,NA,NA,Danske Bank Regnskabsdirektoer
Bjarne Lyngsoe,VL gruppe 19 – Aalborg,Member,Men,"Leaders, Network, VL",VL_networks,Leadership networks,NA,NA,3G Solutions Bestyrelsesformand
Christian Lundblad,VL gruppe 19 – Aalborg,Member,Men,"Leaders, Network, VL",VL_networks,Leadership networks,NA,NA,Retten i Aalborg Retspraesident
Claus Christensen 6282,VL gruppe 19 – Aalborg,Member,Men,"Leaders, Network, VL",VL_networks,Leadership networks,4003906467,NA,HCH A/S Direktoer
Finn  Norsker,VL gruppe 19 – Aalborg,Member,Men,"Leaders, Network, VL",VL_networks,Leadership networks,NA,NA,Nordea Bank Danmark Aalborg Erhvervskundedirektoer
Finn Boedstrup,VL gruppe 19 – Aalborg,Member,Men,"Leaders, Network, VL",VL_networks,Leadership networks,NA,NA,Advokatfirmaet.dk Advokat
Hans Henrik von Platen-Hallermund,VL gruppe 19 – Aalborg,Member,Men,"Leaders, Network, VL",VL_networks,Leadership networks,NA,NA,Sanistaal A/S Direktoer
Hans Peder Pedersen,VL gruppe 19 – Aalborg,Member,Men,"Leaders, Network, VL",VL_networks,Leadership networks,NA,NA,SIALE ApS Direktoer
Hans Peter Andersen 43833,VL gruppe 19 – Aalborg,Member,Men,"Leaders, Network, VL",VL_networks,Leadership networks,NA,NA,Nordelektro A/S Adm. Direktoer
Henning Winum,VL gruppe 19 – Aalborg,Member,Men,"Leaders, Network, VL",VL_networks,Leadership networks,NA,NA,Bellevue A/S Direktoer
Henrik Johansen 12546,VL gruppe 19 – Aalborg,Member,Men,"Leaders, Network, VL",VL_networks,Leadership networks,NA,NA,Aalborg Zoologiske Have Zoodirektoer
Holger Colding-Kristensen,VL gruppe 19 – Aalborg,Member,Men,"Leaders, Network, VL",VL_networks,Leadership networks,NA,NA,Scanico A/S Direktoer
Jakob Norgaard,VL gruppe 19 – Aalborg,Member,Men,"Leaders, Network, VL",VL_networks,Leadership networks,NA,NA,NORDJYSKE Medier Digital udviklingsdiretoer
Jan Werner Jensen,VL gruppe 19 – Aalborg,Member,Men,"Leaders, Network, VL",VL_networks,Leadership networks,4003960612,NA,A/S Hydrema Direktoer
Jens Chr. Schmidt,VL gruppe 19 – Aalborg,Member,Men,"Leaders, Network, VL",VL_networks,Leadership networks,NA,NA,Ramboell Projektdirektoer
Jens Moeller 15579,VL gruppe 19 – Aalborg,Member,Men,"Leaders, Network, VL",VL_networks,Leadership networks,NA,NA,Jens Moeller Ledelsesraadgivning ApS Direktoer
Jess Moeller Nielsen,VL gruppe 19 – Aalborg,Member,Men,"Leaders, Network, VL",VL_networks,Leadership networks,NA,NA,Traenregimentet Oberts
Joergen Kimoe,VL gruppe 19 – Aalborg,Member,Men,"Leaders, Network, VL",VL_networks,Leadership networks,NA,NA,NA
Joern Abildgaard,VL gruppe 19 – Aalborg,Member,Men,"Leaders, Network, VL",VL_networks,Leadership networks,NA,NA,Joern Abildgaard Real Estate Manager
John Robert Andersen,VL gruppe 19 – Aalborg,Member,Men,"Leaders, Network, VL",VL_networks,Leadership networks,NA,NA,Mr Scanning Aalborg Adm. Direktoer
Kaj Rye,VL gruppe 19 – Aalborg,Member,Men,"Leaders, Network, VL",VL_networks,Leadership networks,4000109205,NA,Ejendomsselskabet
Kresten Hjortsballe,VL gruppe 19 – Aalborg,Member,Men,"Leaders, Network, VL",VL_networks,Leadership networks,NA,NA,Tetra Pak Scanima A/S Managing director
Lars Mahler,VL gruppe 19 – Aalborg,Member,Men,"Leaders, Network, VL",VL_networks,Leadership networks,NA,NA,Calum Ejendomsaktieselskab Arkitekt m.a.a.
Leif Sondrup,VL gruppe 19 – Aalborg,Member,Men,"Leaders, Network, VL",VL_networks,Leadership networks,NA,NA,Aalborg Stift Stiftsamtsmand
Mads Justesen,VL gruppe 19 – Aalborg,Member,Men,"Leaders, Network, VL",VL_networks,Leadership networks,NA,NA,Frederiksdal Ejendomme I/S Direktoer/Ejer
Mads Peter Veiby,VL gruppe 19 – Aalborg,Member,Men,"Leaders, Network, VL",VL_networks,Leadership networks,NA,NA,Cego ApS Ivaerksaetter
Mikael Justesen,VL gruppe 19 – Aalborg,Member,Men,"Leaders, Network, VL",VL_networks,Leadership networks,NA,NA,TV2/Nord Adm. direktoer
Morten Overgaard Ziwes,VL gruppe 19 – Aalborg,Member,Men,"Leaders, Network, VL",VL_networks,Leadership networks,NA,NA,COEXCO Holding Aps. Forretningsudvikler
Morten Sandlykke,VL gruppe 19 – Aalborg,Member,Men,"Leaders, Network, VL",VL_networks,Leadership networks,NA,NA,TARGIT A/S CEO
Nils Duus Kinnerup,VL gruppe 19 – Aalborg,Member,Men,"Leaders, Network, VL",VL_networks,Leadership networks,4003962514,NA,Royal Greenland CFO
Palle Harring,VL gruppe 19 – Aalborg,Member,Men,"Leaders, Network, VL",VL_networks,Leadership networks,NA,NA,World Fuel Services Corporation OEkonomidirektoer/Vice President Finance
Peter Balling 30030,VL gruppe 19 – Aalborg,Member,Men,"Leaders, Network, VL",VL_networks,Leadership networks,4004083713,NA,Cenath Holding Direktoer
Peter Freiesleben,VL gruppe 19 – Aalborg,Member,Men,"Leaders, Network, VL",VL_networks,Leadership networks,NA,NA,Arctic Group A/S Koncerndirektoer
Peter Lau Lauritzen,VL gruppe 19 – Aalborg,Member,Men,"Leaders, Network, VL",VL_networks,Leadership networks,4000346511,NA,Advokatfirmaet DAHL Advokat
Rene Maxwell,VL gruppe 19 – Aalborg,Member,Men,"Leaders, Network, VL",VL_networks,Leadership networks,NA,NA,More2save Aps CEO
Richard Christensen Byrdal,VL gruppe 19 – Aalborg,Member,Men,"Leaders, Network, VL",VL_networks,Leadership networks,4000150167,NA,Radisson SAS Limfjord Hotel Direktoer
Soeren Svendsen 33576,VL gruppe 19 – Aalborg,Member,Men,"Leaders, Network, VL",VL_networks,Leadership networks,NA,NA,Aalborg Lufthavn Lufthavnsdirektoer
Thomas Kastrup-Larsen,VL gruppe 19 – Aalborg,Member,Men,"Leaders, Network, VL",VL_networks,Leadership networks,4004033070,NA,Aalborg Kommune Borgmester
Thor Jespersen,VL gruppe 19 – Aalborg,Member,Men,"Leaders, Network, VL",VL_networks,Leadership networks,NA,NA,Borean Innovation A/S Direktoer
Tom Johnsen,VL gruppe 19 – Aalborg,Member,Men,"Leaders, Network, VL",VL_networks,Leadership networks,NA,NA,BDO Danmark Partner Statsaut. Rivisor
Dorte Saugstrup,VL gruppe 19 – Aalborg,Member,Women,"Leaders, Network, VL",VL_networks,Leadership networks,NA,NA,Jysk KursusCenter Ejerleder
Eva Moeller Soerensen,VL gruppe 19 – Aalborg,Member,Women,"Leaders, Network, VL",VL_networks,Leadership networks,NA,NA,KPF Arkitekter Afdelingsleder Arkitekt m.a.a
Marianne Holmsgaard,VL gruppe 19 – Aalborg,Member,Women,"Leaders, Network, VL",VL_networks,Leadership networks,NA,NA,Marianne Holmsgaard
Anders Overgaard Bjarklev,VL gruppe 2 - Koebenhavn,Member,Men,"Leaders, Network, VL",VL_networks,Leadership networks,4000017735,NA,DTU. Rektor
Christian Joergensen 5831,VL gruppe 2 - Koebenhavn,Member,Men,"Leaders, Network, VL",VL_networks,Leadership networks,NA,NA,Hill-Rom President Europe
Ejvind Sandal,VL gruppe 2 - Koebenhavn,Member,Men,"Leaders, Network, VL",VL_networks,Leadership networks,4000179491,NA,"The Copenhagen, PostChefredaktoer"
Finn Saksoe-Larsen,VL gruppe 2 - Koebenhavn,Member,Men,"Leaders, Network, VL",VL_networks,Leadership networks,NA,NA,Sonlinc A/S Direktoer
Frank Trojahn,VL gruppe 2 - Koebenhavn,Member,Men,"Leaders, Network, VL",VL_networks,Leadership networks,NA,NA,"Vaernfaelles Forsvarskommando, kontreadmiral"
Freddy Svane,VL gruppe 2 - Koebenhavn,Member,Men,"Leaders, Network, VL",VL_networks,Leadership networks,NA,NA,Freddy Svane Adm. direktoer
Frederik Jeppe Preisler,VL gruppe 2 - Koebenhavn,Member,Men,"Leaders, Network, VL",VL_networks,Leadership networks,4000403854,NA,"MenschDirektoer, Partner"
Hans Holger Therp,VL gruppe 2 - Koebenhavn,Member,Men,"Leaders, Network, VL",VL_networks,Leadership networks,4000222112,NA,F.E. Bording A/S Adm. direktoer
Henning Boysen,VL gruppe 2 - Koebenhavn,Member,Men,"Leaders, Network, VL",VL_networks,Leadership networks,NA,NA,"Hessellund Aps,Bestyrelsesformand, direktoer"
Henrik Gundelach,VL gruppe 2 - Koebenhavn,Member,Men,"Leaders, Network, VL",VL_networks,Leadership networks,4003947973,NA,Henrik GundelachFhv. adm. direktoer
Jens Peter Due Olsen,VL gruppe 2 - Koebenhavn,Member,Men,"Leaders, Network, VL",VL_networks,Leadership networks,4000655299,NA,Jens Due Olsen Direktoer
Jens Wittrup Willumsen,VL gruppe 2 - Koebenhavn,Member,Men,"Leaders, Network, VL",VL_networks,Leadership networks,4004032683,NA,Dansk Selskab for Virksomhedsledelse Formand for bestyrelsen
Jesper Nygaard,VL gruppe 2 - Koebenhavn,Member,Men,"Leaders, Network, VL",VL_networks,Leadership networks,4003991198,NA,RealdaniaAdm. direktoer
Joergen Rugholm,VL gruppe 2 - Koebenhavn,Member,Men,"Leaders, Network, VL",VL_networks,Leadership networks,NA,NA,McKinsey & Company Direktoer
Knud Odgaard Pedersen,VL gruppe 2 - Koebenhavn,Member,Men,"Leaders, Network, VL",VL_networks,Leadership networks,4003906754,NA,"Willow ApS, Direktoer"
Kurt Thyregod,VL gruppe 2 - Koebenhavn,Member,Men,"Leaders, Network, VL",VL_networks,Leadership networks,NA,NA,Pingvino Aps Direktoer
Lars-Erik Brenoee 21436,VL gruppe 2 - Koebenhavn,Member,Men,"Leaders, Network, VL",VL_networks,Leadership networks,4004145698,NA,A.P. Moeller - Maersk A/S Executive Vice President
Michael Svane 25885,VL gruppe 2 - Koebenhavn,Member,Men,"Leaders, Network, VL",VL_networks,Leadership networks,4004015226,NA,DI Transport Direktoer
Olafur Eliasson,VL gruppe 2 - Koebenhavn,Member,Men,"Leaders, Network, VL",VL_networks,Leadership networks,NA,NA,"Olafur Eliasson, Billedkunster"
Per Callesen,VL gruppe 2 - Koebenhavn,Member,Men,"Leaders, Network, VL",VL_networks,Leadership networks,NA,NA,Nationalbanken Nationalbankdirektoer
Peter Assam,VL gruppe 2 - Koebenhavn,Member,Men,"Leaders, Network, VL",VL_networks,Leadership networks,4003865255,NA,"PAs Holding nr.1 ApS, Direktoer"
Peter Hoeltermand,VL gruppe 2 - Koebenhavn,Member,Men,"Leaders, Network, VL",VL_networks,Leadership networks,4000006817,NA,"SEBDanmark, Country Manager, Bankdirektoer"
Peter Mogensen,VL gruppe 2 - Koebenhavn,Member,Men,"Leaders, Network, VL",VL_networks,Leadership networks,NA,NA,Fonden KrakaRedaktionschef
Preben Sunke,VL gruppe 2 - Koebenhavn,Member,Men,"Leaders, Network, VL",VL_networks,Leadership networks,4003962409,NA,Danish CrownCFO
Roy A. Kappenberger,VL gruppe 2 - Koebenhavn,Member,Men,"Leaders, Network, VL",VL_networks,Leadership networks,NA,NA,Rezidor Royal ApS General Manager
Soeren Pind,VL gruppe 2 - Koebenhavn,Member,Men,"Leaders, Network, VL",VL_networks,Leadership networks,NA,NA,Folketinget
Soeren Thorup Soerensen,VL gruppe 2 - Koebenhavn,Member,Men,"Leaders, Network, VL",VL_networks,Leadership networks,4000311573,NA,KIRKBI A/S CFO
Svend Pedersen 34827,VL gruppe 2 - Koebenhavn,Member,Men,"Leaders, Network, VL",VL_networks,Leadership networks,4003978920,NA,HHM A/S Direktoer
Tomas Ilsoee Andersen,VL gruppe 2 - Koebenhavn,Member,Men,"Leaders, Network, VL",VL_networks,Leadership networks,4000555719,NA,"Kammeradvokaten, Managing Partner, Advokat (H)"
Ulrik Vestergaard Knudsen,VL gruppe 2 - Koebenhavn,Member,Men,"Leaders, Network, VL",VL_networks,Leadership networks,NA,NA,UdenrigsministerietDepartementschef
Anne Birgitte Lundholt,VL gruppe 2 - Koebenhavn,Member,Women,"Leaders, Network, VL",VL_networks,Leadership networks,4004070815,NA,"Naviair, FOF, BEF m.fl.Bestyrelsesformand"
Birgitte Possing,VL gruppe 2 - Koebenhavn,Member,Women,"Leaders, Network, VL",VL_networks,Leadership networks,NA,NA,"RigsarkivetMFProfessor, dr. phil., fhv. direk Partnertoer ,"
Malene Smidt Hertz,VL gruppe 2 - Koebenhavn,Member,Women,"Leaders, Network, VL",VL_networks,Leadership networks,NA,NA,"Ejer,Rundt omVinEjer"
Maria Fabricius Hansen,VL gruppe 2 - Koebenhavn,Member,Women,"Leaders, Network, VL",VL_networks,Leadership networks,4000347288,NA,"Lektor, Dr.Phil"
Mette Davidsen-Nielsen,VL gruppe 2 - Koebenhavn,Member,Women,"Leaders, Network, VL",VL_networks,Leadership networks,4000102616,NA,Dagbladet InformationDirektoer
Miriam Elisabeth Igelsoe Hvidt,VL gruppe 2 - Koebenhavn,Member,Women,"Leaders, Network, VL",VL_networks,Leadership networks,4000472059,NA,Tryg Direktoer
Tine Fischer,VL gruppe 2 - Koebenhavn,Member,Women,"Leaders, Network, VL",VL_networks,Leadership networks,NA,NA,CPH:DOXDirektoer
Birger Hauge,VL gruppe 20 - Koebenhavn,Member,Men,"Leaders, Network, VL",VL_networks,Leadership networks,NA,NA,Zibna Public Affairs Manager
Bo Bjerggaard,VL gruppe 20 - Koebenhavn,Member,Men,"Leaders, Network, VL",VL_networks,Leadership networks,NA,NA,Galleri Bo Bjerggard Galleriejer
Christian Lanng Nielsen,VL gruppe 20 - Koebenhavn,Member,Men,"Leaders, Network, VL",VL_networks,Leadership networks,4000743807,NA,Bladkompagniet Adm. Direktoer
Gorm Martin Larsen,VL gruppe 20 - Koebenhavn,Member,Men,"Leaders, Network, VL",VL_networks,Leadership networks,NA,NA,Maersk Supply Services CFO
Jesper Ulsoe,VL gruppe 20 - Koebenhavn,Member,Men,"Leaders, Network, VL",VL_networks,Leadership networks,NA,NA,Aller Media A/S Direktoer
John Robbert,VL gruppe 20 - Koebenhavn,Member,Men,"Leaders, Network, VL",VL_networks,Leadership networks,NA,NA,"Signium International, Denmark Partner"
Khurram Jamil,VL gruppe 20 - Koebenhavn,Member,Men,"Leaders, Network, VL",VL_networks,Leadership networks,NA,NA,"Area9 Labs Aps Partner, Director"
Kim Heshe,VL gruppe 20 - Koebenhavn,Member,Men,"Leaders, Network, VL",VL_networks,Leadership networks,NA,NA,d.a.i. arkitekter ingenioerer as Bestyrelsesformand
Klaus Gjede,VL gruppe 20 - Koebenhavn,Member,Men,"Leaders, Network, VL",VL_networks,Leadership networks,NA,NA,Klaus Gjede Direktoer
Martin Vilstrup,VL gruppe 20 - Koebenhavn,Member,Men,"Leaders, Network, VL",VL_networks,Leadership networks,NA,NA,Deloitte Director - Head of CF-SMV
Michael Bloend,VL gruppe 20 - Koebenhavn,Member,Men,"Leaders, Network, VL",VL_networks,Leadership networks,NA,NA,SSG A/S
Michael Buur Traerup,VL gruppe 20 - Koebenhavn,Member,Men,"Leaders, Network, VL",VL_networks,Leadership networks,NA,NA,MBT Consulting Direktoer
Michael Hofman Laursen,VL gruppe 20 - Koebenhavn,Member,Men,"Leaders, Network, VL",VL_networks,Leadership networks,NA,NA,Danotherm Electric A/S Adm. direktoer
Morten Elk,VL gruppe 20 - Koebenhavn,Member,Men,"Leaders, Network, VL",VL_networks,Leadership networks,NA,NA,SimpleSite Adm.Direktoer
Per Schnack,VL gruppe 20 - Koebenhavn,Member,Men,"Leaders, Network, VL",VL_networks,Leadership networks,4004102218,NA,Danmarks Skibskredit A/S Direktoer/CFO
Soeren Lindbo,VL gruppe 20 - Koebenhavn,Member,Men,"Leaders, Network, VL",VL_networks,Leadership networks,NA,NA,Aon Denmark A/S Adm. direktoer
Soeren Queitsch,VL gruppe 20 - Koebenhavn,NA,Men,"Leaders, Network, VL",VL_networks,Leadership networks,NA,NA,Peytz & Co Direktoer
Soeren Stroem,VL gruppe 20 - Koebenhavn,Member,Men,"Leaders, Network, VL",VL_networks,Leadership networks,4004022931,NA,DT Group A/S CFO
Stefan Andreasen,VL gruppe 20 - Koebenhavn,Member,Men,"Leaders, Network, VL",VL_networks,Leadership networks,NA,NA,Think Smart ApS CTO & Founder
Steffen Heegaard,VL gruppe 20 - Koebenhavn,Member,Men,"Leaders, Network, VL",VL_networks,Leadership networks,NA,NA,Topdanmark Forsikring Kommunikations- og IR-chef
Tom Bjerg Lauritzen,VL gruppe 20 - Koebenhavn,Member,Men,"Leaders, Network, VL",VL_networks,Leadership networks,4000655899,NA,Danfoss Semco A/S Fire Protection Vice President/General Manager
Ulrik Blichfeldt,VL gruppe 20 - Koebenhavn,Member,Men,"Leaders, Network, VL",VL_networks,Leadership networks,NA,NA,a2i systems A/S Adm. Direktoer
Ulrik Heilmann,VL gruppe 20 - Koebenhavn,Member,Men,"Leaders, Network, VL",VL_networks,Leadership networks,NA,NA,Bolius Boligejernes Videnscenter A/S Adm. direktoer
Kyösti Schmidt,VL gruppe 20 - Koebenhavn,Member,NA,"Leaders, Network, VL",VL_networks,Leadership networks,NA,NA,Schmidt Management ApS Direktoer
Birgit Winkel Gorrissen,VL gruppe 20 - Koebenhavn,Member,Women,"Leaders, Network, VL",VL_networks,Leadership networks,NA,NA,Birgit Winkel Gorrissen
Camilla Ramby,VL gruppe 20 - Koebenhavn,Member,Women,"Leaders, Network, VL",VL_networks,Leadership networks,NA,NA,TDC Head of MarCom
Jette Nejstgaard,VL gruppe 20 - Koebenhavn,Member,Women,"Leaders, Network, VL",VL_networks,Leadership networks,NA,NA,Lowe Adm. direktoer
Lisa Thorsted,VL gruppe 20 - Koebenhavn,Member,Women,"Leaders, Network, VL",VL_networks,Leadership networks,NA,NA,Lisa Thorsted
Lisbeth Dalgaard Svanholm,VL gruppe 20 - Koebenhavn,Member,Women,"Leaders, Network, VL",VL_networks,Leadership networks,4004089517,NA,Dalgaard Supermarked ApS Koebmand
Liselotte Lyngsoe,VL gruppe 20 - Koebenhavn,Member,Women,"Leaders, Network, VL",VL_networks,Leadership networks,NA,NA,"Future Navigator Futurist, Partner"
Marianne Wier,VL gruppe 20 - Koebenhavn,Member,Women,"Leaders, Network, VL",VL_networks,Leadership networks,4004012673,NA,Topdanmark Forsikring A/S Skadedirektoer
Rikke Hvilshoej,VL gruppe 20 - Koebenhavn,Member,Women,"Leaders, Network, VL",VL_networks,Leadership networks,4004007704,NA,Dansk IT
Sofie Carsten Nielsen,VL gruppe 20 - Koebenhavn,Member,Women,"Leaders, Network, VL",VL_networks,Leadership networks,NA,NA,Folketinget Folketingsmedlem for Radikale Venstre
Susanne Borenhoff,VL gruppe 20 - Koebenhavn,Member,Women,"Leaders, Network, VL",VL_networks,Leadership networks,4004098878,NA,Grundejernes Investeringsfond Vicedirektoer
Anders Hjulmand,VL gruppe 22 – Aalborg,Member,Men,"Leaders, Network, VL",VL_networks,Leadership networks,4003909233,NA,Advokatfirmaet Hjulmand & Kaptain Advokat
Anders Thorup 869,VL gruppe 22 – Aalborg,Member,Men,"Leaders, Network, VL",VL_networks,Leadership networks,NA,NA,HjulmandKaptain Direktoer
Andreas Rasmussen,VL gruppe 22 – Aalborg,Member,Men,"Leaders, Network, VL",VL_networks,Leadership networks,4000219081,NA,Noerresundby Bank A/S Bankdirektoer
Asger Enggaard,VL gruppe 22 – Aalborg,Member,Men,"Leaders, Network, VL",VL_networks,Leadership networks,4000040547,NA,A. Enggaard A/S Direktoer
Bent Joergensen 3036,VL gruppe 22 – Aalborg,Member,Men,"Leaders, Network, VL",VL_networks,Leadership networks,NA,NA,Boxen Invest A/S Direktoer
Bo Andersen 4188,VL gruppe 22 – Aalborg,Member,Men,"Leaders, Network, VL",VL_networks,Leadership networks,4000197939,NA,Tomex Danmark A/S OEkonomidirektoer
Christer Black,VL gruppe 22 – Aalborg,Member,Men,"Leaders, Network, VL",VL_networks,Leadership networks,NA,NA,AFOMA Ingenioer
Erik Poulsen,VL gruppe 22 – Aalborg,Member,Men,"Leaders, Network, VL",VL_networks,Leadership networks,NA,NA,Bestyrelse & Ledelse Direktoer
Erling Brandstrup,VL gruppe 22 – Aalborg,Member,Men,"Leaders, Network, VL",VL_networks,Leadership networks,NA,NA,Ankestyrelsen Aalborg Afdelingschef
Esben Kold,VL gruppe 22 – Aalborg,Member,Men,"Leaders, Network, VL",VL_networks,Leadership networks,NA,NA,Mekoprint A/S Direktoer
Flemming Bonde Jakobsen,VL gruppe 22 – Aalborg,Member,Men,"Leaders, Network, VL",VL_networks,Leadership networks,NA,NA,Dansk Sundhedssikring Partner - Direktoer
Flemming Qvist,VL gruppe 22 – Aalborg,Member,Men,"Leaders, Network, VL",VL_networks,Leadership networks,NA,NA,Qvist Executive Search ApS Direktoer
Frits Nygaard,VL gruppe 22 – Aalborg,Member,Men,"Leaders, Network, VL",VL_networks,Leadership networks,NA,NA,Nykredit A/S Centerdirektoer
Henrik Strange,VL gruppe 22 – Aalborg,Member,Men,"Leaders, Network, VL",VL_networks,Leadership networks,NA,NA,Gistrup Dyrehospital Dyrlaege
Jan Hammershoey,VL gruppe 22 – Aalborg,Member,Men,"Leaders, Network, VL",VL_networks,Leadership networks,NA,NA,Statsaut. ejendomsmaegler Jan Hammershoey Statsaut. ejendomsmaegler
Jan Kjaersgaard,VL gruppe 22 – Aalborg,Member,Men,"Leaders, Network, VL",VL_networks,Leadership networks,4000171861,NA,Bladt Industries A/S CEO
Jens Otto Stoerup,VL gruppe 22 – Aalborg,Member,Men,"Leaders, Network, VL",VL_networks,Leadership networks,4004162638,NA,Nordjyllands Trafikselskab Direktoer
Jens Piper,VL gruppe 22 – Aalborg,Member,Men,"Leaders, Network, VL",VL_networks,Leadership networks,NA,NA,Pipers Teglvaerker A/S Adm. direktoer
Jens Rostgaard Lauersen Hjorth,VL gruppe 22 – Aalborg,Member,Men,"Leaders, Network, VL",VL_networks,Leadership networks,NA,NA,Dansk Bilglas A/S Adm.Direktoer
Jens Torben Fristrup,VL gruppe 22 – Aalborg,Member,Men,"Leaders, Network, VL",VL_networks,Leadership networks,4003874839,NA,Cubic Modulsystem A/S Adm. direktoer
Joen Rosenmeier,VL gruppe 22 – Aalborg,Member,Men,"Leaders, Network, VL",VL_networks,Leadership networks,NA,NA,Tech Data Denmark Salgsdirektoer
Joergen Christian Skeel,VL gruppe 22 – Aalborg,Member,Men,"Leaders, Network, VL",VL_networks,Leadership networks,4000088871,NA,Birkelse Hovedgaard Godsejer
John Bo Nielsen,VL gruppe 22 – Aalborg,Member,Men,"Leaders, Network, VL",VL_networks,Leadership networks,NA,NA,Projekt Gruppen A/S Direktoer
John Pedersen 17149,VL gruppe 22 – Aalborg,Member,Men,"Leaders, Network, VL",VL_networks,Leadership networks,NA,NA,Rumas A/S Direktoer
Kai Max-Jakobsen,VL gruppe 22 – Aalborg,Member,Men,"Leaders, Network, VL",VL_networks,Leadership networks,4000315410,NA,Virksomhedsraadgivning Direktoer
Kent Hoeg Soerensen,VL gruppe 22 – Aalborg,Member,Men,"Leaders, Network, VL",VL_networks,Leadership networks,NA,NA,Kristensen Properties A/S Adm. direktoer
Lars OEstergaard 21864,VL gruppe 22 – Aalborg,Member,Men,"Leaders, Network, VL",VL_networks,Leadership networks,4004057818,NA,Roblon A/S CEO
Lars Raabjerg Didriksen,VL gruppe 22 – Aalborg,Member,Men,"Leaders, Network, VL",VL_networks,Leadership networks,NA,NA,HusCompagniet Midt - og Nordjylland A/S Afdelingschef
Lars Valentin,VL gruppe 22 – Aalborg,Member,Men,"Leaders, Network, VL",VL_networks,Leadership networks,NA,NA,Valentin Brands Direktoer
Leif Stiholt,VL gruppe 22 – Aalborg,Member,Men,"Leaders, Network, VL",VL_networks,Leadership networks,4000046078,NA,Stiholt Holding A/S Direktoer
Morten Nielsen 26756,VL gruppe 22 – Aalborg,Member,Men,"Leaders, Network, VL",VL_networks,Leadership networks,NA,NA,Morten kok holding Direktoer
Niels Joergen Kristensen,VL gruppe 22 – Aalborg,Member,Men,"Leaders, Network, VL",VL_networks,Leadership networks,4003988150,NA,Beierholm Stats. aut. revisor
Ole Moelgaard 28533,VL gruppe 22 – Aalborg,Member,Men,"Leaders, Network, VL",VL_networks,Leadership networks,NA,NA,Konsulentfirmaet Ole Moelgaard Direktoer
Palle Hurwitz,VL gruppe 22 – Aalborg,Member,Men,"Leaders, Network, VL",VL_networks,Leadership networks,NA,NA,"Friis & Moltke A/S Adm. direktoer, arkitekt m.a.a."
Per S. Andreasen,VL gruppe 22 – Aalborg,Member,Men,"Leaders, Network, VL",VL_networks,Leadership networks,NA,NA,Per Andreasen Adm. direktoer
Poul Due,VL gruppe 22 – Aalborg,Member,Men,"Leaders, Network, VL",VL_networks,Leadership networks,NA,NA,Holmgaard OEkonomidirektoer
Poul Erik Thinggaard,VL gruppe 22 – Aalborg,Member,Men,"Leaders, Network, VL",VL_networks,Leadership networks,NA,NA,Thinggaard Ekspres ApS Direktoer
Poul Soee Jeppesen,VL gruppe 22 – Aalborg,Member,Men,"Leaders, Network, VL",VL_networks,Leadership networks,4004108787,NA,Aalborg Handelsskole Direktoer
Robert Andersen 32253,VL gruppe 22 – Aalborg,Member,Men,"Leaders, Network, VL",VL_networks,Leadership networks,4000486101,NA,TK Development A/S Direktoer
Soeren Stenstrop,VL gruppe 22 – Aalborg,Member,Men,"Leaders, Network, VL",VL_networks,Leadership networks,NA,NA,DEAS A/S Regionsdirektoer
Steen Moeller 33865,VL gruppe 22 – Aalborg,Member,Men,"Leaders, Network, VL",VL_networks,Leadership networks,NA,NA,Malik Supply A/S Adm. direktoer
Thomas Drustrup,VL gruppe 22 – Aalborg,Member,Men,"Leaders, Network, VL",VL_networks,Leadership networks,NA,NA,Plastindustrien Adm. direktoer
Elsemette Cassoee,VL gruppe 22 – Aalborg,Member,Women,"Leaders, Network, VL",VL_networks,Leadership networks,NA,NA,Nordjyllands Politi Politidirektoer
Gitte OErskou,VL gruppe 22 – Aalborg,Member,Women,"Leaders, Network, VL",VL_networks,Leadership networks,4004181458,NA,Kunsten Museumsdirektoer
Kirsten Ravn Bundgaard,VL gruppe 22 – Aalborg,Member,Women,"Leaders, Network, VL",VL_networks,Leadership networks,NA,NA,UCN Prorektor
Mette Davidsen-Nielsen,VL gruppe 22 – Aalborg,Member,Women,"Leaders, Network, VL",VL_networks,Leadership networks,4000102616,NA,Ernst & Young P/S Interessent
Mille Toft Schou,VL gruppe 22 – Aalborg,Member,Women,"Leaders, Network, VL",VL_networks,Leadership networks,NA,NA,Steen & Stroem Danmark A/S Centerchef
Andreas Lundby,VL gruppe 23 - Koebenhavn,Member,Men,"Leaders, Network, VL",VL_networks,Leadership networks,4004028206,NA,4-Tune Invest ApS Direktoer/Bestyrelsesmedlem
Carl Erik Kjaersgaard,VL gruppe 23 - Koebenhavn,Member,Men,"Leaders, Network, VL",VL_networks,Leadership networks,4004024078,NA,Blackwood Seven A/S Partner
Christian Madsen Motzfeldt,VL gruppe 23 - Koebenhavn,Member,Men,"Leaders, Network, VL",VL_networks,Leadership networks,4004039265,NA,VaekstFonden Direktoer
Claus Juel-Jensen,VL gruppe 23 - Koebenhavn,Member,Men,"Leaders, Network, VL",VL_networks,Leadership networks,4000630737,NA,Netto Adm. direktoer
David Holm,VL gruppe 23 - Koebenhavn,Member,Men,"Leaders, Network, VL",VL_networks,Leadership networks,NA,NA,Engerupgaard A/S Statsaut. revisor
Denis Jean Joergen Viet-Jacobsen,VL gruppe 23 - Koebenhavn,Member,Men,"Leaders, Network, VL",VL_networks,Leadership networks,4004041890,NA,Solix ApS Adm. direktoer
Flemming Jacobs,VL gruppe 23 - Koebenhavn,Member,Men,"Leaders, Network, VL",VL_networks,Leadership networks,NA,NA,Vestergaard Frandsen Holding SA Formand for bestyrelsen
Georg Lett,VL gruppe 23 - Koebenhavn,Member,Men,"Leaders, Network, VL",VL_networks,Leadership networks,4000268971,NA,"Lett Advokatpartnerselskab Advokat, partner"
Ib Henrik Roenje,VL gruppe 23 - Koebenhavn,Member,Men,"Leaders, Network, VL",VL_networks,Leadership networks,NA,NA,Brdr. Roenje Holding A/S Adm. direktoer
Ivan Nadelmann,VL gruppe 23 - Koebenhavn,Member,Men,"Leaders, Network, VL",VL_networks,Leadership networks,NA,NA,Biludan Gruppen Adm. direktoer
Jens Borelli-Kjaer,VL gruppe 23 - Koebenhavn,Member,Men,"Leaders, Network, VL",VL_networks,Leadership networks,4004053954,NA,"Vitral A/S Bestyrelsesformand, ejer"
Jimmy Fussing Nielsen,VL gruppe 23 - Koebenhavn,Member,Men,"Leaders, Network, VL",VL_networks,Leadership networks,NA,NA,Sunstone Capital A/S Managing Partner
Joergen Huno Rasmussen,VL gruppe 23 - Koebenhavn,Member,Men,"Leaders, Network, VL",VL_networks,Leadership networks,4003938319,NA,Lundbeckfonden og Tryghedsgruppen Bestyrelsesformand
Jukka Pekka Pertola,VL gruppe 23 - Koebenhavn,Member,Men,"Leaders, Network, VL",VL_networks,Leadership networks,4004052425,NA,Siemens A/S Adm. direktoer
Leif Christian Rasmussen,VL gruppe 23 - Koebenhavn,Member,Men,"Leaders, Network, VL",VL_networks,Leadership networks,4000440042,NA,SAS Cargo Group A/S Adm. direktoer - Group CEO
Martin Nordestgaard Knudsen,VL gruppe 23 - Koebenhavn,Member,Men,"Leaders, Network, VL",VL_networks,Leadership networks,NA,NA,Egon Zehnder Partner
Michel Deleuran,VL gruppe 23 - Koebenhavn,Member,Men,"Leaders, Network, VL",VL_networks,Leadership networks,NA,NA,Milaha (Qatar Navigation QSC) Executive Vice President
Mogens Munkholm Elsberg,VL gruppe 23 - Koebenhavn,Member,Men,"Leaders, Network, VL",VL_networks,Leadership networks,4000034553,NA,Bluegarden A/S
Oliver Johansen,VL gruppe 23 - Koebenhavn,Member,Men,"Leaders, Network, VL",VL_networks,Leadership networks,4004152523,NA,Coloplast
Peter Engberg Jensen,VL gruppe 23 - Koebenhavn,Member,Men,"Leaders, Network, VL",VL_networks,Leadership networks,4000769847,NA,Peter Engberg Jensen Direktoer
Peter Kreiner,VL gruppe 23 - Koebenhavn,Member,Men,"Leaders, Network, VL",VL_networks,Leadership networks,4004101526,NA,Noma Managing Director
Teddy Kaer Jacobsen,VL gruppe 23 - Koebenhavn,Member,Men,"Leaders, Network, VL",VL_networks,Leadership networks,4000100238,NA,TJ Management/Proevestenen/ Adm. direktoer
Thomas Dinesen,VL gruppe 23 - Koebenhavn,Member,Men,"Leaders, Network, VL",VL_networks,Leadership networks,NA,NA,Dinesen Floors A/S Direktoer
Tim OErting Joergensen,VL gruppe 23 - Koebenhavn,Member,Men,"Leaders, Network, VL",VL_networks,Leadership networks,NA,NA,Arla Foods A/S Koncerndirektoer
Tommy Ahlers,VL gruppe 23 - Koebenhavn,Member,Men,"Leaders, Network, VL",VL_networks,Leadership networks,NA,NA,Podio Stifter
Torben Hjortsoe,VL gruppe 23 - Koebenhavn,Member,Men,"Leaders, Network, VL",VL_networks,Leadership networks,NA,NA,"PLH Arkitekter A/S Direktoer, partner"
Troels Peter Troelsen,VL gruppe 23 - Koebenhavn,Member,Men,"Leaders, Network, VL",VL_networks,Leadership networks,NA,NA,CBS associate professor
Ane Storm Ry,VL gruppe 23 - Koebenhavn,Member,Women,"Leaders, Network, VL",VL_networks,Leadership networks,NA,NA,Storm Management A/S Adm. direktoer
Annette Kreiner,VL gruppe 23 - Koebenhavn,Member,Women,"Leaders, Network, VL",VL_networks,Leadership networks,NA,NA,NA
Anya Eskildsen,VL gruppe 23 - Koebenhavn,Member,Women,"Leaders, Network, VL",VL_networks,Leadership networks,4004185698,NA,Niels Brock Adm. direktoer
Kirsten Aaskov Mikkelsen,VL gruppe 23 - Koebenhavn,Member,Women,"Leaders, Network, VL",VL_networks,Leadership networks,NA,NA,"Deloitte Partner, statsautoriseret revisor"
Anders Agger,VL gruppe 26 - Koebenhavn,Member,Men,"Leaders, Network, VL",VL_networks,Leadership networks,NA,NA,Ballerup Kommune
Bjarne Nielsen 4010,VL gruppe 26 - Koebenhavn,Member,Men,"Leaders, Network, VL",VL_networks,Leadership networks,NA,NA,nielsencompany Direktoer
Carsten Lausen Hoeck,VL gruppe 26 - Koebenhavn,Member,Men,"Leaders, Network, VL",VL_networks,Leadership networks,4004173114,NA,Norisol A/S Adm. direktoer
Carsten Stampe Christoffersen,VL gruppe 26 - Koebenhavn,Member,Men,"Leaders, Network, VL",VL_networks,Leadership networks,NA,NA,Novo Nordisk A/S Liability Risk Manager
Carsten Toft Boesen 5248,VL gruppe 26 - Koebenhavn,Member,Men,"Leaders, Network, VL",VL_networks,Leadership networks,4004003585,NA,Niras A/S Adm. direktoer
Claus Christensen 6283,VL gruppe 26 - Koebenhavn,Member,Men,"Leaders, Network, VL",VL_networks,Leadership networks,NA,NA,Nemco A/S OEkonomidirektoer
Daniel Nathan,VL gruppe 26 - Koebenhavn,Member,Men,"Leaders, Network, VL",VL_networks,Leadership networks,NA,NA,DONG Energy Wind Power Head of Strategy
Frank OEstergaard,VL gruppe 26 - Koebenhavn,Member,Men,"Leaders, Network, VL",VL_networks,Leadership networks,NA,NA,IBM Director
Frans Boch,VL gruppe 26 - Koebenhavn,Member,Men,"Leaders, Network, VL",VL_networks,Leadership networks,NA,NA,Edsviken Direktoer
Gregers Wedell-Wedellsborg,VL gruppe 26 - Koebenhavn,Member,Men,"Leaders, Network, VL",VL_networks,Leadership networks,4004085439,NA,Coop Danmark A/S Koncerndirektoer
Hans Arnum,VL gruppe 26 - Koebenhavn,Member,Men,"Leaders, Network, VL",VL_networks,Leadership networks,4000562987,NA,Nordea Bank Danmark A/S Bankdirektoer
Henning Viby,VL gruppe 26 - Koebenhavn,Member,Men,"Leaders, Network, VL",VL_networks,Leadership networks,NA,NA,Invidan ApS / Kongbyg A/S Direktoer
Henrik Tyge Krabbe,VL gruppe 26 - Koebenhavn,Member,Men,"Leaders, Network, VL",VL_networks,Leadership networks,4000588257,NA,Broedrene A & O Johansen A/S CFO/Finansdirektoer
Ivan Madsen 13758,VL gruppe 26 - Koebenhavn,Member,Men,"Leaders, Network, VL",VL_networks,Leadership networks,4000149958,NA,Accura Advokatpartnerselskab Partner & Direktoer
Jan Damsgaard,VL gruppe 26 - Koebenhavn,Member,Men,"Leaders, Network, VL",VL_networks,Leadership networks,NA,NA,CBS Professor & Head of Dept.
Jan Johan Kühl,VL gruppe 26 - Koebenhavn,Member,Men,"Leaders, Network, VL",VL_networks,Leadership networks,4000243163,NA,Polaris Management A/S Managing Partner
Jarl Frijs-Madsen,VL gruppe 26 - Koebenhavn,Member,Men,"Leaders, Network, VL",VL_networks,Leadership networks,NA,NA,Copenhagen Institute for Future Studies Associated Partner og Futurist
Jens Harpoeth Zilstorff,VL gruppe 26 - Koebenhavn,Member,Men,"Leaders, Network, VL",VL_networks,Leadership networks,4000326512,NA,Plesner Advokat
Jens Nyhus 15614,VL gruppe 26 - Koebenhavn,Member,Men,"Leaders, Network, VL",VL_networks,Leadership networks,4000766568,NA,Carlsberg Byen P/S Adm. direktoer
Jonas Hemmingsen,VL gruppe 26 - Koebenhavn,Member,Men,"Leaders, Network, VL",VL_networks,Leadership networks,NA,NA,Mediacom Nordic Group A/S Adm. direktoer
Kenneth Pedersen 19457,VL gruppe 26 - Koebenhavn,Member,Men,"Leaders, Network, VL",VL_networks,Leadership networks,NA,NA,SuperBrugsen CEO
Klaus Hoeeg-Hagensen,VL gruppe 26 - Koebenhavn,Member,Men,"Leaders, Network, VL",VL_networks,Leadership networks,4004076828,NA,Egmont Publishing Magasiner A/S CEO
Klavs Henrik Lawes,VL gruppe 26 - Koebenhavn,Member,Men,"Leaders, Network, VL",VL_networks,Leadership networks,NA,NA,Den Kongelige Livgarde Chef
Michael Klitvad,VL gruppe 26 - Koebenhavn,Member,Men,"Leaders, Network, VL",VL_networks,Leadership networks,NA,NA,HDI-Gerling Forsikring Adm. direktoer
Michael Trangbaek,VL gruppe 26 - Koebenhavn,Member,Men,"Leaders, Network, VL",VL_networks,Leadership networks,NA,NA,TV2 Danmark Senior Studievaert
Morten Dahl 26589,VL gruppe 26 - Koebenhavn,Member,Men,"Leaders, Network, VL",VL_networks,Leadership networks,NA,NA,Klampenborg Gruppen Teltholder/Direktoer
Morten Pedersen 26777,VL gruppe 26 - Koebenhavn,Member,Men,"Leaders, Network, VL",VL_networks,Leadership networks,NA,NA,MP Holding Koebmand
Nicholai Lüche Tandrup,VL gruppe 26 - Koebenhavn,Member,Men,"Leaders, Network, VL",VL_networks,Leadership networks,NA,NA,A.T. Kearney A/S Principal
Per Christensen 29394,VL gruppe 26 - Koebenhavn,Member,Men,"Leaders, Network, VL",VL_networks,Leadership networks,4004065264,NA,Axcel Partner
Sigurd Leth,VL gruppe 26 - Koebenhavn,Member,Men,"Leaders, Network, VL",VL_networks,Leadership networks,NA,NA,EFG Bondo General Manager
Soeren Jakobsen 33240,VL gruppe 26 - Koebenhavn,Member,Men,"Leaders, Network, VL",VL_networks,Leadership networks,NA,NA,Soeren Jakobsen Adm. direktoer
Steen S. Karstensen,VL gruppe 26 - Koebenhavn,Member,Men,"Leaders, Network, VL",VL_networks,Leadership networks,NA,NA,A.P. Moeller - Maersk Senior Vice President / Chief Procurement Officer
Svend Olling,VL gruppe 26 - Koebenhavn,Member,Men,"Leaders, Network, VL",VL_networks,Leadership networks,NA,NA,Udenrigsministeriet Ambassadoer
Torben Schwabe,VL gruppe 26 - Koebenhavn,Member,Men,"Leaders, Network, VL",VL_networks,Leadership networks,4000372214,NA,Lyngby Storcenter Director
Troels K. Gjerrild,VL gruppe 26 - Koebenhavn,Member,Men,"Leaders, Network, VL",VL_networks,Leadership networks,NA,NA,Odgers Berndtson Adm. direktoer
Anne Hertz Rose,VL gruppe 26 - Koebenhavn,Member,Women,"Leaders, Network, VL",VL_networks,Leadership networks,NA,NA,Region Hovedstadens Psykiatri Vicedirektoer
Annette Lotz,VL gruppe 26 - Koebenhavn,Member,Women,"Leaders, Network, VL",VL_networks,Leadership networks,NA,NA,Skandinavisk Data Center Omraadedirektoer BI & Decision Support
Charlotte Enkeboelle Nielsen,VL gruppe 26 - Koebenhavn,Member,Women,"Leaders, Network, VL",VL_networks,Leadership networks,NA,NA,Charlotte Enkeboelle Nielsen Forretningskonsulent
Lone Hertz 23345,VL gruppe 26 - Koebenhavn,Member,Women,"Leaders, Network, VL",VL_networks,Leadership networks,NA,NA,Hertz & Co. Forsikringsraadgivere I/S Direktoer
Mai-Britt Poulsen,VL gruppe 26 - Koebenhavn,Member,Women,"Leaders, Network, VL",VL_networks,Leadership networks,NA,NA,BCG The Boston Consulting Group
Marlene H Sylvester Hvid,VL gruppe 26 - Koebenhavn,Member,Women,"Leaders, Network, VL",VL_networks,Leadership networks,NA,NA,Danske Konferencecentre Direktoer
Regitze Reeh,VL gruppe 26 - Koebenhavn,Member,Women,"Leaders, Network, VL",VL_networks,Leadership networks,4000316944,NA,Lundbeckfonden Kommunikationschef
Rikke Aaroee Carlsen,VL gruppe 26 - Koebenhavn,Member,Women,"Leaders, Network, VL",VL_networks,Leadership networks,NA,NA,Ready? IVS Ejerleder & Risikokonsulent
Susanne Kure,VL gruppe 26 - Koebenhavn,Member,Women,"Leaders, Network, VL",VL_networks,Leadership networks,4004020842,NA,Susanne Kure
Andreas Haahr,VL gruppe 29 - Esbjerg,Member,Men,"Leaders, Network, VL",VL_networks,Leadership networks,NA,NA,Mogensen A/S Direktoer
Bjarne Lynddahl,VL gruppe 29 - Esbjerg,Member,Men,"Leaders, Network, VL",VL_networks,Leadership networks,NA,NA,Lynddahl Plast A/S Direktoer
Erik Brinch-Nielsen,VL gruppe 29 - Esbjerg,Member,Men,"Leaders, Network, VL",VL_networks,Leadership networks,NA,NA,JobTeam A/S Adm. direktoer
Erik Gaj Nielsen,VL gruppe 29 - Esbjerg,Member,Men,"Leaders, Network, VL",VL_networks,Leadership networks,4000267445,NA,TRESU A/S CFO
Erling Soerensen 8364,VL gruppe 29 - Esbjerg,Member,Men,"Leaders, Network, VL",VL_networks,Leadership networks,NA,NA,Westdiesel Engineering A/S Adm. direktoer
Finn Normann Jensen,VL gruppe 29 - Esbjerg,Member,Men,"Leaders, Network, VL",VL_networks,Leadership networks,4004022261,NA,Andritz feed & biofuel A/S Direktoer
Flemming Just,VL gruppe 29 - Esbjerg,Member,Men,"Leaders, Network, VL",VL_networks,Leadership networks,4000386621,NA,Sydvestjyske Museer Direktoer
Flemming Moeller Rasmussen,VL gruppe 29 - Esbjerg,Member,Men,"Leaders, Network, VL",VL_networks,Leadership networks,4004020406,NA,Kvickly Ribe Varehusdirektoer
Flemming Stubkjaer Jensen,VL gruppe 29 - Esbjerg,Member,Men,"Leaders, Network, VL",VL_networks,Leadership networks,NA,NA,Statsaut. revisor Flemming Stubkjaer Jensen Statsaut. revisor
Hans Ivar Mortensen,VL gruppe 29 - Esbjerg,Member,Men,"Leaders, Network, VL",VL_networks,Leadership networks,NA,NA,LEO Pharma A/S Site Manager
Henning G. Kruse,VL gruppe 29 - Esbjerg,Member,Men,"Leaders, Network, VL",VL_networks,Leadership networks,NA,NA,Henning G. Kruse Holding Direktoer
Henrik Styrup,VL gruppe 29 - Esbjerg,Member,Men,"Leaders, Network, VL",VL_networks,Leadership networks,4000081865,NA,Styrup Holding ApS Projektudviklingsdirektoer
Jens Hoejsager Damgaard,VL gruppe 29 - Esbjerg,Member,Men,"Leaders, Network, VL",VL_networks,Leadership networks,4003976558,NA,Vestfrost Solutions Adm. direktoer
Jens Munch,VL gruppe 29 - Esbjerg,Member,Men,"Leaders, Network, VL",VL_networks,Leadership networks,NA,NA,Kirk Larsen & Ascanius Advokat & Partner
Jens Peter Lindholm,VL gruppe 29 - Esbjerg,Member,Men,"Leaders, Network, VL",VL_networks,Leadership networks,4000038584,NA,PowerMax A/S Direktoer
Jesper Frost Rasmussen,VL gruppe 29 - Esbjerg,NA,Men,"Leaders, Network, VL",VL_networks,Leadership networks,4000408105,NA,Esbjerg Forsyning A/S Adm. direktoer
Joergen Jensen 17640,VL gruppe 29 - Esbjerg,Member,Men,"Leaders, Network, VL",VL_networks,Leadership networks,NA,NA,Advokatfirmaet Dahl Advokat/Partner
Joergen R. Soerensen,VL gruppe 29 - Esbjerg,Member,Men,"Leaders, Network, VL",VL_networks,Leadership networks,NA,NA,IAT A/S Direktoer
John Lesbo,VL gruppe 29 - Esbjerg,Member,Men,"Leaders, Network, VL",VL_networks,Leadership networks,4000153026,NA,EY Statsaut. revisor
John Veje Olesen,VL gruppe 29 - Esbjerg,Member,Men,"Leaders, Network, VL",VL_networks,Leadership networks,4004096410,NA,Babcock & Wilcox Voelund A/S Adm. direktoer
Kim Mortensen 19736,VL gruppe 29 - Esbjerg,Member,Men,"Leaders, Network, VL",VL_networks,Leadership networks,NA,NA,Danske Fjernvarme Direktoer
Kjeld Amann,VL gruppe 29 - Esbjerg,Member,Men,"Leaders, Network, VL",VL_networks,Leadership networks,NA,NA,Viking-Life-Saving Eqp. A/S Bestyrelsesmedlem
Kjeld Clausen,VL gruppe 29 - Esbjerg,Member,Men,"Leaders, Network, VL",VL_networks,Leadership networks,NA,NA,Esbjerg Farve- & Lakfabrik/Esbjerg Paints Adm. direktoer
Leif Thomsen 40844,VL gruppe 29 - Esbjerg,Member,Men,"Leaders, Network, VL",VL_networks,Leadership networks,NA,NA,EfB Formand
Michael Boel Olesen,VL gruppe 29 - Esbjerg,Member,Men,"Leaders, Network, VL",VL_networks,Leadership networks,NA,NA,Ribe Jernindustri A/S Adm. direktoer
Morten Funder,VL gruppe 29 - Esbjerg,Member,Men,"Leaders, Network, VL",VL_networks,Leadership networks,NA,NA,East Metal CFO
Morten Hahn-Petersen,VL gruppe 29 - Esbjerg,Member,Men,"Leaders, Network, VL",VL_networks,Leadership networks,NA,NA,Morten Hahn-Petersen Museumsdirektoer
Niels Erik Hedeager,VL gruppe 29 - Esbjerg,Member,Men,"Leaders, Network, VL",VL_networks,Leadership networks,4003977535,NA,Macartney A/S Adm. direktoer
Nils Christian Jensen,VL gruppe 29 - Esbjerg,Member,Men,"Leaders, Network, VL",VL_networks,Leadership networks,NA,NA,Polar Omega A/S CEO
Ole Ingrisch,VL gruppe 29 - Esbjerg,Member,Men,"Leaders, Network, VL",VL_networks,Leadership networks,NA,NA,Esbjerg Havn Direktoer
Ole Joergensen 28426,VL gruppe 29 - Esbjerg,Member,Men,"Leaders, Network, VL",VL_networks,Leadership networks,NA,NA,Invactor Production ApS Adm. direktoer
Otto Jespersen,VL gruppe 29 - Esbjerg,Member,Men,"Leaders, Network, VL",VL_networks,Leadership networks,NA,NA,Esbjerg Kommune Adm. direktoer
Palle Rosendahl,VL gruppe 29 - Esbjerg,Member,Men,"Leaders, Network, VL",VL_networks,Leadership networks,NA,NA,Rosendahls A/S print design media Adm. direktoer
Peder B. Pedersen,VL gruppe 29 - Esbjerg,Member,Men,"Leaders, Network, VL",VL_networks,Leadership networks,NA,NA,Bilhuset Esbjerg A/S Bestyrelsesmedlem
Peter Johannes Orry Jensen,VL gruppe 29 - Esbjerg,Member,Men,"Leaders, Network, VL",VL_networks,Leadership networks,4003877682,NA,Jydske Vestkysten Chefredaktoer og adm. direktoer
Tonny Frilund Carstensen,VL gruppe 29 - Esbjerg,Member,Men,"Leaders, Network, VL",VL_networks,Leadership networks,4004000903,NA,Tonny F. Carstensen Bestyrelsesmedlem
Torben Holm Larsen,VL gruppe 29 - Esbjerg,Member,Men,"Leaders, Network, VL",VL_networks,Leadership networks,NA,NA,Bestnet A/S Direktoer
Torben Jensen 36261,VL gruppe 29 - Esbjerg,Member,Men,"Leaders, Network, VL",VL_networks,Leadership networks,NA,NA,Jydsk Landbrugsraadgivning Adm. direktoer
Torben Seldrup,VL gruppe 29 - Esbjerg,Member,Men,"Leaders, Network, VL",VL_networks,Leadership networks,4004061093,NA,Musikhuset Direktoer
Ulrik Gammelgaard,VL gruppe 29 - Esbjerg,Member,Men,"Leaders, Network, VL",VL_networks,Leadership networks,NA,NA,Gammelgaard Holding Adm. direktoer
Bente Graae,VL gruppe 29 - Esbjerg,Member,Women,"Leaders, Network, VL",VL_networks,Leadership networks,NA,NA,Froes Herreds Sparekasse Privatkundedirektoer
Ulla Adolf,VL gruppe 29 - Esbjerg,Member,Women,"Leaders, Network, VL",VL_networks,Leadership networks,NA,NA,WorkLife A/S Direktoer
Anders Lavesen,VL gruppe 3 - Koebenhavn,Member,Men,"Leaders, Network, VL",VL_networks,Leadership networks,4000328402,NA,Kromann Reumert Advokat
Bjarke Ingels,VL gruppe 3 - Koebenhavn,Member,Men,"Leaders, Network, VL",VL_networks,Leadership networks,4000020609,NA,BIG - Bjarke Ingels Group Founding Partner
Bjarne Corydon 3895,VL gruppe 3 - Koebenhavn,Member,Men,"Leaders, Network, VL",VL_networks,Leadership networks,NA,NA,Director - The McKinsey Center of Government
Carsten Stendevad,VL gruppe 3 - Koebenhavn,Member,Men,"Leaders, Network, VL",VL_networks,Leadership networks,NA,NA,Statsministeriet Departementschef
Christian Clausen,VL gruppe 3 - Koebenhavn,Member,Men,"Leaders, Network, VL",VL_networks,Leadership networks,NA,NA,Nordea Bank AB President and Group CEO
Christian Hyldahl,VL gruppe 3 - Koebenhavn,NA,Men,"Leaders, Network, VL",VL_networks,Leadership networks,NA,NA,NA
Christian Kettel Thomsen,VL gruppe 3 - Koebenhavn,Member,Men,"Leaders, Network, VL",VL_networks,Leadership networks,NA,NA,Statsministeriet Departementschef
Christian Peter Dyvig,VL gruppe 3 - Koebenhavn,Member,Men,"Leaders, Network, VL",VL_networks,Leadership networks,4003845316,NA,C.P. Dyvig & Co CEO
Erik Holst Joergensen,VL gruppe 3 - Koebenhavn,Member,Men,"Leaders, Network, VL",VL_networks,Leadership networks,4003929582,NA,"Deloitte Bestyrelsesformand, Statsaut. revisor"
Finn Hansen 8763,VL gruppe 3 - Koebenhavn,Member,Men,"Leaders, Network, VL",VL_networks,Leadership networks,NA,NA,"Vaernsfaelles Forsvarkommando, generalinspektoer og Chef for personelstaben"
Frands Axel Michael Brockenhuus-Schack,VL gruppe 3 - Koebenhavn,Member,Men,"Leaders, Network, VL",VL_networks,Leadership networks,4000210520,NA,Giesegaard Cand.Agro.
Frank Gülnar Jensen,VL gruppe 3 - Koebenhavn,Member,Men,"Leaders, Network, VL",VL_networks,Leadership networks,4004004885,NA,Clipper Group A/S Partner - Chairman & CEO
Frank Vang-Jensen,VL gruppe 3 - Koebenhavn,NA,Men,"Leaders, Network, VL",VL_networks,Leadership networks,4004078231,NA,NA
Henrik Werdelin,VL gruppe 3 - Koebenhavn,NA,Men,"Leaders, Network, VL",VL_networks,Leadership networks,NA,NA,"Founding Partner, Prehype"
Jacob Erik Holm,VL gruppe 3 - Koebenhavn,Member,Men,"Leaders, Network, VL",VL_networks,Leadership networks,4000474343,NA,Fritz Hansen A/S Adm. direktoer
Jais Stampe Li Valeur,VL gruppe 3 - Koebenhavn,NA,Men,"Leaders, Network, VL",VL_networks,Leadership networks,4000322216,NA,NA
Joergen Buhl Rasmussen,VL gruppe 3 - Koebenhavn,Member,Men,"Leaders, Network, VL",VL_networks,Leadership networks,4003884167,NA,Joergen Buhl Rasmussen
Karsten Dybvad Dalsjoe,VL gruppe 3 - Koebenhavn,Member,Men,"Leaders, Network, VL",VL_networks,Leadership networks,4004003233,NA,/ DI Adm. direktoer
Karsten Orth,VL gruppe 3 - Koebenhavn,NA,Men,"Leaders, Network, VL",VL_networks,Leadership networks,NA,NA,Ny Carlsbergfondet
Lars Rasmussen 198308,VL gruppe 3 - Koebenhavn,NA,Men,"Leaders, Network, VL",VL_networks,Leadership networks,NA,NA,"CEO, Coloplast"
Nick Jensen,VL gruppe 3 - Koebenhavn,Member,Men,"Leaders, Network, VL",VL_networks,Leadership networks,NA,NA,Towerlook Managing Partner & CEO
Nils Smedegaard Andersen,VL gruppe 3 - Koebenhavn,Member,Men,"Leaders, Network, VL",VL_networks,Leadership networks,4000610094,NA,A.P. Moeller - Maersk A/S Group CEO
Ove Ullerup-Petersen,VL gruppe 3 - Koebenhavn,Member,Men,"Leaders, Network, VL",VL_networks,Leadership networks,4004098217,NA,Amb. i Stockholm Ambassadoer
Peder Tuborgh,VL gruppe 3 - Koebenhavn,Member,Men,"Leaders, Network, VL",VL_networks,Leadership networks,4004027645,NA,Arla Foods amba Adm. direktoer
Per Bank,VL gruppe 3 - Koebenhavn,NA,Men,"Leaders, Network, VL",VL_networks,Leadership networks,4004087758,NA,NA
Per Holten Andersen,VL gruppe 3 - Koebenhavn,Member,Men,"Leaders, Network, VL",VL_networks,Leadership networks,4000239188,NA,Copenhagen Business School ReKtor
Peter Lybecker,VL gruppe 3 - Koebenhavn,Member,Men,"Leaders, Network, VL",VL_networks,Leadership networks,4003917331,NA,Nordea Bank Danmark A/S Bankdirektoer
Soeren Bjerre-Nielsen,VL gruppe 3 - Koebenhavn,Member,Men,"Leaders, Network, VL",VL_networks,Leadership networks,4000711569,NA,Soeren Bjerre-Nielsen Direktoer
Steen Riisgaard 33898,VL gruppe 3 - Koebenhavn,Member,Men,"Leaders, Network, VL",VL_networks,Leadership networks,4000231028,NA,Steen Riisgaard Direktoer
Thomas Thune Andersen,VL gruppe 3 - Koebenhavn,Member,Men,"Leaders, Network, VL",VL_networks,Leadership networks,4000519185,NA,Dong Energy Bestyrelsesformand
Anne Kathrine Steenbjerge 1539,VL gruppe 3 - Koebenhavn,NA,Women,"Leaders, Network, VL",VL_networks,Leadership networks,4000502428,NA,NA
Annette Sadolin,VL gruppe 3 - Koebenhavn,Member,Women,"Leaders, Network, VL",VL_networks,Leadership networks,4004003488,NA,Annette Sadolin Direktoer
Astrid Simonsen Joos,VL gruppe 3 - Koebenhavn,NA,Women,"Leaders, Network, VL",VL_networks,Leadership networks,4004062130,NA,NA
Gitte Pugholm Aabo,VL gruppe 3 - Koebenhavn,Member,Women,"Leaders, Network, VL",VL_networks,Leadership networks,4004063344,NA,LEO Pharma President og CEO
Henriette Fenger Ellekrog,VL gruppe 3 - Koebenhavn,Member,Women,"Leaders, Network, VL",VL_networks,Leadership networks,4003991027,NA,Danske Bank Direktoer
Karen Nielsen 18668,VL gruppe 3 - Koebenhavn,NA,Women,"Leaders, Network, VL",VL_networks,Leadership networks,NA,NA,NA
Lene Skole-Soerensen,VL gruppe 3 - Koebenhavn,Member,Women,"Leaders, Network, VL",VL_networks,Leadership networks,4000720210,NA,Lundbeckfonden CEO
Lykke Friis,VL gruppe 3 - Koebenhavn,NA,Women,"Leaders, Network, VL",VL_networks,Leadership networks,4000450049,NA,NA
Maria Roerbye Roenn,VL gruppe 3 - Koebenhavn,Member,Women,"Leaders, Network, VL",VL_networks,Leadership networks,NA,NA,DR Generaldirektoer
Marianne Wiinholt,VL gruppe 3 - Koebenhavn,NA,Women,"Leaders, Network, VL",VL_networks,Leadership networks,4000299854,NA,NA
Bjoern Wahlsten,VL gruppe 32 - Koebenhavn,Member,Men,"Leaders, Network, VL",VL_networks,Leadership networks,NA,NA,Rejsekort A/S Adm. direktoer
Casper Wakefield,VL gruppe 32 - Koebenhavn,Member,Men,"Leaders, Network, VL",VL_networks,Leadership networks,NA,NA,Willis I/S Chief Operating Officer
Christian Bülow Beck,VL gruppe 32 - Koebenhavn,Member,Men,"Leaders, Network, VL",VL_networks,Leadership networks,NA,NA,Dansk Magisterforening/A-kasse Markedsfoeringschef
Erik B. Lyngsoe,VL gruppe 32 - Koebenhavn,NA,Men,"Leaders, Network, VL",VL_networks,Leadership networks,NA,NA,Ejendommene Matr.nr.10A + 10EF Direktoer
Erik Holst,VL gruppe 32 - Koebenhavn,Member,Men,"Leaders, Network, VL",VL_networks,Leadership networks,NA,NA,EH Management
Ivar Sperling,VL gruppe 32 - Koebenhavn,Member,Men,"Leaders, Network, VL",VL_networks,Leadership networks,NA,NA,DARAG Country Manager
Jack Austern,VL gruppe 32 - Koebenhavn,Member,Men,"Leaders, Network, VL",VL_networks,Leadership networks,NA,NA,Teknopol / Burenstam Manager
Jacob Broennum,VL gruppe 32 - Koebenhavn,Member,Men,"Leaders, Network, VL",VL_networks,Leadership networks,4004010810,NA,Forsyning Helsingoer Adm. direktoer
Jan R. Christoffersen,VL gruppe 32 - Koebenhavn,Member,Men,"Leaders, Network, VL",VL_networks,Leadership networks,NA,NA,TopSolutions ApS Adm. direktoer
Jesper Bach,VL gruppe 32 - Koebenhavn,Member,Men,"Leaders, Network, VL",VL_networks,Leadership networks,4003886511,NA,Alfa Laval General Manager BCM & MD Alfa Laval Nakskov A/S
Jesper Jungersen,VL gruppe 32 - Koebenhavn,Member,Men,"Leaders, Network, VL",VL_networks,Leadership networks,NA,NA,Aller Tryk A/S Adm. direktoer
Jim Nielsen 16617,VL gruppe 32 - Koebenhavn,Member,Men,"Leaders, Network, VL",VL_networks,Leadership networks,NA,NA,Knowit Decision Danmark A/S adm. direktoer
Michael Darmer,VL gruppe 32 - Koebenhavn,Member,Men,"Leaders, Network, VL",VL_networks,Leadership networks,NA,NA,FTF-A Adm. direktoer
Morten Gade,VL gruppe 32 - Koebenhavn,Member,Men,"Leaders, Network, VL",VL_networks,Leadership networks,NA,NA,"Kontrapunkt A/S Partner, Head of Digital"
Morten Osted,VL gruppe 32 - Koebenhavn,Member,Men,"Leaders, Network, VL",VL_networks,Leadership networks,NA,NA,MIO Management ApS Partner
Ole Theut,VL gruppe 32 - Koebenhavn,Member,Men,"Leaders, Network, VL",VL_networks,Leadership networks,4000671983,NA,Nielsen Thomsen Advokatfirma Advokat/partner
Per Skov 29872,VL gruppe 32 - Koebenhavn,Member,Men,"Leaders, Network, VL",VL_networks,Leadership networks,NA,NA,Danpal A/S Direktoer
Peter Harling Boysen,VL gruppe 32 - Koebenhavn,Member,Men,"Leaders, Network, VL",VL_networks,Leadership networks,NA,NA,Forsvaret Chef for Planlaegnings- og Stabiliseringsafdelingen
Peter Rassing,VL gruppe 32 - Koebenhavn,Member,Men,"Leaders, Network, VL",VL_networks,Leadership networks,NA,NA,Advodan Koege Direktoer
Ralph Cadan,VL gruppe 32 - Koebenhavn,Member,Men,"Leaders, Network, VL",VL_networks,Leadership networks,NA,NA,Clear Channel A/S CCO / Kommerciel Direktoer
Anne Holm Hansen,VL gruppe 32 - Koebenhavn,Member,Women,"Leaders, Network, VL",VL_networks,Leadership networks,NA,NA,Astma-Allergi Danmark Vicedirektoer
Birgitte Hass,VL gruppe 32 - Koebenhavn,Member,Women,"Leaders, Network, VL",VL_networks,Leadership networks,4004031078,NA,In-Between-Synergi Adm. direktoer
Britta Borch Egevang,VL gruppe 32 - Koebenhavn,Member,Women,"Leaders, Network, VL",VL_networks,Leadership networks,NA,NA,Djoef Direktoer
Dorte Ulrik Nielsen,VL gruppe 32 - Koebenhavn,Member,Women,"Leaders, Network, VL",VL_networks,Leadership networks,NA,NA,"LEO Pharma Director, Planning and Business Support, Global De"
Eva Krarup Steensen,VL gruppe 32 - Koebenhavn,Member,Women,"Leaders, Network, VL",VL_networks,Leadership networks,NA,NA,Gladsaxe Gymnasium Rektor
Helle Just Krag,VL gruppe 32 - Koebenhavn,Member,Women,"Leaders, Network, VL",VL_networks,Leadership networks,NA,NA,Koebenhavns Politi Advokaturchef
Henriette Christiansen,VL gruppe 32 - Koebenhavn,Member,Women,"Leaders, Network, VL",VL_networks,Leadership networks,NA,NA,Egmont Fonden Direktoer for almennyttige aktiviteter
Jeanette D. Hartz,VL gruppe 32 - Koebenhavn,Member,Women,"Leaders, Network, VL",VL_networks,Leadership networks,NA,NA,Forbrugerraadet Taenk Director Medlemmer og Raadgivning
Nomi Skovgaard,VL gruppe 32 - Koebenhavn,Member,Women,"Leaders, Network, VL",VL_networks,Leadership networks,NA,NA,Novozymes A/S Afdelingsleder
Pouline Middleton,VL gruppe 32 - Koebenhavn,Member,Women,"Leaders, Network, VL",VL_networks,Leadership networks,NA,NA,Fiction Works ApS Direktoer
Thea Larsen,VL gruppe 32 - Koebenhavn,Member,Women,"Leaders, Network, VL",VL_networks,Leadership networks,NA,NA,Dansk Gasteknisk Center a/s Adm. direktoer
Ulla Röttger,VL gruppe 32 - Koebenhavn,Member,Women,"Leaders, Network, VL",VL_networks,Leadership networks,4004017700,NA,ARC - I/S Amager Ressourcecenter Direktoer
AAge Dragsted,VL gruppe 35 – Aarhus,Member,Men,"Leaders, Network, VL",VL_networks,Leadership networks,NA,NA,Dragsted Development A/S Managing Partner
Brian Noach Bertelsen,VL gruppe 35 – Aarhus,Member,Men,"Leaders, Network, VL",VL_networks,Leadership networks,NA,NA,"Noach Co. Direktoer, cand.oecon."
Carl Erik Skovgaard Soerensen,VL gruppe 35 – Aarhus,Member,Men,"Leaders, Network, VL",VL_networks,Leadership networks,4003904916,NA,"DELACOUR Advokatpartnerselskab Advokat, civiloekonom, konsul for Island"
Carsten Fode,VL gruppe 35 – Aarhus,Member,Men,"Leaders, Network, VL",VL_networks,Leadership networks,4000013544,NA,Kromann Reumert Advokat
Carsten Hejgaard,VL gruppe 35 – Aarhus,Member,Men,"Leaders, Network, VL",VL_networks,Leadership networks,NA,NA,Techem Danmark A/S Nordisk adm. direktoer
Claus Hommelhoff,VL gruppe 35 – Aarhus,Member,Men,"Leaders, Network, VL",VL_networks,Leadership networks,NA,NA,"Formuepleje A/S, Fondsmaeglerselskab Seniorformueraadgiver, stifter"
Claus Lindgaard,VL gruppe 35 – Aarhus,Member,Men,"Leaders, Network, VL",VL_networks,Leadership networks,NA,NA,Forsikringsmaeglerne Mohr Kjaer Direktoer
Claus Lindholm Jacobsen,VL gruppe 35 – Aarhus,Member,Men,"Leaders, Network, VL",VL_networks,Leadership networks,4003854627,NA,PriceWaterhouseCoopers Statsautoriseret Revisor
Claus Soegaard Poulsen,VL gruppe 35 – Aarhus,Member,Men,"Leaders, Network, VL",VL_networks,Leadership networks,NA,NA,Scanel International A/S Adm. direktoer/CEO
Hans Henrik Kjoelby 10930,VL gruppe 35 – Aarhus,Member,Men,"Leaders, Network, VL",VL_networks,Leadership networks,4003963170,NA,Jysk Holding A/S Adm. direktoer
Heine Bach,VL gruppe 35 – Aarhus,Member,Men,"Leaders, Network, VL",VL_networks,Leadership networks,4000608770,NA,Heine Bach
Henning Norup,VL gruppe 35 – Aarhus,Member,Men,"Leaders, Network, VL",VL_networks,Leadership networks,NA,NA,Norup Ejendomme A/S Indehaver
Henrik Bentsen,VL gruppe 35 – Aarhus,Member,Men,"Leaders, Network, VL",VL_networks,Leadership networks,NA,NA,BENTSEN Management Direktoer
Jan Koch Moeller,VL gruppe 35 – Aarhus,Member,Men,"Leaders, Network, VL",VL_networks,Leadership networks,4003966703,NA,Koch Biler A/S Direktoer
Jens Harmsen,VL gruppe 35 – Aarhus,Member,Men,"Leaders, Network, VL",VL_networks,Leadership networks,NA,NA,Damstahl a/s Koncernoekonomidirektoer
Joergen Haaning Andersen 17564,VL gruppe 35 – Aarhus,Member,Men,"Leaders, Network, VL",VL_networks,Leadership networks,NA,NA,JHA Ejendomme A/S Direktoer
John Leiboell Jensen,VL gruppe 35 – Aarhus,Member,Men,"Leaders, Network, VL",VL_networks,Leadership networks,NA,NA,Andy A/S Adm. direktoer
Kim Fendinge Mouritzen,VL gruppe 35 – Aarhus,Member,Men,"Leaders, Network, VL",VL_networks,Leadership networks,NA,NA,"MOURITZEN/HOYER-rekruttering Interimledelse, virksomhedsraadgivning og rekrutter"
Kim Wegener,VL gruppe 35 – Aarhus,Member,Men,"Leaders, Network, VL",VL_networks,Leadership networks,NA,NA,SEGES P/S Specialkonsulent
Klaus Stampe,VL gruppe 35 – Aarhus,Member,Men,"Leaders, Network, VL",VL_networks,Leadership networks,4000153261,NA,Jyske Bank Erhvervscenterdirektoer
Klaus Withen Bjerregaard,VL gruppe 35 – Aarhus,Member,Men,"Leaders, Network, VL",VL_networks,Leadership networks,NA,NA,"MARS A/S Direktoer, cand. merc."
Lars Risager 21948,VL gruppe 35 – Aarhus,Member,Men,"Leaders, Network, VL",VL_networks,Leadership networks,NA,NA,Geberit Gruppen Nordic Managing Director
Mogens Dalegaard,VL gruppe 35 – Aarhus,Member,Men,"Leaders, Network, VL",VL_networks,Leadership networks,NA,NA,Dalegaard Business Coaching A/S Adm. direktoer
Mogens Vedel Hesbaek,VL gruppe 35 – Aarhus,Member,Men,"Leaders, Network, VL",VL_networks,Leadership networks,NA,NA,Per Aarsleff A/S
Niels Aage Kjaer,VL gruppe 35 – Aarhus,NA,Men,"Leaders, Network, VL",VL_networks,Leadership networks,4003887355,NA,AVK Holding A/S Direktoer
Niels Hoejberg,VL gruppe 35 – Aarhus,Member,Men,"Leaders, Network, VL",VL_networks,Leadership networks,NA,NA,AArhus Kommune Stadsdirektoer
Nils Jacob Haaning,VL gruppe 35 – Aarhus,Member,Men,"Leaders, Network, VL",VL_networks,Leadership networks,NA,NA,Bactoforce International Managing Director
Ole Capion,VL gruppe 35 – Aarhus,Member,Men,"Leaders, Network, VL",VL_networks,Leadership networks,NA,NA,Ole Capion
Ole Lysgaard Madsen,VL gruppe 35 – Aarhus,Member,Men,"Leaders, Network, VL",VL_networks,Leadership networks,NA,NA,TAGARNO Adm. direktoer
Peter Ekman,VL gruppe 35 – Aarhus,Member,Men,"Leaders, Network, VL",VL_networks,Leadership networks,NA,NA,Storkesig ApS Direktoer
Peter Hundborg,VL gruppe 35 – Aarhus,Member,Men,"Leaders, Network, VL",VL_networks,Leadership networks,NA,NA,Arla Foods Director PMO
Poul Steen Rasmussen,VL gruppe 35 – Aarhus,Member,Men,"Leaders, Network, VL",VL_networks,Leadership networks,4003917827,NA,Genan Holding A/S CEO
Soeren Noerbjerg,VL gruppe 35 – Aarhus,Member,Men,"Leaders, Network, VL",VL_networks,Leadership networks,NA,NA,Clearwater International K/S Partner
Soeren Thingbak,VL gruppe 35 – Aarhus,Member,Men,"Leaders, Network, VL",VL_networks,Leadership networks,NA,NA,"Center for Miljoe og Energi, Affaldsvarme Aarhus Funktionsleder Drift og Materiel"
Stig Hellstern,VL gruppe 35 – Aarhus,Member,Men,"Leaders, Network, VL",VL_networks,Leadership networks,NA,NA,Jydsk Emblem Fabrik A/S Adm. direktoer
Torben OEstergaard Mouritsen,VL gruppe 35 – Aarhus,Member,Men,"Leaders, Network, VL",VL_networks,Leadership networks,4000490141,NA,Normal ApS Direktoer
Torben Soerensen 40990,VL gruppe 35 – Aarhus,Member,Men,"Leaders, Network, VL",VL_networks,Leadership networks,NA,NA,VKR Holding A/S Group Executive Officer
Anni Bundgaard,VL gruppe 35 – Aarhus,Member,Women,"Leaders, Network, VL",VL_networks,Leadership networks,NA,NA,Skanderborg Kommune Citychef
Bente Josefsen 40986,VL gruppe 35 – Aarhus,Member,Women,"Leaders, Network, VL",VL_networks,Leadership networks,NA,NA,A. Espersen A/S Produktionsdirektoer
Kirsten Bach-Holck,VL gruppe 35 – Aarhus,Member,Women,"Leaders, Network, VL",VL_networks,Leadership networks,NA,NA,Morgenavisen Jyllands-Posten Direktoer
Mette Hejl,VL gruppe 35 – Aarhus,Member,Women,"Leaders, Network, VL",VL_networks,Leadership networks,NA,NA,Pravda A/S Adm. direktoer
Mette Neville,VL gruppe 35 – Aarhus,Member,Women,"Leaders, Network, VL",VL_networks,Leadership networks,4000469300,NA,Aarhus Universitet Business and Social Sciences Professor
Pia Soegaard-Nielsen,VL gruppe 35 – Aarhus,Member,Women,"Leaders, Network, VL",VL_networks,Leadership networks,4003943563,NA,Center for Byudvikling & Mobilitet Juridisk Chef
Anders Stahlschmidt,VL gruppe 37 – Soenderjylland,Member,Men,"Leaders, Network, VL",VL_networks,Leadership networks,4004030800,NA,Danfoss A/S
Andy Noerregaard Andersen,VL gruppe 37 – Soenderjylland,Member,Men,"Leaders, Network, VL",VL_networks,Leadership networks,4000241758,NA,Andy Andersen
Arne Iversen,VL gruppe 37 – Soenderjylland,Member,Men,"Leaders, Network, VL",VL_networks,Leadership networks,NA,NA,Dani-Tech A/S Adm. direktoer
Arthur Emil Müller,VL gruppe 37 – Soenderjylland,Member,Men,"Leaders, Network, VL",VL_networks,Leadership networks,4000406035,NA,Müller Gas Equipment A/S Direktoer
Bo Lybaek,VL gruppe 37 – Soenderjylland,Member,Men,"Leaders, Network, VL",VL_networks,Leadership networks,4004012613,NA,GPV International A/S President & CEO
Claus Guldager,VL gruppe 37 – Soenderjylland,Member,Men,"Leaders, Network, VL",VL_networks,Leadership networks,4003866970,NA,Andersen Partners Advokatfirma Partner
Claus Schmidt 41147,VL gruppe 37 – Soenderjylland,Member,Men,"Leaders, Network, VL",VL_networks,Leadership networks,NA,NA,UdviklingsRaad Soenderjylland Direktoer
Egon Borgkvist Jensen,VL gruppe 37 – Soenderjylland,Member,Men,"Leaders, Network, VL",VL_networks,Leadership networks,NA,NA,Linak A/S VP & COO
Erling Martin Jacobsen,VL gruppe 37 – Soenderjylland,Member,Men,"Leaders, Network, VL",VL_networks,Leadership networks,NA,NA,MARTIN Handel og Invest Direktoer
Hans Schmidt-Hansen,VL gruppe 37 – Soenderjylland,Member,Men,"Leaders, Network, VL",VL_networks,Leadership networks,4003912131,NA,Agena A/S Direktoer
Helge Andreassen,VL gruppe 37 – Soenderjylland,Member,Men,"Leaders, Network, VL",VL_networks,Leadership networks,NA,NA,Dagbladet Boersen Redaktoer
Henrik Marius Meldgaard,VL gruppe 37 – Soenderjylland,Member,Men,"Leaders, Network, VL",VL_networks,Leadership networks,4000280226,NA,Meldgaard Gruppen Direktoer
Henrik Thykjaer,VL gruppe 37 – Soenderjylland,Member,Men,"Leaders, Network, VL",VL_networks,Leadership networks,NA,NA,Aabenraa Havn Havnedirektoer
Jens Erik Platz,VL gruppe 37 – Soenderjylland,Member,Men,"Leaders, Network, VL",VL_networks,Leadership networks,4003850771,NA,Brdr. Platz A/S Adm. direktoer
Jens Iwer Petersen,VL gruppe 37 – Soenderjylland,Member,Men,"Leaders, Network, VL",VL_networks,Leadership networks,4003903488,NA,Jens Iwer Petersen
Jens Jepsen,VL gruppe 37 – Soenderjylland,Member,Men,"Leaders, Network, VL",VL_networks,Leadership networks,NA,NA,Compass Advokatfirma Advokat
Jens Klavsen,VL gruppe 37 – Soenderjylland,Member,Men,"Leaders, Network, VL",VL_networks,Leadership networks,4004039564,NA,Fleggaard Holding A/S Direktoer
Joergen Seeberg,VL gruppe 37 – Soenderjylland,Member,Men,"Leaders, Network, VL",VL_networks,Leadership networks,NA,NA,Contiga Tinglev A/S Fabrikschef
Joergen Stroem,VL gruppe 37 – Soenderjylland,Member,Men,"Leaders, Network, VL",VL_networks,Leadership networks,NA,NA,BEMA A/S Adm. direktoer
John C. Engel,VL gruppe 37 – Soenderjylland,Member,Men,"Leaders, Network, VL",VL_networks,Leadership networks,NA,NA,F. Engel K/S Sales & Buying Manager
Kaj Glochau,VL gruppe 37 – Soenderjylland,Member,Men,"Leaders, Network, VL",VL_networks,Leadership networks,NA,NA,"EY Partner, Statsaut.revisor"
Karsten Rewitz,VL gruppe 37 – Soenderjylland,Member,Men,"Leaders, Network, VL",VL_networks,Leadership networks,NA,NA,Contiga Tinglev A/S Adm. direktoer
Klaus Andersen 41140,VL gruppe 37 – Soenderjylland,Member,Men,"Leaders, Network, VL",VL_networks,Leadership networks,NA,NA,LandboSyd Direktoer
Kraen B. Nielsen,VL gruppe 37 – Soenderjylland,Member,Men,"Leaders, Network, VL",VL_networks,Leadership networks,NA,NA,Berendsen Textil Services A/S Direktoer
Lars Foged Andersen,VL gruppe 37 – Soenderjylland,Member,Men,"Leaders, Network, VL",VL_networks,Leadership networks,NA,NA,Skare Foods A/S
Lars M. Clausen,VL gruppe 37 – Soenderjylland,Member,Men,"Leaders, Network, VL",VL_networks,Leadership networks,NA,NA,"LMC Holding, Aabenraa ApS Adm. direktoer"
Laurits Th. Larsen,VL gruppe 37 – Soenderjylland,Member,Men,"Leaders, Network, VL",VL_networks,Leadership networks,NA,NA,Larsen Strings A/S CEO
Leif Friis Joergensen,VL gruppe 37 – Soenderjylland,Member,Men,"Leaders, Network, VL",VL_networks,Leadership networks,NA,NA,Naturmaelk Mejerichef
Leif Max Hansen 22332,VL gruppe 37 – Soenderjylland,Member,Men,"Leaders, Network, VL",VL_networks,Leadership networks,NA,NA,Compass Advokatfirma I/S Advokat
Mogens B. Soerensen,VL gruppe 37 – Soenderjylland,Member,Men,"Leaders, Network, VL",VL_networks,Leadership networks,NA,NA,Nykredit Omraadedirektoer
Niels Frederik Bergh-Hansen,VL gruppe 37 – Soenderjylland,Member,Men,"Leaders, Network, VL",VL_networks,Leadership networks,4003952672,NA,Niels Bergh-Hansen CEO
Niels Johannesen,VL gruppe 37 – Soenderjylland,Member,Men,"Leaders, Network, VL",VL_networks,Leadership networks,NA,NA,Ny Aabenraa Kommune Kommunaldirektoer
Niels Thorup,VL gruppe 37 – Soenderjylland,Member,Men,"Leaders, Network, VL",VL_networks,Leadership networks,NA,NA,"Falck A/S, Emergency - Nordic Countries COO, Vice President"
Ole Skovgaard-Simonsen,VL gruppe 37 – Soenderjylland,Member,Men,"Leaders, Network, VL",VL_networks,Leadership networks,NA,NA,Deloitte Statsaut. revisor
Peter Erik Hansen 30192,VL gruppe 37 – Soenderjylland,Member,Men,"Leaders, Network, VL",VL_networks,Leadership networks,4000406034,NA,Cormall Agro Holding A/S Direktoer
Peter Joergensen 30391,VL gruppe 37 – Soenderjylland,Member,Men,"Leaders, Network, VL",VL_networks,Leadership networks,NA,NA,Noerremoelle ApS Adm. direktoer
Preben Fogtmann,VL gruppe 37 – Soenderjylland,Member,Men,"Leaders, Network, VL",VL_networks,Leadership networks,4000051076,NA,Koff A/S Direktoer
René K. Johannsen,VL gruppe 37 – Soenderjylland,Member,Men,"Leaders, Network, VL",VL_networks,Leadership networks,NA,NA,Automatic Syd A/S Adm. direktoer
Soeren Birger Christiansen,VL gruppe 37 – Soenderjylland,Member,Men,"Leaders, Network, VL",VL_networks,Leadership networks,NA,NA,Bukh A/S Adm. direktoer
Svend Brodersen,VL gruppe 37 – Soenderjylland,Member,Men,"Leaders, Network, VL",VL_networks,Leadership networks,NA,NA,Gram Slot Direktoer
Tommy Thansky,VL gruppe 37 – Soenderjylland,Member,Men,"Leaders, Network, VL",VL_networks,Leadership networks,NA,NA,ECCO Sko A/S Vice President
Helle Taulbjerg,VL gruppe 37 – Soenderjylland,Member,Women,"Leaders, Network, VL",VL_networks,Leadership networks,NA,NA,Hotel Europa Direktoer
Karen Froesig,VL gruppe 37 – Soenderjylland,Member,Women,"Leaders, Network, VL",VL_networks,Leadership networks,4003962787,NA,Sydbank A/S Bankdirektoer
Mette Broendum,VL gruppe 37 – Soenderjylland,Member,Women,"Leaders, Network, VL",VL_networks,Leadership networks,NA,NA,Lindab Profil A/S Direktoer
Anders Kronborg,VL gruppe 4 - Koebenhavn,Member,Men,"Leaders, Network, VL",VL_networks,Leadership networks,4004031384,NA,Leo Pharma CFO
Bjarne Hastrup,VL gruppe 4 - Koebenhavn,Member,Men,"Leaders, Network, VL",VL_networks,Leadership networks,NA,NA,AEldre Sagen Adm. direktoer
Carmine Gioia,VL gruppe 4 - Koebenhavn,Member,Men,"Leaders, Network, VL",VL_networks,Leadership networks,NA,NA,Saxo Bank Chief Data Scientist Officer
Jens Bjerregaard Christensen,VL gruppe 4 - Koebenhavn,Member,Men,"Leaders, Network, VL",VL_networks,Leadership networks,4004054188,NA,Naturstyrelsen Nordsjaelland Skovrider
Jesper Ridder Olsen,VL gruppe 4 - Koebenhavn,Member,Men,"Leaders, Network, VL",VL_networks,Leadership networks,4000763951,NA,"Partner, Statsautoriseret revisor 	EY"
Lars Bernhard Joergensen 21275,VL gruppe 4 - Koebenhavn,Member,Men,"Leaders, Network, VL",VL_networks,Leadership networks,4003991825,NA,Lars Bernhard Joergensen Adm. direktoer
Lars Groenborg Eskesen,VL gruppe 4 - Koebenhavn,Member,Men,"Leaders, Network, VL",VL_networks,Leadership networks,4003896224,NA,Nordic Biotech Direktoer
Lars HannibalLars,VL gruppe 4 - Koebenhavn,Member,Men,"Leaders, Network, VL",VL_networks,Leadership networks,NA,NA,OUR Recordings Guitarist/Direktoer
Lars Johan Findsen,VL gruppe 4 - Koebenhavn,Member,Men,"Leaders, Network, VL",VL_networks,Leadership networks,NA,NA,Forsvarsministeriet Departementschef
Lars Ole Kornum,VL gruppe 4 - Koebenhavn,Member,Men,"Leaders, Network, VL",VL_networks,Leadership networks,4000213874,NA,Scanventure Adm. direktoer
Mads Kjoeller Damkjaer,VL gruppe 4 - Koebenhavn,Member,Men,"Leaders, Network, VL",VL_networks,Leadership networks,NA,NA,PA Consulting Group Head of Innovation Service Nordic
Michael OEsterlund Madsen,VL gruppe 4 - Koebenhavn,Member,Men,"Leaders, Network, VL",VL_networks,Leadership networks,5250638,NA,Group CFO 	Michael OEsterlund Madsen
Michael Telling,VL gruppe 4 - Koebenhavn,Member,Men,"Leaders, Network, VL",VL_networks,Leadership networks,NA,NA,Administrerende direktoer/Managing Director 	Michael Telling
Mikael Worning,VL gruppe 4 - Koebenhavn,Member,Men,"Leaders, Network, VL",VL_networks,Leadership networks,4003917113,NA,Vice Adm. Direktoer 	Oticon A/S
Mogens Kring Rasmussen,VL gruppe 4 - Koebenhavn,Member,Men,"Leaders, Network, VL",VL_networks,Leadership networks,4004039640,NA,Adm. direktoer 	DJOEF
Morten Christiansen,VL gruppe 4 - Koebenhavn,Member,Men,"Leaders, Network, VL",VL_networks,Leadership networks,4003806673,NA,HI3G CEO
Nicolai Buhl Andersen,VL gruppe 4 - Koebenhavn,Member,Men,"Leaders, Network, VL",VL_networks,Leadership networks,NA,NA,Coloplast AS Senior Vice President
Simon Evers,VL gruppe 4 - Koebenhavn,Member,Men,"Leaders, Network, VL",VL_networks,Leadership networks,NA,NA,Kalsmose-Hjelmborg Bech-Bruun	Managing Partner
Soeren Lehn,VL gruppe 4 - Koebenhavn,Member,Men,"Leaders, Network, VL",VL_networks,Leadership networks,NA,NA,PA Consulting Group Senior Partner
Soeren Vasehus Madsen,VL gruppe 4 - Koebenhavn,Member,Men,"Leaders, Network, VL",VL_networks,Leadership networks,NA,NA,Konsulent og bestyrelsesmedlem 	- SVA Consulting Aps.
Thomas Bjoernholm,VL gruppe 4 - Koebenhavn,Member,Men,"Leaders, Network, VL",VL_networks,Leadership networks,4004156033,NA,Koebenhavns Universitet Prorektor for forskning og innovation
Thomas Blach 35129,VL gruppe 4 - Koebenhavn,Member,Men,"Leaders, Network, VL",VL_networks,Leadership networks,NA,NA,FirstLine Communication Managing Partner
Tim Holberg Fog,VL gruppe 4 - Koebenhavn,Member,Men,"Leaders, Network, VL",VL_networks,Leadership networks,NA,NA,HjemmeTandlaegen I/S Direktoer
Tobias Petri,VL gruppe 4 - Koebenhavn,Member,Men,"Leaders, Network, VL",VL_networks,Leadership networks,NA,NA,Tobias Petri (firma)
Torben Laustsen,VL gruppe 4 - Koebenhavn,Member,Men,"Leaders, Network, VL",VL_networks,Leadership networks,4004135758,NA,Nordea Bank Danmark A/S Bankdirektoer
Troels Bülow-Olsen,VL gruppe 4 - Koebenhavn,Member,Men,"Leaders, Network, VL",VL_networks,Leadership networks,4000688872,NA,Totalkredit A/S Direktoer
Ulrik Kolding Hartvig,VL gruppe 4 - Koebenhavn,Member,Men,"Leaders, Network, VL",VL_networks,Leadership networks,4004078207,NA,Brdr. Hartmann A/S CEO
Anne-Marie Levy Rasmussen,VL gruppe 4 - Koebenhavn,Member,Women,"Leaders, Network, VL",VL_networks,Leadership networks,NA,NA,Direktoer 	GlaxoSmithKline A/S
Bente Hyldahl Fogh,VL gruppe 4 - Koebenhavn,Member,Women,"Leaders, Network, VL",VL_networks,Leadership networks,NA,NA,Laegeforeningen Adm. direktoer
Dorrit Vanglo,VL gruppe 4 - Koebenhavn,Member,Women,"Leaders, Network, VL",VL_networks,Leadership networks,4004001627,NA,Direktoer 	Loenmodtagernes Dyrtidsfond
Eva Merete Soefelde Berneke,VL gruppe 4 - Koebenhavn,Member,Women,"Leaders, Network, VL",VL_networks,Leadership networks,4000713364,NA,KMD A/S CEO
Helle Bach 40216,VL gruppe 4 - Koebenhavn,Member,Women,"Leaders, Network, VL",VL_networks,Leadership networks,4004135173,NA,DSV A/S Koncern HR-direktoer
Laila Mortensen,VL gruppe 4 - Koebenhavn,Member,Women,"Leaders, Network, VL",VL_networks,Leadership networks,4004164176,NA,Adm. direktoer 	Industriens Pension
Lene Dammand Lund,VL gruppe 4 - Koebenhavn,Member,Women,"Leaders, Network, VL",VL_networks,Leadership networks,4000363420,NA,Rektor - Det Kongelige Danske Kunstakademi
Pui Ling Lau,VL gruppe 4 - Koebenhavn,Member,Women,"Leaders, Network, VL",VL_networks,Leadership networks,4004111440,NA,Realdania COO
Alfred Moeller Josefsen,VL gruppe 42 - Koebenhavn,Member,Men,"Leaders, Network, VL",VL_networks,Leadership networks,4003969780,NA,Alfred A/S Foredragsholder og ledelsesraadgiver
Allan Kjaer Andersen,VL gruppe 42 - Koebenhavn,Member,Men,"Leaders, Network, VL",VL_networks,Leadership networks,NA,NA,OErestad Gymnasium Rektor
Anders Ladekarl,VL gruppe 42 - Koebenhavn,Member,Men,"Leaders, Network, VL",VL_networks,Leadership networks,NA,NA,Roede Kors Generalsekretaer
Bjoern Erichsen,VL gruppe 42 - Koebenhavn,Member,Men,"Leaders, Network, VL",VL_networks,Leadership networks,NA,NA,EBU Television Director EBU
Bo Smith 4492,VL gruppe 42 - Koebenhavn,Member,Men,"Leaders, Network, VL",VL_networks,Leadership networks,4003956291,NA,Tidl. Departementschef
Christian Bason,VL gruppe 42 - Koebenhavn,Member,Men,"Leaders, Network, VL",VL_networks,Leadership networks,NA,NA,Dansk Design Center Adm. direktoer
Erik Hoffmann-Petersen,VL gruppe 42 - Koebenhavn,Member,Men,"Leaders, Network, VL",VL_networks,Leadership networks,4000082632,NA,Windbuilders ApS Adm. direktoer
Henning Baunbaek Dyremose,VL gruppe 42 - Koebenhavn,Member,Men,"Leaders, Network, VL",VL_networks,Leadership networks,4000239004,NA,Direktoer Henning Dyremose Direktoer
Jan Rose Skaksen,VL gruppe 42 - Koebenhavn,Member,Men,"Leaders, Network, VL",VL_networks,Leadership networks,NA,NA,Det Nationale Institut for Kommuners og Regioners Analyse og Forskning Direktoer
Jens Michael Howitz,VL gruppe 42 - Koebenhavn,Member,Men,"Leaders, Network, VL",VL_networks,Leadership networks,NA,NA,Russell Reynolds Associates Managing Director
Jesper Eigen Moeller,VL gruppe 42 - Koebenhavn,Member,Men,"Leaders, Network, VL",VL_networks,Leadership networks,4003959949,NA,Jesper Moeller Director/Senior Advisor
Jesper Fisker,VL gruppe 42 - Koebenhavn,Member,Men,"Leaders, Network, VL",VL_networks,Leadership networks,NA,NA,Ministeriet for Boern og Undervisning Departementschef
Jesper Klit,VL gruppe 42 - Koebenhavn,Member,Men,"Leaders, Network, VL",VL_networks,Leadership networks,NA,NA,Jesper Klit & Partners Adm. direktoer
Joergen Peter Rasmussen,VL gruppe 42 - Koebenhavn,Member,Men,"Leaders, Network, VL",VL_networks,Leadership networks,4004119508,NA,Fourclover APS Direktoer
Joergen Soendergaard 17904,VL gruppe 42 - Koebenhavn,Member,Men,"Leaders, Network, VL",VL_networks,Leadership networks,NA,NA,SFI - Det Nationale Forskningscenter for Velfaerd Direktoer
Jon Laessoee Stephensen,VL gruppe 42 - Koebenhavn,Member,Men,"Leaders, Network, VL",VL_networks,Leadership networks,NA,NA,Aveny Teatret Direktoer
Lars Lokdam,VL gruppe 42 - Koebenhavn,Member,Men,"Leaders, Network, VL",VL_networks,Leadership networks,4000534217,NA,"NJORD Law Firm Advokat (L), Managing Partner"
Lars Michael Folkmann,VL gruppe 42 - Koebenhavn,Member,Men,"Leaders, Network, VL",VL_networks,Leadership networks,4004027590,NA,CO-RO A/S EVP Global Sales & Marketing
Martin Philip Bendsoee,VL gruppe 42 - Koebenhavn,Member,Men,"Leaders, Network, VL",VL_networks,Leadership networks,4004105558,NA,DTU Dekan
Morten Moenster,VL gruppe 42 - Koebenhavn,Member,Men,"Leaders, Network, VL",VL_networks,Leadership networks,NA,NA,KPMG P/S Head of Advisory & Partner
Palle Stroem,VL gruppe 42 - Koebenhavn,Member,Men,"Leaders, Network, VL",VL_networks,Leadership networks,NA,NA,Monday Media Nordisk Udviklingschef
Peder Michael Pruzan-joergensen,VL gruppe 42 - Koebenhavn,Member,Men,"Leaders, Network, VL",VL_networks,Leadership networks,NA,NA,"BSR Vice President, Europe, Middle East, and Africa"
Peter Lauritzen 30500,VL gruppe 42 - Koebenhavn,Member,Men,"Leaders, Network, VL",VL_networks,Leadership networks,NA,NA,Roskilde Universitet Universitetsdirektoer
Tomas Therkildsen 41416,VL gruppe 42 - Koebenhavn,Member,Men,"Leaders, Network, VL",VL_networks,Leadership networks,NA,NA,Naestved Kommune Kommunaldirektoer
Anne-Grethe Foss,VL gruppe 42 - Koebenhavn,Member,Women,"Leaders, Network, VL",VL_networks,Leadership networks,NA,NA,Metroselskabet Adm. direktoer
Anne-Marie Arleth Skov,VL gruppe 42 - Koebenhavn,Member,Women,"Leaders, Network, VL",VL_networks,Leadership networks,4004103465,NA,Tuborgfondet Direktoer
Birgitte Nauntofte,VL gruppe 42 - Koebenhavn,Member,Women,"Leaders, Network, VL",VL_networks,Leadership networks,4003987076,NA,"Novo Nordisk Fonden CEO, Professor"
Charlotte Hummer Vad,VL gruppe 42 - Koebenhavn,Member,Women,"Leaders, Network, VL",VL_networks,Leadership networks,NA,NA,Novozymes Head of Global Communication Services
Helene Hoffmann,VL gruppe 42 - Koebenhavn,Member,Women,"Leaders, Network, VL",VL_networks,Leadership networks,NA,NA,Type2dialog ApS Adm. direktoer
Karin Garre,VL gruppe 42 - Koebenhavn,Member,Women,"Leaders, Network, VL",VL_networks,Leadership networks,NA,NA,Region Hovedstadens Psykiatri Centerchef
Kirsten Aarup Drejer,VL gruppe 42 - Koebenhavn,Member,Women,"Leaders, Network, VL",VL_networks,Leadership networks,4000353569,NA,Symphogen A/S Adm. direktoer
Lene Tranberg,VL gruppe 42 - Koebenhavn,Member,Women,"Leaders, Network, VL",VL_networks,Leadership networks,4004024351,NA,Lundgaard & Tranberg Arkitektfirma A/S Arkitekt
Mette Vestergaard Jakobsen,VL gruppe 42 - Koebenhavn,Member,Women,"Leaders, Network, VL",VL_networks,Leadership networks,4004128543,NA,Mannaz Adm. direktoer
Sanne Wall-Gremstrup,VL gruppe 42 - Koebenhavn,Member,Women,"Leaders, Network, VL",VL_networks,Leadership networks,4000728951,NA,Arkitektens Forlag Adm. direktoer
Tanja Franck,VL gruppe 42 - Koebenhavn,Member,Women,"Leaders, Network, VL",VL_networks,Leadership networks,NA,NA,Statsministeriet Departementsraad
Allan Gross-Nielsen,VL gruppe 44 – Aarhus,Member,Men,"Leaders, Network, VL",VL_networks,Leadership networks,4003909537,NA,AS3 A/S Adm. direktoer
Asger Thierry,VL gruppe 44 – Aarhus,Member,Men,"Leaders, Network, VL",VL_networks,Leadership networks,NA,NA,Minerva Group A/S Adm. direktoer
Bent Skovsen,VL gruppe 44 – Aarhus,Member,Men,"Leaders, Network, VL",VL_networks,Leadership networks,NA,NA,Skovsen Development Direktoer
Carsten Dan Madsen,VL gruppe 44 – Aarhus,Member,Men,"Leaders, Network, VL",VL_networks,Leadership networks,NA,NA,FLEXA A/S
Christer Lidzelius,VL gruppe 44 – Aarhus,Member,Men,"Leaders, Network, VL",VL_networks,Leadership networks,NA,NA,Kaospiloterne Direktoer
Claus Sjaelland Noergaard,VL gruppe 44 – Aarhus,Member,Men,"Leaders, Network, VL",VL_networks,Leadership networks,NA,NA,Trip Trap WoodCare A/S adm. direktoer
Ebbe Malte Iversen,VL gruppe 44 – Aarhus,Member,Men,"Leaders, Network, VL",VL_networks,Leadership networks,4000095851,NA,Per Aarsleff A/S Adm.direktoer
Erik Hansen 8009,VL gruppe 44 – Aarhus,Member,Men,"Leaders, Network, VL",VL_networks,Leadership networks,NA,NA,Danforel A/S Direktoer
Erik Laursen 41456,VL gruppe 44 – Aarhus,Member,Men,"Leaders, Network, VL",VL_networks,Leadership networks,NA,NA,Avanti Wind Systems Administrerende direktoer
Frands Jepsen,VL gruppe 44 – Aarhus,Member,Men,"Leaders, Network, VL",VL_networks,Leadership networks,NA,NA,Knud Jepsen A/S Adm. direktoer
Glenn Elmbaek,VL gruppe 44 – Aarhus,Member,Men,"Leaders, Network, VL",VL_networks,Leadership networks,NA,NA,Arkitema K/S Senior Kreativ Leder
Hans Houlind,VL gruppe 44 – Aarhus,Member,Men,"Leaders, Network, VL",VL_networks,Leadership networks,NA,NA,Houlind Consult ApS Direktoer
Hans Olesen Damgaard,VL gruppe 44 – Aarhus,Member,Men,"Leaders, Network, VL",VL_networks,Leadership networks,4004031355,NA,Stibo A/S Adm. direktoer
Harald Birkwald,VL gruppe 44 – Aarhus,Member,Men,"Leaders, Network, VL",VL_networks,Leadership networks,NA,NA,Birkwald Holding Aps Direktoer
Henrik Harbo,VL gruppe 44 – Aarhus,Member,Men,"Leaders, Network, VL",VL_networks,Leadership networks,NA,NA,Flensby & Partners A/S Partner
Henrik Knudsen 41454,VL gruppe 44 – Aarhus,NA,Men,"Leaders, Network, VL",VL_networks,Leadership networks,NA,NA,2care4.dk CEO
Jacob Nielsen 13952,VL gruppe 44 – Aarhus,Member,Men,"Leaders, Network, VL",VL_networks,Leadership networks,NA,NA,Jacob Nielsen
Jan Christensen 41450,VL gruppe 44 – Aarhus,Member,Men,"Leaders, Network, VL",VL_networks,Leadership networks,NA,NA,Danish Crown A/S CFO DC Pork
Jan Schouby,VL gruppe 44 – Aarhus,Member,Men,"Leaders, Network, VL",VL_networks,Leadership networks,NA,NA,Jan Schouby Chefredaktoer
Jan Snogdal,VL gruppe 44 – Aarhus,Member,Men,"Leaders, Network, VL",VL_networks,Leadership networks,4000286477,NA,Lett Advokatpartnerselskab Advokat
Jan Ulsoe Madsen,VL gruppe 44 – Aarhus,Member,Men,"Leaders, Network, VL",VL_networks,Leadership networks,4004160463,NA,BankNordik Landedirektoer
Jens Mastrup,VL gruppe 44 – Aarhus,Member,Men,"Leaders, Network, VL",VL_networks,Leadership networks,NA,NA,Kildebjerg Ry A/S Direktoer
Jens Otto Kjaer Hansen,VL gruppe 44 – Aarhus,Member,Men,"Leaders, Network, VL",VL_networks,Leadership networks,NA,NA,Danmarks Medie- og Journalisthoejskole Rektor
Jens Soegaard,VL gruppe 44 – Aarhus,Member,Men,"Leaders, Network, VL",VL_networks,Leadership networks,NA,NA,Front-House A/S Direktoer
Jens Weiersoee Jakobsen,VL gruppe 44 – Aarhus,Member,Men,"Leaders, Network, VL",VL_networks,Leadership networks,NA,NA,"EY P/S Partner, statsaut. revisor"
Joergen Due Jensen,VL gruppe 44 – Aarhus,Member,Men,"Leaders, Network, VL",VL_networks,Leadership networks,NA,NA,Linddana A/S Adm. direktoer
Joergen Noes,VL gruppe 44 – Aarhus,Member,Men,"Leaders, Network, VL",VL_networks,Leadership networks,NA,NA,Expromo Europe A/S Direktoer
John Jensen 16995,VL gruppe 44 – Aarhus,Member,Men,"Leaders, Network, VL",VL_networks,Leadership networks,NA,NA,Advizer Partner
Knud Bundgaard,VL gruppe 44 – Aarhus,Member,Men,"Leaders, Network, VL",VL_networks,Leadership networks,4000681879,NA,Ferskvandscentret og AQUA Akvarium & Dyrepark Adm. direktoer
Lars Fournaise,VL gruppe 44 – Aarhus,Member,Men,"Leaders, Network, VL",VL_networks,Leadership networks,4000214850,NA,Aarhus Elite A/S Bestyrelsesformand
Lars Phillip Knudsen,VL gruppe 44 – Aarhus,Member,Men,"Leaders, Network, VL",VL_networks,Leadership networks,NA,NA,Tata Steel Denmark Byggesystemer A/S Managing Director
Michael Gadeberg,VL gruppe 44 – Aarhus,Member,Men,"Leaders, Network, VL",VL_networks,Leadership networks,NA,NA,Dansk Ingenioer Service A/S Direktoer
Michael Kjaergaard 25668,VL gruppe 44 – Aarhus,Member,Men,"Leaders, Network, VL",VL_networks,Leadership networks,NA,NA,Uno Danmark A/S Adm. direktoer
Mikael Brandt 26025,VL gruppe 44 – Aarhus,Member,Men,"Leaders, Network, VL",VL_networks,Leadership networks,4003857588,NA,BENT BRANDT Adm. direktoer
Mogens Ravn 26414,VL gruppe 44 – Aarhus,Member,Men,"Leaders, Network, VL",VL_networks,Leadership networks,NA,NA,NRT - Nordisk Roentgen Teknik A/S Adm.direktoer
Morten Kilden Nikolajsen,VL gruppe 44 – Aarhus,Member,Men,"Leaders, Network, VL",VL_networks,Leadership networks,NA,NA,Trip Trap WoodCare A/S adm. direktoer
Niels Malling Laursen,VL gruppe 44 – Aarhus,Member,Men,"Leaders, Network, VL",VL_networks,Leadership networks,NA,NA,Noerager Mejeri A/S - Nordex Food A/S Mejeridirektoer
Peter Torp,VL gruppe 44 – Aarhus,Member,Men,"Leaders, Network, VL",VL_networks,Leadership networks,NA,NA,Energy4you Adm. direktoer/Owner
Steen Frydensberg Sandager,VL gruppe 44 – Aarhus,Member,Men,"Leaders, Network, VL",VL_networks,Leadership networks,NA,NA,Sandager Danske Bank A/S	Privatdirektoer
Thomas Breboel Christensen,VL gruppe 44 – Aarhus,Member,Men,"Leaders, Network, VL",VL_networks,Leadership networks,NA,NA,Arkitema K/S Senior Kreativ Leder
Thomas Hohwü 35245,VL gruppe 44 – Aarhus,Member,Men,"Leaders, Network, VL",VL_networks,Leadership networks,NA,NA,Danfoss A/S Vice President
Thomas Knudsen 41455,VL gruppe 44 – Aarhus,Member,Men,"Leaders, Network, VL",VL_networks,Leadership networks,NA,NA,Falcon Invest A/S Adm. direktoer
Tom Elert,VL gruppe 44 – Aarhus,Member,Men,"Leaders, Network, VL",VL_networks,Leadership networks,NA,NA,727 Communications A/S Direktoer
Torben Helbo,VL gruppe 44 – Aarhus,Member,Men,"Leaders, Network, VL",VL_networks,Leadership networks,4000150499,NA,R82 A/S Adm. Direktoer
Bente Hoejsgaard Steffensen,VL gruppe 44 – Aarhus,Member,Women,"Leaders, Network, VL",VL_networks,Leadership networks,NA,NA,Erhverv Aarhus Direktoer
Gitte Vestergaard Larsen,VL gruppe 44 – Aarhus,Member,Women,"Leaders, Network, VL",VL_networks,Leadership networks,NA,NA,Airmaster A/S Adm. Direktoer
Lone Jager Lindquist,VL gruppe 44 – Aarhus,Member,Women,"Leaders, Network, VL",VL_networks,Leadership networks,NA,NA,Gert Lindquist Holding Aps Adm. direktoer
Anders Colding Friis 559,VL gruppe 45 - Koebenhavn,Member,Men,"Leaders, Network, VL",VL_networks,Leadership networks,4004014251,NA,Pandora A/S CEO
Anders Heine Jensen 639,VL gruppe 45 - Koebenhavn,Member,Men,"Leaders, Network, VL",VL_networks,Leadership networks,4004115535,NA,Burmeister & Wain Scandinavian Contractor A/S CEO
Carsten Noerland,VL gruppe 45 - Koebenhavn,Member,Men,"Leaders, Network, VL",VL_networks,Leadership networks,4004182578,NA,Royal Unibrew A/S Managing Director Nordic
Carsten OErnbo 5177,VL gruppe 45 - Koebenhavn,Member,Men,"Leaders, Network, VL",VL_networks,Leadership networks,3406981,NA,Peter Justesen Company A/S CEO
Claus Madsen 6462,VL gruppe 45 - Koebenhavn,Member,Men,"Leaders, Network, VL",VL_networks,Leadership networks,4004061497,NA,ABB A/S Adm.direktoer
Finn Krogh Rants,VL gruppe 45 - Koebenhavn,Member,Men,"Leaders, Network, VL",VL_networks,Leadership networks,NA,NA,Boyden Global Executive Search CEO
Hans Gormsen,VL gruppe 45 - Koebenhavn,Member,Men,"Leaders, Network, VL",VL_networks,Leadership networks,4000706250,NA,Hans Gormsen Consulting Adm. Direktoer
Henrik E Wulff,VL gruppe 45 - Koebenhavn,Member,Men,"Leaders, Network, VL",VL_networks,Leadership networks,NA,NA,Novo Nordisk A/S Senior Vice President
Ib Drachmann-Hansen,VL gruppe 45 - Koebenhavn,Member,Men,"Leaders, Network, VL",VL_networks,Leadership networks,NA,NA,Auditdata A/S Viceadministrerende Direktoer
Jacob Götzsche,VL gruppe 45 - Koebenhavn,Member,Men,"Leaders, Network, VL",VL_networks,Leadership networks,NA,NA,ISS A/S Regional CEO
Jens Andersen 15020,VL gruppe 45 - Koebenhavn,Member,Men,"Leaders, Network, VL",VL_networks,Leadership networks,NA,NA,Region Sjaelland Adm. direktoer
Jens Rudkjaer,VL gruppe 45 - Koebenhavn,Member,Men,"Leaders, Network, VL",VL_networks,Leadership networks,NA,NA,Deloitte Statsaut. revisor
Jens Winther Moberg,VL gruppe 45 - Koebenhavn,Member,Men,"Leaders, Network, VL",VL_networks,Leadership networks,4000640877,NA,Leadership Institute Adm. Direktoer
Jesper Roholm Friis,VL gruppe 45 - Koebenhavn,Member,Men,"Leaders, Network, VL",VL_networks,Leadership networks,4004051569,NA,Lagkagehuset
John Helmsoee-Zinck,VL gruppe 45 - Koebenhavn,Member,Men,"Leaders, Network, VL",VL_networks,Leadership networks,4000170820,NA,Via Venture Partners A/S Managing Partner
Kim Frimer,VL gruppe 45 - Koebenhavn,Member,Men,"Leaders, Network, VL",VL_networks,Leadership networks,4000584849,NA,Verdo A/S Adm. direktoer
Kristian Durhuus,VL gruppe 45 - Koebenhavn,Member,Men,"Leaders, Network, VL",VL_networks,Leadership networks,NA,NA,Koebenhavns Lufthavne A/S COO/Driftsdirektoer
Lars Bang,VL gruppe 45 - Koebenhavn,Member,Men,"Leaders, Network, VL",VL_networks,Leadership networks,4003978681,NA,H. Lundbeck A/S Koncerndirektoer
Lars Kragh,VL gruppe 45 - Koebenhavn,Member,Men,"Leaders, Network, VL",VL_networks,Leadership networks,NA,NA,KHR Arkitekter A/S Adm. Direktoer / CEO
Lars Marcher 21774,VL gruppe 45 - Koebenhavn,Member,Men,"Leaders, Network, VL",VL_networks,Leadership networks,4004052625,NA,Ambu A/S President & CEO
Lars Tveen,VL gruppe 45 - Koebenhavn,Member,Men,"Leaders, Network, VL",VL_networks,Leadership networks,4004133946,NA,Danfoss A/S President
Lasse Bolander,VL gruppe 45 - Koebenhavn,Member,Men,"Leaders, Network, VL",VL_networks,Leadership networks,4000097853,NA,COOP/FDB Bestyrelsesformand
Mikael Thinghuus,VL gruppe 45 - Koebenhavn,Member,Men,"Leaders, Network, VL",VL_networks,Leadership networks,4004030128,NA,Royal Greenland A/S CEO
Mogens Bransholm,VL gruppe 45 - Koebenhavn,Member,Men,"Leaders, Network, VL",VL_networks,Leadership networks,4004112540,NA,Conscia Adm.Direktoer/CEO
Niels Henrik Jensen,VL gruppe 45 - Koebenhavn,Member,Men,"Leaders, Network, VL",VL_networks,Leadership networks,4000692484,NA,A/S Det OEstasiatiske Kompagni Adm. direktoer & CEO
Ole Sander,VL gruppe 45 - Koebenhavn,Member,Men,"Leaders, Network, VL",VL_networks,Leadership networks,NA,NA,Ostnor Danmark A/S CEO Adm. dir
Per Mejnert Kristensen,VL gruppe 45 - Koebenhavn,Member,Men,"Leaders, Network, VL",VL_networks,Leadership networks,4000566371,NA,FLSmidth Group Executive Vice President
Peter Korsholm,VL gruppe 45 - Koebenhavn,Member,Men,"Leaders, Network, VL",VL_networks,Leadership networks,4004063034,NA,Lomax A/S Bestyrelsesformand
Peter Maegbaek Madsen,VL gruppe 45 - Koebenhavn,Member,Men,"Leaders, Network, VL",VL_networks,Leadership networks,4000101764,NA,Viasat A/S Adm.direktoer/CEO
Peter Roennest Andersen,VL gruppe 45 - Koebenhavn,Member,Men,"Leaders, Network, VL",VL_networks,Leadership networks,4004095622,NA,Haldor Topsoee A/S CFO
Steen Gede,VL gruppe 45 - Koebenhavn,Member,Men,"Leaders, Network, VL",VL_networks,Leadership networks,4000047298,NA,Forenede Service A/S Direktoer
Toerk Eskild Furhauge,VL gruppe 45 - Koebenhavn,Member,Men,"Leaders, Network, VL",VL_networks,Leadership networks,4004115631,NA,Paagen AB VD/CEO
Torben Harring,VL gruppe 45 - Koebenhavn,Member,Men,"Leaders, Network, VL",VL_networks,Leadership networks,4000752744,NA,Falck-Huset Senior Director
Conni Edith Simonsen,VL gruppe 45 - Koebenhavn,Member,Women,"Leaders, Network, VL",VL_networks,Leadership networks,NA,NA,Ingenioerhoejskolen Aarhus Universitet Direktoer
Pernille Fabricius,VL gruppe 45 - Koebenhavn,Member,Women,"Leaders, Network, VL",VL_networks,Leadership networks,4000072266,NA,Pernille Fabricius Global CFO
Susanne Lund 34493,VL gruppe 45 - Koebenhavn,Member,Women,"Leaders, Network, VL",VL_networks,Leadership networks,NA,NA,Republica Adm. direktoer
Ajit Gupte,VL gruppe 46 - Koebenhavn,NA,Men,"Leaders, Network, VL",VL_networks,Leadership networks,NA,NA,Indiens Ambassadoer i Danmark
Allan Polack,VL gruppe 46 - Koebenhavn,Member,Men,"Leaders, Network, VL",VL_networks,Leadership networks,4003882084,NA,PFA Pension A/S Group CEO
Allan Soegaard Lambrechtsen Larsen,VL gruppe 46 - Koebenhavn,Member,Men,"Leaders, Network, VL",VL_networks,Leadership networks,4004036588,NA,Falck A/S CEO
Anders Runevad 41542,VL gruppe 46 - Koebenhavn,Member,Men,"Leaders, Network, VL",VL_networks,Leadership networks,4004189110,NA,Vestas Wind Systems A/S Group President & CEO
Brian Petersen 4594,VL gruppe 46 - Koebenhavn,Member,Men,"Leaders, Network, VL",VL_networks,Leadership networks,4004124200,NA,Brian Petersen Direktoer
Cees de Jong,VL gruppe 46 - Koebenhavn,Member,Men,"Leaders, Network, VL",VL_networks,Leadership networks,NA,NA,Chr. Hansen Holding A/S CEO
Christen Winther Obel,VL gruppe 46 - Koebenhavn,NA,Men,"Leaders, Network, VL",VL_networks,Leadership networks,4004098372,NA,NA
Claus Grube,VL gruppe 46 - Koebenhavn,Member,Men,"Leaders, Network, VL",VL_networks,Leadership networks,NA,NA,Royal Danish Embassy Ambassadoer
Claus Michael Valentin Hemmingsen,VL gruppe 46 - Koebenhavn,Member,Men,"Leaders, Network, VL",VL_networks,Leadership networks,4000610092,NA,Maersk Drilling A/S Skibsreder
Erik Jacobsen 8041,VL gruppe 46 - Koebenhavn,Member,Men,"Leaders, Network, VL",VL_networks,Leadership networks,4003972496,NA,Erik Jacobsen
Frank Angelius Andersen,VL gruppe 46 - Koebenhavn,Member,Men,"Leaders, Network, VL",VL_networks,Leadership networks,4003902855,NA,Frank Andersen Tidl. balletmester
Hans-Christian Mathiesen,VL gruppe 46 - Koebenhavn,Member,Men,"Leaders, Network, VL",VL_networks,Leadership networks,NA,NA,Haerstaben Generalmajor & Chef for
Henrik Brandt 12281,VL gruppe 46 - Koebenhavn,Member,Men,"Leaders, Network, VL",VL_networks,Leadership networks,4004162676,NA,Royal Unibrew A/S Adm. direktoer
Jan Rindbo,VL gruppe 46 - Koebenhavn,Member,Men,"Leaders, Network, VL",VL_networks,Leadership networks,4005998302,NA,DS Norden A/S CEO
Jeff Olsen Gravenhorst,VL gruppe 46 - Koebenhavn,Member,Men,"Leaders, Network, VL",VL_networks,Leadership networks,4003955598,NA,ISS A/S CEO
Jens Bjoern Andersen 15083,VL gruppe 46 - Koebenhavn,Member,Men,"Leaders, Network, VL",VL_networks,Leadership networks,4004077184,NA,DSV A/S CEO
Jens Flemming Jensen,VL gruppe 46 - Koebenhavn,Member,Men,"Leaders, Network, VL",VL_networks,Leadership networks,4000001654,NA,"SAS EVP, COO and Accountable Manager"
Joergen Vilhelm Loevenoern Bardenfleth,VL gruppe 46 - Koebenhavn,Member,Men,"Leaders, Network, VL",VL_networks,Leadership networks,4004015077,NA,Symbion Bestyrelsesformand
Jürgen von Hollen,VL gruppe 46 - Koebenhavn,NA,Men,"Leaders, Network, VL",VL_networks,Leadership networks,NA,NA,Universal Robots
Kasim Kutay,VL gruppe 46 - Koebenhavn,NA,Men,"Leaders, Network, VL",VL_networks,Leadership networks,4006658628,NA,NA
Kenneth Douglas Plummer,VL gruppe 46 - Koebenhavn,Member,Men,"Leaders, Network, VL",VL_networks,Leadership networks,4003997338,NA,Ronald A/S CEO
Lars Terney,VL gruppe 46 - Koebenhavn,NA,Men,"Leaders, Network, VL",VL_networks,Leadership networks,4004082147,NA,NA
Lars Torpe Christoffersen,VL gruppe 46 - Koebenhavn,Member,Men,"Leaders, Network, VL",VL_networks,Leadership networks,NA,NA,Lars Torpe Christoffersen Direktoer
Mauricio Graber,VL gruppe 46 - Koebenhavn,NA,Men,"Leaders, Network, VL",VL_networks,Leadership networks,NA,NA,Chr. Hansen
Michael Hedegaard Lyng,VL gruppe 46 - Koebenhavn,NA,Men,"Leaders, Network, VL",VL_networks,Leadership networks,4000141563,NA,NA
Ole Mikael Jensen,VL gruppe 46 - Koebenhavn,Member,Men,"Leaders, Network, VL",VL_networks,Leadership networks,4004082740,NA,DT Group A/S Koncernchef
Soeren Eriksen 33115,VL gruppe 46 - Koebenhavn,Member,Men,"Leaders, Network, VL",VL_networks,Leadership networks,4004059145,NA,Soeren Eriksen Direktoer
Soeren Nielsen 46941,VL gruppe 46 - Koebenhavn,NA,Men,"Leaders, Network, VL",VL_networks,Leadership networks,4000498497,NA,NA
Steffen Kragh 34034,VL gruppe 46 - Koebenhavn,Member,Men,"Leaders, Network, VL",VL_networks,Leadership networks,4003968436,NA,"Egmont Koncernchef, adm. direktoer"
Sven Arne Blomberg,VL gruppe 46 - Koebenhavn,Member,Men,"Leaders, Network, VL",VL_networks,Leadership networks,4003952400,NA,BRFkredit a/s Adm. direktoer
Thomas Peider Hofman-Bang,VL gruppe 46 - Koebenhavn,Member,Men,"Leaders, Network, VL",VL_networks,Leadership networks,4004012282,NA,KPMG CEO & Senior Partner
Thomas Schulz,VL gruppe 46 - Koebenhavn,NA,Men,"Leaders, Network, VL",VL_networks,Leadership networks,4004151343,NA,NA
Tim Frank Andersen 35618,VL gruppe 46 - Koebenhavn,Member,Men,"Leaders, Network, VL",VL_networks,Leadership networks,NA,NA,In2media A/S Best. Formand
Vagn Ove Soerensen,VL gruppe 46 - Koebenhavn,NA,Men,"Leaders, Network, VL",VL_networks,Leadership networks,4000565922,NA,NA
Britt Meelby Jensen,VL gruppe 46 - Koebenhavn,Member,Women,"Leaders, Network, VL",VL_networks,Leadership networks,4003830981,NA,Zealand Pharma A/S President and CEO
Christina Bruun Geertsen,VL gruppe 46 - Koebenhavn,Member,Women,"Leaders, Network, VL",VL_networks,Leadership networks,4000599314,NA,Kromann Reumert Partnere
Christina Hvid,VL gruppe 46 - Koebenhavn,Member,Women,"Leaders, Network, VL",VL_networks,Leadership networks,4000663189,NA,Rejseplanen A/S Adm. direktoer
Christine Buhl Andersen,VL gruppe 46 - Koebenhavn,NA,Women,"Leaders, Network, VL",VL_networks,Leadership networks,4006851668,NA,NA
Hanne Leth Andersen,VL gruppe 46 - Koebenhavn,NA,Women,"Leaders, Network, VL",VL_networks,Leadership networks,4004185601,NA,NA
Jeanette Aaen,VL gruppe 46 - Koebenhavn,NA,Women,"Leaders, Network, VL",VL_networks,Leadership networks,4004107989,NA,Illum A/S
Karen Tobiasen,VL gruppe 46 - Koebenhavn,NA,Women,"Leaders, Network, VL",VL_networks,Leadership networks,NA,NA,NA
Pernille Erenberg,VL gruppe 46 - Koebenhavn,Member,Women,"Leaders, Network, VL",VL_networks,Leadership networks,NA,NA,"Adm. Direktoer, TDC"
Pia Nyring 31121,VL gruppe 46 - Koebenhavn,Member,Women,"Leaders, Network, VL",VL_networks,Leadership networks,NA,NA,OEregaard Gymnasium Rektor
Silke Janser,VL gruppe 46 - Koebenhavn,NA,Women,"Leaders, Network, VL",VL_networks,Leadership networks,4006667967,NA,NA
Anders Götzsche,VL gruppe 48 - Koebenhavn,Member,Men,"Leaders, Network, VL",VL_networks,Leadership networks,4004041871,NA,H. Lundbeck A/S EVP & CFO
Anders Hoersholt,VL gruppe 48 - Koebenhavn,Member,Men,"Leaders, Network, VL",VL_networks,Leadership networks,4004146810,NA,NA
Bjoern Stene,VL gruppe 48 - Koebenhavn,Member,Men,"Leaders, Network, VL",VL_networks,Leadership networks,4000059773,NA,"Charter Five Partner, adm. direktoer"
Carl Aage Dahl,VL gruppe 48 - Koebenhavn,Member,Men,"Leaders, Network, VL",VL_networks,Leadership networks,4004164150,NA,"Ingenioerforeningen, IDA Adm. direktoer"
Christian Joergen Jens Wedell-Neergaard,VL gruppe 48 - Koebenhavn,Member,Men,"Leaders, Network, VL",VL_networks,Leadership networks,4000082740,NA,((Svenstrup Gods Folketingsmedl.Det Konservative Folkep.
Claus Stig  Pedersen,VL gruppe 48 - Koebenhavn,Member,Men,"Leaders, Network, VL",VL_networks,Leadership networks,NA,NA,Novozymes Direktoer for Baeredygtighed
Eivind Drachmann Kolding,VL gruppe 48 - Koebenhavn,Member,Men,"Leaders, Network, VL",VL_networks,Leadership networks,4000579353,NA,Novo A/S Adm. direktoer
Henrik Caspar Wegener,VL gruppe 48 - Koebenhavn,Member,Men,"Leaders, Network, VL",VL_networks,Leadership networks,4004181610,NA,NA
Henrik Plougmann Olsen,VL gruppe 48 - Koebenhavn,Member,Men,"Leaders, Network, VL",VL_networks,Leadership networks,4000466535,NA,NA
Jakob Stausholm,VL gruppe 48 - Koebenhavn,Member,Men,"Leaders, Network, VL",VL_networks,Leadership networks,4003999556,NA,Maersk Line Chief Strategy & Transformation Officer
Jens Winther 15915,VL gruppe 48 - Koebenhavn,Member,Men,"Leaders, Network, VL",VL_networks,Leadership networks,NA,NA,NorCap A/S Adm. direktoer/partner
Jesper Koefoed 16212,VL gruppe 48 - Koebenhavn,Member,Men,"Leaders, Network, VL",VL_networks,Leadership networks,4000190920,NA,Ernst & Young P/S CEO & Country Managing Partner
Joergen Elmeskov,VL gruppe 48 - Koebenhavn,Member,Men,"Leaders, Network, VL",VL_networks,Leadership networks,NA,NA,Danmarks Statistik Rigsstatistiker
Joergen Tang-Jensen,VL gruppe 48 - Koebenhavn,Member,Men,"Leaders, Network, VL",VL_networks,Leadership networks,4003923746,NA,VELUX A/S Adm. direktoer
Kurt Bligaard Pedersen,VL gruppe 48 - Koebenhavn,Member,Men,"Leaders, Network, VL",VL_networks,Leadership networks,4000750949,NA,Gaxprom Energy CEO
Mikkel Haugaard Hemmingsen,VL gruppe 48 - Koebenhavn,Member,Men,"Leaders, Network, VL",VL_networks,Leadership networks,4006649871,NA,Koebenhavns Kommune Adm. direktoer
Nicolai Hesdorf,VL gruppe 48 - Koebenhavn,Member,Men,"Leaders, Network, VL",VL_networks,Leadership networks,NA,NA,Deloitte Monitor
Niels Erik Nielsen 27316,VL gruppe 48 - Koebenhavn,Member,Men,"Leaders, Network, VL",VL_networks,Leadership networks,4000143784,NA,"Lett Partner, advokat"
Niels Harald De Coninck-Smith,VL gruppe 48 - Koebenhavn,Member,Men,"Leaders, Network, VL",VL_networks,Leadership networks,4003971646,NA,Royal Greenland A/S Bestyrelsesformand
Nikolas Lyhne-Knudsen,VL gruppe 48 - Koebenhavn,Member,Men,"Leaders, Network, VL",VL_networks,Leadership networks,NA,NA,NA
Oliver McFall  Berger Roland,VL gruppe 48 - Koebenhavn,Member,Men,"Leaders, Network, VL",VL_networks,Leadership networks,NA,NA,Middle East Vice President
Per Bremer Rasmussen,VL gruppe 48 - Koebenhavn,Member,Men,"Leaders, Network, VL",VL_networks,Leadership networks,4004105996,NA,Forsikring og Pension Adm. direktoer
Peter Bartram,VL gruppe 48 - Koebenhavn,Member,Men,"Leaders, Network, VL",VL_networks,Leadership networks,4004098896,NA,Forsvarskommandoen Forsvarschef
Peter Friis 198350,VL gruppe 48 - Koebenhavn,Member,Men,"Leaders, Network, VL",VL_networks,Leadership networks,NA,NA,"Adm. Direktoer, Google Danmark"
Peter Sam Loft,VL gruppe 48 - Koebenhavn,Member,Men,"Leaders, Network, VL",VL_networks,Leadership networks,NA,NA,Public Affairs Group Senior Advisor
Peter Schütze,VL gruppe 48 - Koebenhavn,Member,Men,"Leaders, Network, VL",VL_networks,Leadership networks,4003917596,NA,DSB og CBS Formand for bestyrelsen
Peter Steensgaard Moerch,VL gruppe 48 - Koebenhavn,Member,Men,"Leaders, Network, VL",VL_networks,Leadership networks,NA,NA,Beskaeftigelsesministeriet Departementschef
Povl Christian Lütken Frigast,VL gruppe 48 - Koebenhavn,Member,Men,"Leaders, Network, VL",VL_networks,Leadership networks,4000249221,NA,Axcel Management Managing Partner
Soeren Holm Johansen,VL gruppe 48 - Koebenhavn,Member,Men,"Leaders, Network, VL",VL_networks,Leadership networks,4004030110,NA,Ramboell Gruppen A/S Group Executive Director
Thomas Ahrenkiel,VL gruppe 48 - Koebenhavn,Member,Men,"Leaders, Network, VL",VL_networks,Leadership networks,NA,NA,NA
Thomas Woldbye,VL gruppe 48 - Koebenhavn,Member,Men,"Leaders, Network, VL",VL_networks,Leadership networks,4004093876,NA,Koebenhavns Lufthavne A/S Adm. direktoer
Ulrik Bülow,VL gruppe 48 - Koebenhavn,Member,Men,"Leaders, Network, VL",VL_networks,Leadership networks,4003943508,NA,Otto Moensted A/S Adm. direktoer
Anne Jastrup,VL gruppe 48 - Koebenhavn,Member,Women,"Leaders, Network, VL",VL_networks,Leadership networks,NA,NA,NA
Bente Sorgenfrey,VL gruppe 48 - Koebenhavn,Member,Women,"Leaders, Network, VL",VL_networks,Leadership networks,4000296824,NA,FTF Formand
Helle Bank Joergensen,VL gruppe 48 - Koebenhavn,Member,Women,"Leaders, Network, VL",VL_networks,Leadership networks,NA,NA,B. Accountability CEO
Ida Sofie Jensen,VL gruppe 48 - Koebenhavn,Member,Women,"Leaders, Network, VL",VL_networks,Leadership networks,4000098543,NA,Laegemiddelindustriforeningen Koncernchef
Jane Anette Wickmann,VL gruppe 48 - Koebenhavn,Member,Women,"Leaders, Network, VL",VL_networks,Leadership networks,4004044087,NA,Teknologisk Institut Direktoer
Liselotte Munk,VL gruppe 48 - Koebenhavn,Member,Women,"Leaders, Network, VL",VL_networks,Leadership networks,NA,NA,"CSC Director, General Manager Insurance"
Lone Christina Wiggers,VL gruppe 48 - Koebenhavn,Member,Women,"Leaders, Network, VL",VL_networks,Leadership networks,4000054074,NA,"Arkitektfirmaet C.F. Moeller A/S Partner, Arkitekt"
Majken Schultz,VL gruppe 48 - Koebenhavn,Member,Women,"Leaders, Network, VL",VL_networks,Leadership networks,4000302300,NA,Copenhagen Business School Professor
Allan Karlsen,VL gruppe 5 - Koebenhavn,Member,Men,"Leaders, Network, VL",VL_networks,Leadership networks,NA,NA,Aon CEOAdm. direktoer
Anders Terkildsen,VL gruppe 5 - Koebenhavn,Member,Men,"Leaders, Network, VL",VL_networks,Leadership networks,4004126212,NA,Nilfisk-Advance A/S Koncerndirektoer
Arne J. Gillin,VL gruppe 5 - Koebenhavn,Member,Men,"Leaders, Network, VL",VL_networks,Leadership networks,NA,NA,5 Proxima International ApS Adm. direktoer
Christian Peytz,VL gruppe 5 - Koebenhavn,Member,Men,"Leaders, Network, VL",VL_networks,Leadership networks,NA,NA,Peytz & Co Direktoer
Hans Christian Petersen,VL gruppe 5 - Koebenhavn,Member,Men,"Leaders, Network, VL",VL_networks,Leadership networks,NA,NA,Hans Christian Petersen Direktoer
Hans Duus Joergensen,VL gruppe 5 - Koebenhavn,Member,Men,"Leaders, Network, VL",VL_networks,Leadership networks,NA,NA,NGF Natureenergy Biogas A/S Adm. direktoer
Henrik Bjoern Rasmussen,VL gruppe 5 - Koebenhavn,Member,Men,"Leaders, Network, VL",VL_networks,Leadership networks,4000206051,NA,IBM Client Unit Executive
Holger Reenberg,VL gruppe 5 - Koebenhavn,Member,Men,"Leaders, Network, VL",VL_networks,Leadership networks,NA,NA,HEART Herning Museum of Contemporary Art Direktoer
Jens Henneberg,VL gruppe 5 - Koebenhavn,Member,Men,"Leaders, Network, VL",VL_networks,Leadership networks,4004032978,NA,Bonnier Publications A/S EVP/Editorial Director
Jesper Bjerre,VL gruppe 5 - Koebenhavn,Member,Men,"Leaders, Network, VL",VL_networks,Leadership networks,NA,NA,PFA Pension Direktoer
Kim Lehmann,VL gruppe 5 - Koebenhavn,Member,Men,"Leaders, Network, VL",VL_networks,Leadership networks,NA,NA,GN Otometrics A/S President & CEO
Kim Vejlby Hansen,VL gruppe 5 - Koebenhavn,Member,Men,"Leaders, Network, VL",VL_networks,Leadership networks,4004106176,NA,FOSS COO
Lars Bo Ive,VL gruppe 5 - Koebenhavn,Member,Men,"Leaders, Network, VL",VL_networks,Leadership networks,4000013580,NA,LI Raadgivning Direktoer
Lars Oddershede Sunesen,VL gruppe 5 - Koebenhavn,Member,Men,"Leaders, Network, VL",VL_networks,Leadership networks,NA,NA,Widex SVP Global Development
Lars Roenn 21952,VL gruppe 5 - Koebenhavn,Member,Men,"Leaders, Network, VL",VL_networks,Leadership networks,4004033272,NA,Brüel & Kjaer A/S Adm. Direktoer
Lars Woerzner,VL gruppe 5 - Koebenhavn,Member,Men,"Leaders, Network, VL",VL_networks,Leadership networks,4003992117,NA,Konica Minolta Business Solutions Denmark a/s Adm. direktoer / Managing Director
Mads Bo Keis Andersen,VL gruppe 5 - Koebenhavn,Member,Men,"Leaders, Network, VL",VL_networks,Leadership networks,4004008495,NA,Maj Invest A/S Partner
Martin Rahbek,VL gruppe 5 - Koebenhavn,Member,Men,"Leaders, Network, VL",VL_networks,Leadership networks,4004030084,NA,Moranti A/S Koncernchef
Martin Thorborg,VL gruppe 5 - Koebenhavn,Member,Men,"Leaders, Network, VL",VL_networks,Leadership networks,4003842566,NA,Dinero ApS Adm. direktoer
Morten Thomsen Hoejsgaard,VL gruppe 5 - Koebenhavn,Member,Men,"Leaders, Network, VL",VL_networks,Leadership networks,NA,NA,DR Redaktionschef
Paal Thore Krosby,VL gruppe 5 - Koebenhavn,Member,Men,"Leaders, Network, VL",VL_networks,Leadership networks,NA,NA,Aller Media A/S Adm. direktoer
Peer B. Petersen,VL gruppe 5 - Koebenhavn,Member,Men,"Leaders, Network, VL",VL_networks,Leadership networks,NA,NA,"Bech-Bruun Advokat, partner"
Peter Thagesen,VL gruppe 5 - Koebenhavn,Member,Men,"Leaders, Network, VL",VL_networks,Leadership networks,NA,NA,DI Underdirektoer
Rene Engskov,VL gruppe 5 - Koebenhavn,Member,Men,"Leaders, Network, VL",VL_networks,Leadership networks,NA,NA,Sahva A/S Adm. direktoer
Soeren Dolriis,VL gruppe 5 - Koebenhavn,Member,Men,"Leaders, Network, VL",VL_networks,Leadership networks,NA,NA,Syntase A/S Direktoer
Soeren Gath Hansen,VL gruppe 5 - Koebenhavn,Member,Men,"Leaders, Network, VL",VL_networks,Leadership networks,NA,NA,Soeren Gath Hansen Bestyrelsesmedlem
Sten Verland,VL gruppe 5 - Koebenhavn,Member,Men,"Leaders, Network, VL",VL_networks,Leadership networks,NA,NA,"Sunstone Capital A/S Partner, direktoer"
Svend B. Hagemann,VL gruppe 5 - Koebenhavn,Member,Men,"Leaders, Network, VL",VL_networks,Leadership networks,4000557191,NA,"Beierholm Partner, Statsautoriseret revisor"
Svenn Poulsen,VL gruppe 5 - Koebenhavn,Member,Men,"Leaders, Network, VL",VL_networks,Leadership networks,NA,NA,Wellspect Healthcare Group President
Thomas Ohm 35384,VL gruppe 5 - Koebenhavn,Member,Men,"Leaders, Network, VL",VL_networks,Leadership networks,NA,NA,KONE A/S Adm. direktoer
Tonny Kent Bjerregaard Nielsen,VL gruppe 5 - Koebenhavn,Member,Men,"Leaders, Network, VL",VL_networks,Leadership networks,4004158319,NA,Aberdeen Asset Management Denmark CEO
Torben Jacobsen 36244,VL gruppe 5 - Koebenhavn,Member,Men,"Leaders, Network, VL",VL_networks,Leadership networks,NA,NA,NESBI ApS Adm. direktoer
Torben Peter Qvist,VL gruppe 5 - Koebenhavn,Member,Men,"Leaders, Network, VL",VL_networks,Leadership networks,4004037497,NA,Honeywell A/S Adm. direktoer
Birgitte Dam Kraemmergaard,VL gruppe 5 - Koebenhavn,Member,Women,"Leaders, Network, VL",VL_networks,Leadership networks,NA,NA,Zealand Care A/S Adm. direktoer
Charlotte Nilsson Norby,VL gruppe 5 - Koebenhavn,Member,Women,"Leaders, Network, VL",VL_networks,Leadership networks,NA,NA,Coop Trading A/S Executive VP and Chief Procurement Officer
Mai-Britt Tornhoej,VL gruppe 5 - Koebenhavn,Member,Women,"Leaders, Network, VL",VL_networks,Leadership networks,NA,NA,Illum A/S Chief Commercial Officer
Mette Louise Kaagaard,VL gruppe 5 - Koebenhavn,Member,Women,"Leaders, Network, VL",VL_networks,Leadership networks,NA,NA,Schultz Holding Adm. Direktoer
Mette Reissmann,VL gruppe 5 - Koebenhavn,Member,Women,"Leaders, Network, VL",VL_networks,Leadership networks,NA,NA,"Folketinget Politiker, MF"
Toni Lee Larsen,VL gruppe 50 – Vejle,Member,Binominal,"Leaders, Network, VL",VL_networks,Leadership networks,NA,NA,Vejle Musikteater Direktoer
Bjarne Henning Jensen,VL gruppe 50 – Vejle,Member,Men,"Leaders, Network, VL",VL_networks,Leadership networks,4000123231,NA,Syddansk Teknologisk Innovation A/S Adm. direktoer
Christian Elbroend,VL gruppe 50 – Vejle,Member,Men,"Leaders, Network, VL",VL_networks,Leadership networks,NA,NA,Toft A/S Partner/Co-owner
Claus Fisker,VL gruppe 50 – Vejle,Member,Men,"Leaders, Network, VL",VL_networks,Leadership networks,NA,NA,CCJ Holding Bredsten Direktoer
Folke Bjerg,VL gruppe 50 – Vejle,Member,Men,"Leaders, Network, VL",VL_networks,Leadership networks,NA,NA,Knud Beer Consult ApSlis
Hans-Christian Ohrt,VL gruppe 50 – Vejle,Member,Men,"Leaders, Network, VL",VL_networks,Leadership networks,4003849744,NA,"Andersen Partners Advokat, partner"
Henrik Damgaard-Hansen,VL gruppe 50 – Vejle,Member,Men,"Leaders, Network, VL",VL_networks,Leadership networks,4004035799,NA,Jysk Fynske Medier P/S Salgsdirektoer/direktion
Henrik Feld Jakobsen,VL gruppe 50 – Vejle,Member,Men,"Leaders, Network, VL",VL_networks,Leadership networks,NA,NA,Vaimo A/S MD / Country Manager
Jens Hansen 15328,VL gruppe 50 – Vejle,Member,Men,"Leaders, Network, VL",VL_networks,Leadership networks,NA,NA,JH Holding a/s Speditoer
Jens Henrik Lund,VL gruppe 50 – Vejle,Member,Men,"Leaders, Network, VL",VL_networks,Leadership networks,NA,NA,Match Racing Denmark Direktoer
Jens-Ove Mortensen,VL gruppe 50 – Vejle,Member,Men,"Leaders, Network, VL",VL_networks,Leadership networks,4000161801,NA,Wirtgen A/S Adm. direktoer
Kim Moeller Jensen,VL gruppe 50 – Vejle,Member,Men,"Leaders, Network, VL",VL_networks,Leadership networks,NA,NA,Siemens Wind Power Head of IT
Knud Beer,VL gruppe 50 – Vejle,Member,Men,"Leaders, Network, VL",VL_networks,Leadership networks,NA,NA,Knud Beer Consult ApS Direktoer
Kristian Glisbjerg Jakobsen,VL gruppe 50 – Vejle,Member,Men,"Leaders, Network, VL",VL_networks,Leadership networks,4000118788,NA,Maskinhandler Indkoebsringen AmbA. Adm. direktoer
Kurt Henning,VL gruppe 50 – Vejle,Member,Men,"Leaders, Network, VL",VL_networks,Leadership networks,NA,NA,LogoPaint A/S Adm. direktoer
Lasse Iversen Hansen,VL gruppe 50 – Vejle,Member,Men,"Leaders, Network, VL",VL_networks,Leadership networks,NA,NA,Deloitte Director
Martin Brinch,VL gruppe 50 – Vejle,Member,Men,"Leaders, Network, VL",VL_networks,Leadership networks,NA,NA,PR Chokolade A/S Direktoer
Niels Pedersen 41570,VL gruppe 50 – Vejle,Member,Men,"Leaders, Network, VL",VL_networks,Leadership networks,NA,NA,Graintec A/S Adm. direktoer
Per Hedeboe Jensen 41567,VL gruppe 50 – Vejle,Member,Men,"Leaders, Network, VL",VL_networks,Leadership networks,NA,NA,TrueLink A/S Adm. direktoer
Per Holm 41566,VL gruppe 50 – Vejle,Member,Men,"Leaders, Network, VL",VL_networks,Leadership networks,NA,NA,BlueKolding Direktoer
Per Stoevring,VL gruppe 50 – Vejle,Member,Men,"Leaders, Network, VL",VL_networks,Leadership networks,NA,NA,Atkins Danmark A/S Direktoer
Peter Hulweg Christiansen,VL gruppe 50 – Vejle,Member,Men,"Leaders, Network, VL",VL_networks,Leadership networks,NA,NA,A/S Georg Jensen Damaskvaeveriet Adm. direktoer
Soeren Schnedler,VL gruppe 50 – Vejle,Member,Men,"Leaders, Network, VL",VL_networks,Leadership networks,NA,NA,Gravity Indehaver
Soeren Vinderslev,VL gruppe 50 – Vejle,Member,Men,"Leaders, Network, VL",VL_networks,Leadership networks,NA,NA,Bayern Autogroup Filialdirdirektoer
Thomas Nielsen 41569,VL gruppe 50 – Vejle,Member,Men,"Leaders, Network, VL",VL_networks,Leadership networks,NA,NA,Bjert Ejendomme A/S og Design City Vest A/S Administrerende Direktoer
Tommy Hoejtoft Pedersen,VL gruppe 50 – Vejle,Member,Men,"Leaders, Network, VL",VL_networks,Leadership networks,NA,NA,Procudan A/S Adm. direktoer
Tommy Puck,VL gruppe 50 – Vejle,Member,Men,"Leaders, Network, VL",VL_networks,Leadership networks,4004156616,NA,Dansk ErhvervsFinansiering A/S Direktoer
Torben Pagh 36381,VL gruppe 50 – Vejle,Member,Men,"Leaders, Network, VL",VL_networks,Leadership networks,4004037757,NA,DHL Global Forwarding A/S Vice President
Dorthe Bjerre,VL gruppe 50 – Vejle,Member,Women,"Leaders, Network, VL",VL_networks,Leadership networks,NA,NA,Synergii Indehaver
Jeanette Therkildsen,VL gruppe 50 – Vejle,Member,Women,"Leaders, Network, VL",VL_networks,Leadership networks,4000666662,NA,Kolding Hotel Apartments Direktoer
Lisbeth Holm Hoejgaard,VL gruppe 50 – Vejle,Member,Women,"Leaders, Network, VL",VL_networks,Leadership networks,4000771964,NA,"
VERO MODA//BESTSELLER - Executive Brand Director
"
Trine Brinch Soerensen,VL gruppe 50 – Vejle,Member,Women,"Leaders, Network, VL",VL_networks,Leadership networks,NA,NA,Virklund Sport A/S CEO / Adm. direktoer
Bendix Christensen,VL gruppe 51 – Viborg,Member,Men,"Leaders, Network, VL",VL_networks,Leadership networks,NA,NA,Exova METECH A/S Direktoer
Bent Ejnar Juul Simonsen,VL gruppe 51 – Viborg,Member,Men,"Leaders, Network, VL",VL_networks,Leadership networks,4004015121,NA,Dalgasgroup A/S Koncerndirektoer / CFO
Bent Mikkelsen 3082,VL gruppe 51 – Viborg,Member,Men,"Leaders, Network, VL",VL_networks,Leadership networks,NA,NA,Region Midtjylland Afdelingschef
Christian Vindstrup,VL gruppe 51 – Viborg,Member,Men,"Leaders, Network, VL",VL_networks,Leadership networks,NA,NA,Palsgaard Trae A/S Adm. direktoer
Claus Bastrup Bertelsen,VL gruppe 51 – Viborg,Member,Men,"Leaders, Network, VL",VL_networks,Leadership networks,4004116384,NA,Peter Larsen Kaffe A/S Adm. direktoer
Claus Donslund,VL gruppe 51 – Viborg,Member,Men,"Leaders, Network, VL",VL_networks,Leadership networks,4004179897,NA,inghallen Kongres- og musikhus Adm. direktoer
Erik Lund Pedersen,VL gruppe 51 – Viborg,Member,Men,"Leaders, Network, VL",VL_networks,Leadership networks,4000451063,NA,Spar Nord Viborg Direktoer
Finn Kjaergaard,VL gruppe 51 – Viborg,Member,Men,"Leaders, Network, VL",VL_networks,Leadership networks,NA,NA,F.K. Management Direktoer
Flemming Nauntofte,VL gruppe 51 – Viborg,Member,Men,"Leaders, Network, VL",VL_networks,Leadership networks,NA,NA,KPF Arkitekter AS Arkitekt
Hans Joergen Pedersen 11050,VL gruppe 51 – Viborg,Member,Men,"Leaders, Network, VL",VL_networks,Leadership networks,NA,NA,AgriFarm Adm. Direktoer og Partner
Henning Beck,VL gruppe 51 – Viborg,Member,Men,"Leaders, Network, VL",VL_networks,Leadership networks,NA,NA,Logstor Denmark Holding ApS CFO
Henrik B. Jeppesen,VL gruppe 51 – Viborg,Member,Men,"Leaders, Network, VL",VL_networks,Leadership networks,NA,NA,Linatech ApS Adm. direktoer
Henrik Hansen 41576,VL gruppe 51 – Viborg,Member,Men,"Leaders, Network, VL",VL_networks,Leadership networks,NA,NA,VIBORGegnens Erhvervsraad Erhvervsdirektoer
Henrik Heide Ottosen,VL gruppe 51 – Viborg,Member,Men,"Leaders, Network, VL",VL_networks,Leadership networks,4000105304,NA,DAHL Advokat
Henrik Lundsgaard,VL gruppe 51 – Viborg,Member,Men,"Leaders, Network, VL",VL_networks,Leadership networks,NA,NA,Ullits & Winther Statsaut. revisor
Jacob bach Nielsen,VL gruppe 51 – Viborg,Member,Men,"Leaders, Network, VL",VL_networks,Leadership networks,NA,NA,Qubiqa A/S Business Unit Director
Jan Hoeg Jensen,VL gruppe 51 – Viborg,Member,Men,"Leaders, Network, VL",VL_networks,Leadership networks,NA,NA,"Spar Nord, Skive Privatkundechef"
Jan Poulsen 41584,VL gruppe 51 – Viborg,Member,Men,"Leaders, Network, VL",VL_networks,Leadership networks,NA,NA,Eksekver IVS Direktoer
Jan Soendergaard Pedersen,VL gruppe 51 – Viborg,Member,Men,"Leaders, Network, VL",VL_networks,Leadership networks,NA,NA,Nilfisk-ALTO Food Division Adm. direktoer
Jens Rahbek,VL gruppe 51 – Viborg,Member,Men,"Leaders, Network, VL",VL_networks,Leadership networks,NA,NA,Handelsbanken Direktoer
Karl Marchl 41579,VL gruppe 51 – Viborg,Member,Men,"Leaders, Network, VL",VL_networks,Leadership networks,NA,NA,Golf Hotel Viborg Direktoer
Kenneth Biirsdahl,VL gruppe 51 – Viborg,Member,Men,"Leaders, Network, VL",VL_networks,Leadership networks,NA,NA,Deloitte Partner
Klaus Bolving,VL gruppe 51 – Viborg,Member,Men,"Leaders, Network, VL",VL_networks,Leadership networks,NA,NA,CenSec CEO
Knud Lomborg,VL gruppe 51 – Viborg,Member,Men,"Leaders, Network, VL",VL_networks,Leadership networks,2511208,NA,F&H A/S Adm. direktoer
Lars Bay-Smidt,VL gruppe 51 – Viborg,Member,Men,"Leaders, Network, VL",VL_networks,Leadership networks,4000260405,NA,HTH Koekkener A/S Direktoer
Max  Nielsen,VL gruppe 51 – Viborg,Member,Men,"Leaders, Network, VL",VL_networks,Leadership networks,NA,NA,Vaernfaelles Forsvarskommando Generalmajor
Michael Pedersen 41583,VL gruppe 51 – Viborg,Member,Men,"Leaders, Network, VL",VL_networks,Leadership networks,NA,NA,Frederik Pedersen Alu-Glas A/S Direktoer
Mikkel AAris,VL gruppe 51 – Viborg,Member,Men,"Leaders, Network, VL",VL_networks,Leadership networks,NA,NA,Quattro Arkitekter A/S Direktoer
Mikkel Christensen Bay,VL gruppe 51 – Viborg,Member,Men,"Leaders, Network, VL",VL_networks,Leadership networks,NA,NA,Bay BayAdvice	Ejer
Morten Lindholt Nielsen,VL gruppe 51 – Viborg,Member,Men,"Leaders, Network, VL",VL_networks,Leadership networks,NA,NA,Gardit A/S Adm. direktoer
Niels-Joern Rahbek,VL gruppe 51 – Viborg,Member,Men,"Leaders, Network, VL",VL_networks,Leadership networks,NA,NA,Hydraflex A/S Adm. direktoer
Per Telling,VL gruppe 51 – Viborg,Member,Men,"Leaders, Network, VL",VL_networks,Leadership networks,NA,NA,Per Telling Consulting Adm. direktoer
Peter Noergaard 41586,VL gruppe 51 – Viborg,Member,Men,"Leaders, Network, VL",VL_networks,Leadership networks,NA,NA,Vognsen Delfi A/S	Ejer
Poul Arne Jensen 31207,VL gruppe 51 – Viborg,Member,Men,"Leaders, Network, VL",VL_networks,Leadership networks,4000212107,NA,PAJ Consult Adm. direktoer
Richard Postborg,VL gruppe 51 – Viborg,Member,Men,"Leaders, Network, VL",VL_networks,Leadership networks,NA,NA,Trimit A/S Direktoer
Steen Ulrich,VL gruppe 51 – Viborg,Member,Men,"Leaders, Network, VL",VL_networks,Leadership networks,NA,NA,Helicopter Wing Karup Oberst
Vagn Nielsen 37219,VL gruppe 51 – Viborg,Member,Men,"Leaders, Network, VL",VL_networks,Leadership networks,NA,NA,Karup Kartoffelmelfabrik Adm. direktoer
Vagn Thorsager,VL gruppe 51 – Viborg,Member,Men,"Leaders, Network, VL",VL_networks,Leadership networks,4004091303,NA,Vestjysk BANK Bankdirektoer
Ann-Camilla Kjaempe,VL gruppe 51 – Viborg,Member,Women,"Leaders, Network, VL",VL_networks,Leadership networks,NA,NA,Arla Foods amba Direktoer Arla Brand Team
Britta Hedegaard,VL gruppe 51 – Viborg,Member,Women,"Leaders, Network, VL",VL_networks,Leadership networks,NA,NA,Experts for Experts ApS Partner
Britta Thuun-Petersen,VL gruppe 51 – Viborg,Member,Women,"Leaders, Network, VL",VL_networks,Leadership networks,NA,NA,Viborg Kommune Biblioteks- og borgerservicechef
Helle Skaarup Larsen,VL gruppe 51 – Viborg,Member,Women,"Leaders, Network, VL",VL_networks,Leadership networks,NA,NA,Vibocold A/S Kommerciel Direktoer
Inge Bak 13365,VL gruppe 51 – Viborg,Member,Women,"Leaders, Network, VL",VL_networks,Leadership networks,NA,NA,Viborg Innovation Fond Afdelingsdirektoer
Joan Colding,VL gruppe 51 – Viborg,Member,Women,"Leaders, Network, VL",VL_networks,Leadership networks,NA,NA,Leoni Advokater Advokat
Kirsten Holmgaard,VL gruppe 51 – Viborg,Member,Women,"Leaders, Network, VL",VL_networks,Leadership networks,NA,NA,Mercantec Direktoer
Lene Christensen 22461,VL gruppe 51 – Viborg,Member,Women,"Leaders, Network, VL",VL_networks,Leadership networks,4000177990,NA,Bach Gruppen A/S Direktoer
Lone Eibye Mikkelsen,VL gruppe 51 – Viborg,Member,Women,"Leaders, Network, VL",VL_networks,Leadership networks,NA,NA,Aarhus Katedralskole Rektor
Margit Johnson,VL gruppe 51 – Viborg,Member,Women,"Leaders, Network, VL",VL_networks,Leadership networks,NA,NA,Tvilum HR Manager
Mette Skaarup Philipsen,VL gruppe 51 – Viborg,Member,Women,"Leaders, Network, VL",VL_networks,Leadership networks,NA,NA,De Forenede Dampvaskerier A/S Divisionsdirektoer
Tina Schmidt Madsen,VL gruppe 51 – Viborg,Member,Women,"Leaders, Network, VL",VL_networks,Leadership networks,NA,NA,Boligselskabet Sct. Joergen Administrationschef
Ulla Voss Gjesing 39125,VL gruppe 51 – Viborg,Member,Women,"Leaders, Network, VL",VL_networks,Leadership networks,NA,NA,"Kulturprinsen, Boernekulturens Udviklingscenter Centerchef"
Bent Roland Nielsen,VL gruppe 54 – Aalborg,Member,Men,"Leaders, Network, VL",VL_networks,Leadership networks,4000205865,NA,Mariagerfjord Golf A/S Direktoer
Bo Lynge Rydahl,VL gruppe 54 – Aalborg,Member,Men,"Leaders, Network, VL",VL_networks,Leadership networks,4000153276,NA,Neas Energy A/S CEO
Bo Prangsgaard,VL gruppe 54 – Aalborg,Member,Men,"Leaders, Network, VL",VL_networks,Leadership networks,NA,NA,Krilima Holding Direktoer
Claus Bech Nielsen,VL gruppe 54 – Aalborg,Member,Men,"Leaders, Network, VL",VL_networks,Leadership networks,NA,NA,SAM Exective Search A/S Partner & Senior Consultant
Claus Bjoern,VL gruppe 54 – Aalborg,Member,Men,"Leaders, Network, VL",VL_networks,Leadership networks,NA,NA,Beck & Joergensen A/S Salgsdirektoer
Dolan Sund,VL gruppe 54 – Aalborg,Member,Men,"Leaders, Network, VL",VL_networks,Leadership networks,NA,NA,Aalborg Kommunes Erhvervsafdeling Erhvervskonsulent - Projektleder
Erik Knudsen 8077,VL gruppe 54 – Aalborg,Member,Men,"Leaders, Network, VL",VL_networks,Leadership networks,NA,NA,Novatech ApS Direktoer
Erik Rix-Nielsen,VL gruppe 54 – Aalborg,Member,Men,"Leaders, Network, VL",VL_networks,Leadership networks,NA,NA,Selek Danmark A/S Fotograf
Frede Clausen,VL gruppe 54 – Aalborg,Member,Men,"Leaders, Network, VL",VL_networks,Leadership networks,4000319579,NA,TK Development Adm. direktoer
Grimur Lund,VL gruppe 54 – Aalborg,Member,Men,"Leaders, Network, VL",VL_networks,Leadership networks,NA,NA,AVEVA Denmark A/S Direktoer
Gunnar Klug,VL gruppe 54 – Aalborg,Member,Men,"Leaders, Network, VL",VL_networks,Leadership networks,NA,NA,Spar Nord Bank A/S Direktoer
Hans Christian Hoeck,VL gruppe 54 – Aalborg,Member,Men,"Leaders, Network, VL",VL_networks,Leadership networks,NA,NA,CCBR A/S CEO
Hans J Hoeyer,VL gruppe 54 – Aalborg,Member,Men,"Leaders, Network, VL",VL_networks,Leadership networks,NA,NA,Forsvarsministeriets Ejendomsstyrelse Direktoer
Hans Peter Jensen 11240,VL gruppe 54 – Aalborg,Member,Men,"Leaders, Network, VL",VL_networks,Leadership networks,NA,NA,Hans Jensen Lubricators A/S Adm. direktoer
Henning Tidselbak,VL gruppe 54 – Aalborg,Member,Men,"Leaders, Network, VL",VL_networks,Leadership networks,NA,NA,Service Center Gruppen A/S Direktoer
Henrik Soerensen 12845,VL gruppe 54 – Aalborg,Member,Men,"Leaders, Network, VL",VL_networks,Leadership networks,4000116905,NA,Desmi A/S Adm. direktoer
Henrik Stage 12855,VL gruppe 54 – Aalborg,Member,Men,"Leaders, Network, VL",VL_networks,Leadership networks,NA,NA,"Metropolerhverv Partner, Statsaut. ejendomsmaegler"
Henrik Thorlacius-Ussing 12900,VL gruppe 54 – Aalborg,Member,Men,"Leaders, Network, VL",VL_networks,Leadership networks,4000203354,NA,Lindenborg Gods A/S Adm. direktoer
Jakob Moeller Hansen,VL gruppe 54 – Aalborg,Member,Men,"Leaders, Network, VL",VL_networks,Leadership networks,NA,NA,Comentor A/S Adm. direktoer
Joergen Boegh Overgaard,VL gruppe 54 – Aalborg,Member,Men,"Leaders, Network, VL",VL_networks,Leadership networks,NA,NA,Siemens Wind Power A/S Head of Fabrication Management
Joergen Moth,VL gruppe 54 – Aalborg,Member,Men,"Leaders, Network, VL",VL_networks,Leadership networks,NA,NA,JEMO Aalborg Direktoer
Keld Stenbro Ramlov,VL gruppe 54 – Aalborg,Member,Men,"Leaders, Network, VL",VL_networks,Leadership networks,4000452362,NA,Mariendal Gruppen Direktoer
Lasse Nyby,VL gruppe 54 – Aalborg,Member,Men,"Leaders, Network, VL",VL_networks,Leadership networks,4003960163,NA,Spar Nord Bank A/S Direktoer
Mogens Fisker,VL gruppe 54 – Aalborg,Member,Men,"Leaders, Network, VL",VL_networks,Leadership networks,NA,NA,Cembrit Danmark Adm. direktoer
Mogens Juul Moeller,VL gruppe 54 – Aalborg,Member,Men,"Leaders, Network, VL",VL_networks,Leadership networks,NA,NA,Aalborg Universitet Campus Direktoer
Mogens Mathiasen 41629,VL gruppe 54 – Aalborg,Member,Men,"Leaders, Network, VL",VL_networks,Leadership networks,NA,NA,Royal Danish Fish Group A/S Adm. direktoer
Mogens Tofte Koch,VL gruppe 54 – Aalborg,Member,Men,"Leaders, Network, VL",VL_networks,Leadership networks,NA,NA,Tofko Business Development A/S Direktoer
Paul Bjerring,VL gruppe 54 – Aalborg,Member,Men,"Leaders, Network, VL",VL_networks,Leadership networks,4000171591,NA,Bjerring-Management ApS Direktoer
Per Christensen 41626,VL gruppe 54 – Aalborg,Member,Men,"Leaders, Network, VL",VL_networks,Leadership networks,NA,NA,"HjulmandKaptain Advokat, Partner"
Per Vestergaard Andersen,VL gruppe 54 – Aalborg,Member,Men,"Leaders, Network, VL",VL_networks,Leadership networks,NA,NA,Andersen CDI Global	Virksomhedsmaegler
Peter Jessen,VL gruppe 54 – Aalborg,Member,Men,"Leaders, Network, VL",VL_networks,Leadership networks,NA,NA,SYSTEM CLEANERS A/S Bestyrelsesleder
Peter Vendelin Olesen,VL gruppe 54 – Aalborg,Member,Men,"Leaders, Network, VL",VL_networks,Leadership networks,NA,NA,Hi-Con A/S Adm. Direktoer
Rex A. Clausager,VL gruppe 54 – Aalborg,Member,Men,"Leaders, Network, VL",VL_networks,Leadership networks,NA,NA,VikingGenetics A/S CEO
Steen Rasmussen 33892,VL gruppe 54 – Aalborg,Member,Men,"Leaders, Network, VL",VL_networks,Leadership networks,NA,NA,S-Light A/S Direktoer
Stephan Schors,VL gruppe 54 – Aalborg,Member,Men,"Leaders, Network, VL",VL_networks,Leadership networks,3425260,NA,AaB A/S Adm. direktoer
Torben Kielgast Lauritsen,VL gruppe 54 – Aalborg,Member,Men,"Leaders, Network, VL",VL_networks,Leadership networks,NA,NA,PrivatHospitalet Skoerping Direktoer
Torben Toft Kristensen,VL gruppe 54 – Aalborg,Member,Men,"Leaders, Network, VL",VL_networks,Leadership networks,NA,NA,Deloitte Partner
Ulrik Bjerre Rasmussen,VL gruppe 54 – Aalborg,Member,Men,"Leaders, Network, VL",VL_networks,Leadership networks,4004060292,NA,Kangamiut Holding A/S Koncerndirektoer
Anette Venndt,VL gruppe 54 – Aalborg,Member,Women,"Leaders, Network, VL",VL_networks,Leadership networks,NA,NA,"A H Venndt Arkitekt m.a.a., adm. direktoer"
Bettina Egerland,VL gruppe 54 – Aalborg,Member,Women,"Leaders, Network, VL",VL_networks,Leadership networks,4000231391,NA,Conscius A/S Adm. direktoer
Hanne Toppenberg,VL gruppe 54 – Aalborg,Member,Women,"Leaders, Network, VL",VL_networks,Leadership networks,NA,NA,Toppenberg H.O.K. ApS Indehaver
Lene Kristensen 22547,VL gruppe 54 – Aalborg,Member,Women,"Leaders, Network, VL",VL_networks,Leadership networks,NA,NA,Vesterbro Serigrafi Adm. Direktoer
Lone Storgaard Duerlund,VL gruppe 54 – Aalborg,Member,Women,"Leaders, Network, VL",VL_networks,Leadership networks,NA,NA,Duerlund Duerlund Coaching & Lederskab Aps	Direktoer
Tina French Nielsen,VL gruppe 54 – Aalborg,Member,Women,"Leaders, Network, VL",VL_networks,Leadership networks,NA,NA,Skoleforvaltningen Raadmand
Christian Kurt Nielsen,VL gruppe 55 - Koebenhavn,Member,Men,"Leaders, Network, VL",VL_networks,Leadership networks,NA,NA,Mercuri Urval A/S Adm. direktoer/Managing Director
Henrik Bach Mortensen 12215,VL gruppe 55 - Koebenhavn,Member,Men,"Leaders, Network, VL",VL_networks,Leadership networks,NA,NA,Dansk Arbejdsgiverforening Direktoer
Henrik Franck 41633,VL gruppe 55 - Koebenhavn,Member,Men,"Leaders, Network, VL",VL_networks,Leadership networks,NA,NA,Formuepleje A/S Direktoer
Henrik Olsen 12735,VL gruppe 55 - Koebenhavn,Member,Men,"Leaders, Network, VL",VL_networks,Leadership networks,NA,NA,Henrik Olsen ApS Direktoer
Ib Enevoldsen,VL gruppe 55 - Koebenhavn,Member,Men,"Leaders, Network, VL",VL_networks,Leadership networks,4004137931,NA,Ramboell Executive Director
Jan-Peter Rekling,VL gruppe 55 - Koebenhavn,Member,Men,"Leaders, Network, VL",VL_networks,Leadership networks,NA,NA,Widex A/S SVP Global Retail
Jesper Munck Loiborg,VL gruppe 55 - Koebenhavn,Member,Men,"Leaders, Network, VL",VL_networks,Leadership networks,4000678050,NA,KFI Erhvervsdrivende Fond Adm. direktoer
Joergen Reimer Jensen,VL gruppe 55 - Koebenhavn,Member,Men,"Leaders, Network, VL",VL_networks,Leadership networks,NA,NA,Reimer Legal Advokat
Karsten Beltoft,VL gruppe 55 - Koebenhavn,Member,Men,"Leaders, Network, VL",VL_networks,Leadership networks,NA,NA,Realkreditforeningen Adm. direktoer
Kenneth Loberg,VL gruppe 55 - Koebenhavn,Member,Men,"Leaders, Network, VL",VL_networks,Leadership networks,4000513284,NA,Kopenhagen Fur Deputy CEO
Knud Hedeager Nielsen,VL gruppe 55 - Koebenhavn,Member,Men,"Leaders, Network, VL",VL_networks,Leadership networks,NA,NA,Niecon Direktoer
Kristian OEstergaard,VL gruppe 55 - Koebenhavn,Member,Men,"Leaders, Network, VL",VL_networks,Leadership networks,NA,NA,Glostrup Apotek Deputy Manager
Lars Lindqvist	GN,VL gruppe 55 - Koebenhavn,Member,Men,"Leaders, Network, VL",VL_networks,Leadership networks,NA,NA,"ReSound A/S SVP, R & D"
Lasse Skovby Rasmusson,VL gruppe 55 - Koebenhavn,Member,Men,"Leaders, Network, VL",VL_networks,Leadership networks,NA,NA,Lasse Skovby Rasmusson Consulting Direktoer
Michael Ehrenreich,VL gruppe 55 - Koebenhavn,Member,Men,"Leaders, Network, VL",VL_networks,Leadership networks,4000751491,NA,Hofmarskallatet Hofmarskal
Michael Sloth Hoejgaard,VL gruppe 55 - Koebenhavn,Member,Men,"Leaders, Network, VL",VL_networks,Leadership networks,4004008227,NA,Air Greenland Adm. direktoer
Mogens Gyde,VL gruppe 55 - Koebenhavn,Member,Men,"Leaders, Network, VL",VL_networks,Leadership networks,NA,NA,"Gyde Kommunikation ApS Direktoer, partner"
Niels-Ulrik Mousten,VL gruppe 55 - Koebenhavn,Member,Men,"Leaders, Network, VL",VL_networks,Leadership networks,4000197882,NA,Danske Capital Direktoer
Ole Bjarrum,VL gruppe 55 - Koebenhavn,Member,Men,"Leaders, Network, VL",VL_networks,Leadership networks,NA,NA,BB Partners Direktoer
Ole Bjoern Andersen,VL gruppe 55 - Koebenhavn,Member,Men,"Leaders, Network, VL",VL_networks,Leadership networks,4004171951,NA,Danhostel A/S Adm. direktoer
Ole Krog,VL gruppe 55 - Koebenhavn,Member,Men,"Leaders, Network, VL",VL_networks,Leadership networks,NA,NA,Public Affairs Group Direktoer
Otto Eggers,VL gruppe 55 - Koebenhavn,Member,Men,"Leaders, Network, VL",VL_networks,Leadership networks,NA,NA,Consultor Partner
Peter Hecht-Hansen,VL gruppe 55 - Koebenhavn,Member,Men,"Leaders, Network, VL",VL_networks,Leadership networks,NA,NA,"Allianz Global Corporate & Specialty CEO Nordics, Russia & Turkey"
Soeren Moelbak 33373,VL gruppe 55 - Koebenhavn,Member,Men,"Leaders, Network, VL",VL_networks,Leadership networks,NA,NA,PLH arkitekter as Partner
Steen Villemoes,VL gruppe 55 - Koebenhavn,Member,Men,"Leaders, Network, VL",VL_networks,Leadership networks,NA,NA,Steen Villemoes Ejer
Thomas B. Olsen,VL gruppe 55 - Koebenhavn,Member,Men,"Leaders, Network, VL",VL_networks,Leadership networks,NA,NA,"AgroTech, Teknologisk Institut Direktoer"
Thomas Jöhncke,VL gruppe 55 - Koebenhavn,Member,Men,"Leaders, Network, VL",VL_networks,Leadership networks,4006258738,NA,Semler Premium A/S Adm. Direktoer
Torben Faurby,VL gruppe 55 - Koebenhavn,Member,Men,"Leaders, Network, VL",VL_networks,Leadership networks,NA,NA,Faurby Consult & Invest Direktoer
Ulrik Falkner Thagesen,VL gruppe 55 - Koebenhavn,Member,Men,"Leaders, Network, VL",VL_networks,Leadership networks,NA,NA,MediaCom Adm. direktoer
Ulrik Sanders,VL gruppe 55 - Koebenhavn,Member,Men,"Leaders, Network, VL",VL_networks,Leadership networks,NA,NA,The Boston Consulting Group Senior Partner and Managing Director
Villy Dyhr,VL gruppe 55 - Koebenhavn,Member,Men,"Leaders, Network, VL",VL_networks,Leadership networks,4000361006,NA,HK Forbundssekretaer
Charlotte Mark Christensen,VL gruppe 55 - Koebenhavn,Member,Women,"Leaders, Network, VL",VL_networks,Leadership networks,4004010897,NA,Microsoft Development Center Copenhagen Adm. direktoer
Karen-Inger Bast,VL gruppe 55 - Koebenhavn,Member,Women,"Leaders, Network, VL",VL_networks,Leadership networks,NA,NA,Patienterstatningen Direktoer (adm.)
Marianne Kjaer 24286,VL gruppe 55 - Koebenhavn,Member,Women,"Leaders, Network, VL",VL_networks,Leadership networks,NA,NA,"Levring & Levring Direktoer, advokat"
Mette Ringsted,VL gruppe 55 - Koebenhavn,Member,Women,"Leaders, Network, VL",VL_networks,Leadership networks,NA,NA,Taarnby Gymnasium Rektor
Monika Gniadecka,VL gruppe 55 - Koebenhavn,Member,Women,"Leaders, Network, VL",VL_networks,Leadership networks,NA,NA,Herlev Hudklinik Indehaver
Pia Christmas-Moeller,VL gruppe 55 - Koebenhavn,Member,Women,"Leaders, Network, VL",VL_networks,Leadership networks,NA,NA,Pia Christmas-Moeller Fhv. MF
Susanne Svarre,VL gruppe 55 - Koebenhavn,Member,Women,"Leaders, Network, VL",VL_networks,Leadership networks,NA,NA,Tokheim Scandinavia A/S Adm. direktoer
Allan Skovgaard Hansen,VL gruppe 58 - Koebenhavn,Member,Men,"Leaders, Network, VL",VL_networks,Leadership networks,NA,NA,Thales Denmark A/S Chief Operational Officer
Caspar Rose 5273,VL gruppe 58 - Koebenhavn,Member,Men,"Leaders, Network, VL",VL_networks,Leadership networks,NA,NA,Copenhagen Business School Professor
Finn Kjaergaard,VL gruppe 58 - Koebenhavn,Member,Men,"Leaders, Network, VL",VL_networks,Leadership networks,4003955983,NA,Danske Invest Management A/S Vicedirektoer
Flemming F. Nielsen,VL gruppe 58 - Koebenhavn,Member,Men,"Leaders, Network, VL",VL_networks,Leadership networks,NA,NA,Becker & Nielsen A/S Direktoer
Hans Kornerup,VL gruppe 58 - Koebenhavn,Member,Men,"Leaders, Network, VL",VL_networks,Leadership networks,4004083235,NA,Haldor Topsoee Holding A/S OEkonomidirektoer
Henrik Dam Larsen,VL gruppe 58 - Koebenhavn,Member,Men,"Leaders, Network, VL",VL_networks,Leadership networks,4000337032,NA,DB Schenker A/S Adm. direktoer
Jan Kondrup,VL gruppe 58 - Koebenhavn,Member,Men,"Leaders, Network, VL",VL_networks,Leadership networks,4003950515,NA,Lokale Pengeinstitutter Adm. direktoer
Jens Almdal,VL gruppe 58 - Koebenhavn,Member,Men,"Leaders, Network, VL",VL_networks,Leadership networks,NA,NA,FLSmidth A/S Senior Vice President
Kell Robdrup,VL gruppe 58 - Koebenhavn,Member,Men,"Leaders, Network, VL",VL_networks,Leadership networks,NA,NA,DFDS A/S Senior VP
Kim Erbo Christensen,VL gruppe 58 - Koebenhavn,Member,Men,"Leaders, Network, VL",VL_networks,Leadership networks,NA,NA,CDM A/S Direktoer
Martin Pihl,VL gruppe 58 - Koebenhavn,Member,Men,"Leaders, Network, VL",VL_networks,Leadership networks,NA,NA,Plus-Plus A/S Adm. direktoer
Michael Rasmussen 25808,VL gruppe 58 - Koebenhavn,Member,Men,"Leaders, Network, VL",VL_networks,Leadership networks,NA,NA,"IBM Sales Leader, Sales Director - Nordic"
Mike Rulis,VL gruppe 58 - Koebenhavn,Member,Men,"Leaders, Network, VL",VL_networks,Leadership networks,NA,NA,Novo Nordisk A/S Kommunikationsdirektoer
Morten Willemar Kristensen,VL gruppe 58 - Koebenhavn,Member,Men,"Leaders, Network, VL",VL_networks,Leadership networks,NA,NA,Deloitte Partner - Statsautoriseret revisor
Ole Sehested,VL gruppe 58 - Koebenhavn,Member,Men,"Leaders, Network, VL",VL_networks,Leadership networks,NA,NA,OSC Aps Direktoer
Ole Thisted,VL gruppe 58 - Koebenhavn,Member,Men,"Leaders, Network, VL",VL_networks,Leadership networks,4004072856,NA,Sapa Extrusion Denmark A/S Managing Director
Peter Laursen 41691,VL gruppe 58 - Koebenhavn,Member,Men,"Leaders, Network, VL",VL_networks,Leadership networks,NA,NA,DEKRA Group Denmark CEO & Partner
Poul Henning Jensen 31368,VL gruppe 58 - Koebenhavn,Member,Men,"Leaders, Network, VL",VL_networks,Leadership networks,4004121344,NA,Pankas COO & Teknisk Direktoer
Ralf Dujardin,VL gruppe 58 - Koebenhavn,Member,Men,"Leaders, Network, VL",VL_networks,Leadership networks,NA,NA,Dansk Brandteknik a.s. Direktoer
Robert Steen Kledal,VL gruppe 58 - Koebenhavn,Member,Men,"Leaders, Network, VL",VL_networks,Leadership networks,4004142800,NA,Wrist Ship Supply Managing Director
Soeren Graversen,VL gruppe 58 - Koebenhavn,Member,Men,"Leaders, Network, VL",VL_networks,Leadership networks,NA,NA,Star Air A/S CEO & Accountable Manager
Soeren Jenry Petersen,VL gruppe 58 - Koebenhavn,Member,Men,"Leaders, Network, VL",VL_networks,Leadership networks,NA,NA,Urban Jürgensen President & CEO
Thomas Polano,VL gruppe 58 - Koebenhavn,Member,Men,"Leaders, Network, VL",VL_networks,Leadership networks,NA,NA,Gartner Senior Account Executive
Helene Krogh,VL gruppe 58 - Koebenhavn,Member,Women,"Leaders, Network, VL",VL_networks,Leadership networks,NA,NA,CDM A/S Partner
Inger Marie Ingvardsen,VL gruppe 58 - Koebenhavn,Member,Women,"Leaders, Network, VL",VL_networks,Leadership networks,NA,NA,Pointer A/S Direktoer
Pernille Bigaard,VL gruppe 58 - Koebenhavn,Member,Women,"Leaders, Network, VL",VL_networks,Leadership networks,4000085173,NA,Plesner Advokatfirma Advokat
Allan Bjoern,VL gruppe 59 – Koebenhavn,Member,Men,"Leaders, Network, VL",VL_networks,Leadership networks,NA,NA,Nordic M&A P/S Associate Partner
Anders L Andersson,VL gruppe 59 – Koebenhavn,Member,Men,"Leaders, Network, VL",VL_networks,Leadership networks,NA,NA,ALD Automotive Direktoer
Anders Laurentzius,VL gruppe 59 – Koebenhavn,Member,Men,"Leaders, Network, VL",VL_networks,Leadership networks,NA,NA,Nordea Head of SMI
Anders Worsoee,VL gruppe 59 – Koebenhavn,Member,Men,"Leaders, Network, VL",VL_networks,Leadership networks,NA,NA,Magnusson Advokatfirma Advokat/Partner
Axel Olesen 2511,VL gruppe 59 – Koebenhavn,Member,Men,"Leaders, Network, VL",VL_networks,Leadership networks,NA,NA,NextNordic Direktoer
Brian Holmgaard,VL gruppe 59 – Koebenhavn,Member,Men,"Leaders, Network, VL",VL_networks,Leadership networks,NA,NA,Berlingske Medier On-line Director
Christian Engelsen,VL gruppe 59 – Koebenhavn,Member,Men,"Leaders, Network, VL",VL_networks,Leadership networks,4000396991,NA,Institut for Selskabsledelse Formand
Christian J Schultz.,VL gruppe 59 – Koebenhavn,Member,Men,"Leaders, Network, VL",VL_networks,Leadership networks,NA,NA,& Schultz Adm. direktoer & seniorraadgiver
Henrik Neelmeyer,VL gruppe 59 – Koebenhavn,Member,Men,"Leaders, Network, VL",VL_networks,Leadership networks,NA,NA,Egeskov Slot COO
Jan Madsen 14560,VL gruppe 59 – Koebenhavn,Member,Men,"Leaders, Network, VL",VL_networks,Leadership networks,4000211678,NA,Coop Danmark koncernen Food-direktoer
Jens Lunn,VL gruppe 59 – Koebenhavn,Member,Men,"Leaders, Network, VL",VL_networks,Leadership networks,4004109031,NA,Falck Hjaelpemidler Adm. direktoer
Jochum T.H. Kirsebom,VL gruppe 59 – Koebenhavn,Member,Men,"Leaders, Network, VL",VL_networks,Leadership networks,NA,NA,Kirsebom Delta of Science Aps	Bestyrelsesformand
Joergen Anker Nielsen,VL gruppe 59 – Koebenhavn,Member,Men,"Leaders, Network, VL",VL_networks,Leadership networks,NA,NA,Grant Thornton Partner/Chairman
Joergen Nielsen 17786,VL gruppe 59 – Koebenhavn,Member,Men,"Leaders, Network, VL",VL_networks,Leadership networks,NA,NA,Koebmandshuset - Kaededirektoer
Kim Enrum,VL gruppe 59 – Koebenhavn,Member,Men,"Leaders, Network, VL",VL_networks,Leadership networks,NA,NA,Microsoft Danmark Direktoer OEM
Michael Timm Aaberg,VL gruppe 59 – Koebenhavn,Member,Men,"Leaders, Network, VL",VL_networks,Leadership networks,NA,NA,TIA Technologies A/S Sales Director
Mikkel Sjoelin Kiil,VL gruppe 59 – Koebenhavn,Member,Men,"Leaders, Network, VL",VL_networks,Leadership networks,NA,NA,DONG Energy Sales & Distribution A/S Senior Director
Morten Albrechtsen,VL gruppe 59 – Koebenhavn,Member,Men,"Leaders, Network, VL",VL_networks,Leadership networks,NA,NA,ENKAM Pharmaceuticals A/S Chief Executive Officer
Nicolaj Wichmann,VL gruppe 59 – Koebenhavn,Member,Men,"Leaders, Network, VL",VL_networks,Leadership networks,NA,NA,Conscia Markedsdirektoer
Per V. Rasmussen,VL gruppe 59 – Koebenhavn,Member,Men,"Leaders, Network, VL",VL_networks,Leadership networks,NA,NA,Applus Danmark A/S Adm. direktoer
Poul Hvidberg,VL gruppe 59 – Koebenhavn,Member,Men,"Leaders, Network, VL",VL_networks,Leadership networks,NA,NA,FleetZone ApS Adm. direktoer
Steen Bo Larsen,VL gruppe 59 – Koebenhavn,Member,Men,"Leaders, Network, VL",VL_networks,Leadership networks,NA,NA,Hoejelse Dyreklinik Direktoer
Steen Holm,VL gruppe 59 – Koebenhavn,Member,Men,"Leaders, Network, VL",VL_networks,Leadership networks,NA,NA,Havas Worldwide Copenhagen A/S Adm. direktoer
Thomas Boisen,VL gruppe 59 – Koebenhavn,Member,Men,"Leaders, Network, VL",VL_networks,Leadership networks,NA,NA,Nykredit Ejendomme A/S Direktoer
Thomas Kähler,VL gruppe 59 – Koebenhavn,Member,Men,"Leaders, Network, VL",VL_networks,Leadership networks,4004094692,NA,"ROCKWOOL International A/S Senior Vice President, Head og System Division"
Torben Flinch,VL gruppe 59 – Koebenhavn,Member,Men,"Leaders, Network, VL",VL_networks,Leadership networks,NA,NA,Torben Flinch Direktoer
Camilla Hilbrands,VL gruppe 59 – Koebenhavn,Member,Women,"Leaders, Network, VL",VL_networks,Leadership networks,NA,NA,At Work A/S - CEO
Christine Waldmann,VL gruppe 59 – Koebenhavn,Member,Women,"Leaders, Network, VL",VL_networks,Leadership networks,NA,NA,ChangePartner Adm. direktoer
Hanne Haack Larsen,VL gruppe 59 – Koebenhavn,Member,Women,"Leaders, Network, VL",VL_networks,Leadership networks,NA,NA,Experimentarium Driftsdirektoer
Mette Nordal Reebirk,VL gruppe 59 – Koebenhavn,Member,Women,"Leaders, Network, VL",VL_networks,Leadership networks,4000434118,NA,Reebirk Business Director/Founder
Natasha Brandt,VL gruppe 59 – Koebenhavn,Member,Women,"Leaders, Network, VL",VL_networks,Leadership networks,NA,NA,Boligsiden.dk - Adm. direktoer
Signe Nicolaisen Hoerning,VL gruppe 59 – Koebenhavn,Member,Women,"Leaders, Network, VL",VL_networks,Leadership networks,NA,NA,CAE Adm. direktoer
Tine Antvorskov,VL gruppe 59 – Koebenhavn,Member,Women,"Leaders, Network, VL",VL_networks,Leadership networks,NA,NA,AIG Europe Ltd Adm. direktoer
Anders Christen Obel,VL gruppe 6 – Aarhus,Member,Men,"Leaders, Network, VL",VL_networks,Leadership networks,4000205193,NA,C.W. Obel A/S Adm. direktoer
Bendt Tido Hannibal Lensgreve Wedell,VL gruppe 6 – Aarhus,Member,Men,"Leaders, Network, VL",VL_networks,Leadership networks,4000237899,NA,Frijsenborg & Wedellsborg Lensgreve
Boerge Obel,VL gruppe 6 – Aarhus,Member,Men,"Leaders, Network, VL",VL_networks,Leadership networks,4000292992,NA,"Interdisciplinary Centre for Oganizatioal Architecture,Aarhus University Profesor, Dr.Oecon.,Centerdirektoer"
Carsten With Thygesen,VL gruppe 6 – Aarhus,Member,Men,"Leaders, Network, VL",VL_networks,Leadership networks,4000257790,NA,HedeDanmark a/s Adm. direktoer
Erik Koch Boyter,VL gruppe 6 – Aarhus,Member,Men,"Leaders, Network, VL",VL_networks,Leadership networks,4004045934,NA,WindowMaster A/S Managing Director
Flemming Besenbacher,VL gruppe 6 – Aarhus,Member,Men,"Leaders, Network, VL",VL_networks,Leadership networks,4000041894,NA,"Carlsberg Foundation Professor, Chairman"
Gert Soerensen 9872,VL gruppe 6 – Aarhus,Member,Men,"Leaders, Network, VL",VL_networks,Leadership networks,NA,NA,Aarhus Universitetshospital Hospitalsdirektoer
Hans Christian Elbek Pedersen,VL gruppe 6 – Aarhus,Member,Men,"Leaders, Network, VL",VL_networks,Leadership networks,4004094790,NA,Hans Elbek Pedersen Underdirektoer
Hans-Henrik Rasmussen,VL gruppe 6 – Aarhus,Member,Men,"Leaders, Network, VL",VL_networks,Leadership networks,NA,NA,Nykredit Direktoer
Henrik Linderberg,VL gruppe 6 – Aarhus,Member,Men,"Leaders, Network, VL",VL_networks,Leadership networks,NA,NA,Brightside Marketing Director
Henrik Ragborg Olesen,VL gruppe 6 – Aarhus,Member,Men,"Leaders, Network, VL",VL_networks,Leadership networks,NA,NA,Tivoli Friheden A/S Adm. direktoer
Iver Edward Tesdorpf,VL gruppe 6 – Aarhus,Member,Men,"Leaders, Network, VL",VL_networks,Leadership networks,NA,NA,Rathlousdal Godsejer
Jais Stampe Li Valeur,VL gruppe 6 – Aarhus,Member,Men,"Leaders, Network, VL",VL_networks,Leadership networks,4000322216,NA,Arla Foods amba Executive Vice President
Jan Mousing,VL gruppe 6 – Aarhus,Member,Men,"Leaders, Network, VL",VL_networks,Leadership networks,4004075010,NA,SEGES P/S Adm. direktoer
Jens Bjerg Soerensen,VL gruppe 6 – Aarhus,Member,Men,"Leaders, Network, VL",VL_networks,Leadership networks,4003929065,NA,A/S Schouw & Co. Adm. direktoer
Jens Joergen Bigum,VL gruppe 6 – Aarhus,Member,Men,"Leaders, Network, VL",VL_networks,Leadership networks,4000733485,NA,Jens Bigum Bestyrelsesformand
Jens Tommerup,VL gruppe 6 – Aarhus,Member,Men,"Leaders, Network, VL",VL_networks,Leadership networks,4004180164,NA,MHI Vestas Offshore Wind CEO
Jesper Lund 16251,VL gruppe 6 – Aarhus,Member,Men,"Leaders, Network, VL",VL_networks,Leadership networks,NA,NA,PricewaterhouseCoopers Statsaut. revisor
Joern Bjarne Jensen,VL gruppe 6 – Aarhus,Member,Men,"Leaders, Network, VL",VL_networks,Leadership networks,4003894615,NA,"UNIK System Design AS Direktoer, konsul"
Joern Senger,VL gruppe 6 – Aarhus,Member,Men,"Leaders, Network, VL",VL_networks,Leadership networks,NA,NA,Norslund A/S Adm. direktoer
Kasper Lenbroch,VL gruppe 6 – Aarhus,Member,Men,"Leaders, Network, VL",VL_networks,Leadership networks,4004061978,NA,Tulip Food Company Adm. direktoer
Lars Johansson,VL gruppe 6 – Aarhus,Member,Men,"Leaders, Network, VL",VL_networks,Leadership networks,4004065420,NA,Hedeselskabet Koncernchef/adm.direktoer
Lars Stigel,VL gruppe 6 – Aarhus,Member,Men,"Leaders, Network, VL",VL_networks,Leadership networks,NA,NA,CAPNOVA a/s Direktoer
Michael Christiansen 25502,VL gruppe 6 – Aarhus,Member,Men,"Leaders, Network, VL",VL_networks,Leadership networks,NA,NA,ID Design A/S Adm. direktoer
Niels Christian Michael Sidenius,VL gruppe 6 – Aarhus,Member,Men,"Leaders, Network, VL",VL_networks,Leadership networks,4003926145,NA,INCUBA A/S Adm. direktoer
Niels Opstrup,VL gruppe 6 – Aarhus,Member,Men,"Leaders, Network, VL",VL_networks,Leadership networks,NA,NA,DELACOUR DANIA Advokat (H)
Per Eslund Asmussen,VL gruppe 6 – Aarhus,Member,Men,"Leaders, Network, VL",VL_networks,Leadership networks,4000044546,NA,Kamstrup A/S Direktoer
Peter Arndrup Poulsen,VL gruppe 6 – Aarhus,Member,Men,"Leaders, Network, VL",VL_networks,Leadership networks,4003822950,NA,Tvilum CEO
Peter Arnold Busck,VL gruppe 6 – Aarhus,Member,Men,"Leaders, Network, VL",VL_networks,Leadership networks,4000308986,NA,Ry Moelle A/S Adm. direktoer
Peter Michael Larsen Stevns,VL gruppe 6 – Aarhus,Member,Men,"Leaders, Network, VL",VL_networks,Leadership networks,4004052531,NA,Danmarks Jaegerforbund Adm. direktoer
Philip Foss,VL gruppe 6 – Aarhus,Member,Men,"Leaders, Network, VL",VL_networks,Leadership networks,NA,NA,Bricks Group A/S Direktoer
Poul Spliid Pedersen,VL gruppe 6 – Aarhus,Member,Men,"Leaders, Network, VL",VL_networks,Leadership networks,4000288888,NA,Ejendomsselskabet Michael Drewsens Vej A/S Direktoer
Soern Nymark,VL gruppe 6 – Aarhus,Member,Men,"Leaders, Network, VL",VL_networks,Leadership networks,NA,NA,Nyma A/S Direktoer
Steen Gerhardt Hansen,VL gruppe 6 – Aarhus,Member,Men,"Leaders, Network, VL",VL_networks,Leadership networks,NA,NA,Steen Gerhardt Executive Services A/S Direktoer
Steffen Ebdrup,VL gruppe 6 – Aarhus,Member,Men,"Leaders, Network, VL",VL_networks,Leadership networks,4000234873,NA,"Holst, Advokater Advokat"
Stig Gamborg,VL gruppe 6 – Aarhus,Member,Men,"Leaders, Network, VL",VL_networks,Leadership networks,NA,NA,Advance Nonwoven A/S Direktoer
Thomas Jensen 35274,VL gruppe 6 – Aarhus,Member,Men,"Leaders, Network, VL",VL_networks,Leadership networks,4004034525,NA,Aktieselskabet Carl Christensen Adm. direktoer
Torben Friis Lange,VL gruppe 6 – Aarhus,Member,Men,"Leaders, Network, VL",VL_networks,Leadership networks,4000348543,NA,AarhusKarlshamn Denmark A/S Vice President
Troels H. Jensen,VL gruppe 6 – Aarhus,Member,Men,"Leaders, Network, VL",VL_networks,Leadership networks,NA,NA,Hans Schourup A/S Adm. direktoer/CEO
Anne-Marie Dohm,VL gruppe 6 – Aarhus,Member,Women,"Leaders, Network, VL",VL_networks,Leadership networks,NA,NA,DR Danmark Direktoer
Gitte Noergaard 10010,VL gruppe 6 – Aarhus,Member,Women,"Leaders, Network, VL",VL_networks,Leadership networks,NA,NA,AArhus Koebmandsskole Direktoer
Susanne Toftgaard Nielsen,VL gruppe 6 – Aarhus,Member,Women,"Leaders, Network, VL",VL_networks,Leadership networks,NA,NA,Susanne Toftgaard Nielsen
Anders Joergen Banke,VL gruppe 60 - Fyn,Member,Men,"Leaders, Network, VL",VL_networks,Leadership networks,4004153641,NA,Sydfyns Elforsyning A/S Direktoer
Bent Krogh Jensen,VL gruppe 60 - Fyn,Member,Men,"Leaders, Network, VL",VL_networks,Leadership networks,NA,NA,Strandgade ApS Direktoer
Carl Aage Jensen,VL gruppe 60 - Fyn,Member,Men,"Leaders, Network, VL",VL_networks,Leadership networks,4004137367,NA,C.C. Jensen A/S Direktoer
Carlos Ragone,VL gruppe 60 - Fyn,Member,Men,"Leaders, Network, VL",VL_networks,Leadership networks,NA,NA,Orskov Foods A/S Adm. direktoer
Carsten Moeller 5159,VL gruppe 60 - Fyn,Member,Men,"Leaders, Network, VL",VL_networks,Leadership networks,NA,NA,EY P/S Statsaut. revisor
Christian Ahlefeldt-Laurvig-Lehn,VL gruppe 60 - Fyn,Member,Men,"Leaders, Network, VL",VL_networks,Leadership networks,NA,NA,Hvidkilde Gods Godsejer Greve
Claus Astrup-Larsen,VL gruppe 60 - Fyn,Member,Men,"Leaders, Network, VL",VL_networks,Leadership networks,4004035046,NA,S. Guldfeldt Nielsen A/S Koncernchef
Claus B. Hansen,VL gruppe 60 - Fyn,Member,Men,"Leaders, Network, VL",VL_networks,Leadership networks,NA,NA,Sydbank Omraadedirektoer
Erik Meldgaard Bendorf,VL gruppe 60 - Fyn,Member,Men,"Leaders, Network, VL",VL_networks,Leadership networks,NA,NA,Svendborg Kommune Kommundaldirektoer
Erik Skjaerbaek,VL gruppe 60 - Fyn,Member,Men,"Leaders, Network, VL",VL_networks,Leadership networks,NA,NA,Pureteq Direktoer
Finn Hoeffner,VL gruppe 60 - Fyn,Member,Men,"Leaders, Network, VL",VL_networks,Leadership networks,NA,NA,Bestyrelsesmedlem og Konsulent
Finn Methmann,VL gruppe 60 - Fyn,Member,Men,"Leaders, Network, VL",VL_networks,Leadership networks,NA,NA,STM Vinduer Adm. direktoer
Flemming Soerensen 41704,VL gruppe 60 - Fyn,Member,Men,"Leaders, Network, VL",VL_networks,Leadership networks,NA,NA,SSP Technology A/S Adm. direktoer
Henning Peter Moritzen,VL gruppe 60 - Fyn,Member,Men,"Leaders, Network, VL",VL_networks,Leadership networks,4000024789,NA,Advokatfirmaet Henning Moritzen Advokat
Henrik Halberg,VL gruppe 60 - Fyn,Member,Men,"Leaders, Network, VL",VL_networks,Leadership networks,NA,NA,Mac Baren Tobacco Company A/S Direktoer
Henrik Thuelsen,VL gruppe 60 - Fyn,Member,Men,"Leaders, Network, VL",VL_networks,Leadership networks,NA,NA,Royal Biscuit Co A/S Adm. direktoer
Jan Ole Edelbo,VL gruppe 60 - Fyn,Member,Men,"Leaders, Network, VL",VL_networks,Leadership networks,NA,NA,Revisionsfirmaet Edelbo Statsaut. revisor
Jens Pave,VL gruppe 60 - Fyn,Member,Men,"Leaders, Network, VL",VL_networks,Leadership networks,4000547413,NA,Halberg A/S Direktoer
Jesper Vildbrad,VL gruppe 60 - Fyn,Member,Men,"Leaders, Network, VL",VL_networks,Leadership networks,NA,NA,Svendborg Gymnasium Rektor
Lars Ahrendtsen,VL gruppe 60 - Fyn,Member,Men,"Leaders, Network, VL",VL_networks,Leadership networks,NA,NA,Udvikling Fyn P/S Forretningschef / Business Manager
Lauritz Rasmussen 22212,VL gruppe 60 - Fyn,Member,Men,"Leaders, Network, VL",VL_networks,Leadership networks,NA,NA,LR-consult ApS Direktoer
Mads Graves Larsen,VL gruppe 60 - Fyn,Member,Men,"Leaders, Network, VL",VL_networks,Leadership networks,4000718671,NA,MadsCorp CEO & founder
Niels Duedahl 27263,VL gruppe 60 - Fyn,Member,Men,"Leaders, Network, VL",VL_networks,Leadership networks,4000172734,NA,Dansk Revision Svendborg Partner
Ove Engstroem,VL gruppe 60 - Fyn,Member,Men,"Leaders, Network, VL",VL_networks,Leadership networks,NA,NA,Engstroem ApS Entreprenoer
Per Nykjaer Jensen,VL gruppe 60 - Fyn,Member,Men,"Leaders, Network, VL",VL_networks,Leadership networks,NA,NA,European Marine Technology Direktoer
Per Schorling,VL gruppe 60 - Fyn,Member,Men,"Leaders, Network, VL",VL_networks,Leadership networks,NA,NA,Proces Support A/S Direktoer
Per Weber,VL gruppe 60 - Fyn,Member,Men,"Leaders, Network, VL",VL_networks,Leadership networks,NA,NA,Weber Arkitekter Adm. Direktoer
Peter Burkal Larsen,VL gruppe 60 - Fyn,Member,Men,"Leaders, Network, VL",VL_networks,Leadership networks,NA,NA,Advokat Fyn A/S Advokat
Soeren Lunde 33347,VL gruppe 60 - Fyn,Member,Men,"Leaders, Network, VL",VL_networks,Leadership networks,NA,NA,Landinspektoererne Hvenegaard A/S Landinspektoer
Steen Brogaard Larsen,VL gruppe 60 - Fyn,Member,Men,"Leaders, Network, VL",VL_networks,Leadership networks,NA,NA,Scan-Vibro A/S Adm. direktoer
Steen Tinsfeldt,VL gruppe 60 - Fyn,Member,Men,"Leaders, Network, VL",VL_networks,Leadership networks,NA,NA,Middelfart Sparekasse Afdelingsdirektoer
Thomas Tange Rasmussen,VL gruppe 60 - Fyn,Member,Men,"Leaders, Network, VL",VL_networks,Leadership networks,NA,NA,Tange & Partners Adm. direktoer
Uffe Jeppesen,VL gruppe 60 - Fyn,Member,Men,"Leaders, Network, VL",VL_networks,Leadership networks,NA,NA,Nybolig Erhverv Statsaut. ejendomsmaegler og valuar mde
Uffe Staal Knudsen,VL gruppe 60 - Fyn,Member,Men,"Leaders, Network, VL",VL_networks,Leadership networks,NA,NA,Danske Bank Erhvervsdirektoer
Charlotte Riber,VL gruppe 60 - Fyn,Member,Women,"Leaders, Network, VL",VL_networks,Leadership networks,NA,NA,Charlotte Riber Kiropraktor
Elsa Lund-Larsen,VL gruppe 60 - Fyn,Member,Women,"Leaders, Network, VL",VL_networks,Leadership networks,NA,NA,SIMAC OEkonomichef
Mette Tony,VL gruppe 60 - Fyn,Member,Women,"Leaders, Network, VL",VL_networks,Leadership networks,NA,NA,Praksis Arkitekter ApS Arkitekt maa
Bendt Bendtsen,VL gruppe 61 - Fyn,Member,Men,"Leaders, Network, VL",VL_networks,Leadership networks,4000263602,NA,Bendt Bendtsen Folketingsmedlem
Brian Djernes,VL gruppe 61 - Fyn,Member,Men,"Leaders, Network, VL",VL_networks,Leadership networks,NA,NA,Cane-line A/S Direktoer
Claus Koch Jensen,VL gruppe 61 - Fyn,Member,Men,"Leaders, Network, VL",VL_networks,Leadership networks,4004057530,NA,Ejde Nielsens Vaerktoejsfabrik A/S Adm. direktoer
Claus N. Soerensen,VL gruppe 61 - Fyn,Member,Men,"Leaders, Network, VL",VL_networks,Leadership networks,NA,NA,FormueFyn Fondsmaeglerselskab A/S Fondsboersvekselerer
Erik Laumand 8101,VL gruppe 61 - Fyn,Member,Men,"Leaders, Network, VL",VL_networks,Leadership networks,NA,NA,Noergaard Mikkelsen A/S Adm. direktoer
Erik Sandberg,VL gruppe 61 - Fyn,Member,Men,"Leaders, Network, VL",VL_networks,Leadership networks,4004125074,NA,Orifarm Group A/S Adm.direktoer
Ernst Kier,VL gruppe 61 - Fyn,Member,Men,"Leaders, Network, VL",VL_networks,Leadership networks,NA,NA,McDonalds Restaurant Direktoer
Flemming Bonavent Hansen,VL gruppe 61 - Fyn,Member,Men,"Leaders, Network, VL",VL_networks,Leadership networks,NA,NA,Flemming Bonavent Hansen Direktoer
Frank Soerensen,VL gruppe 61 - Fyn,Member,Men,"Leaders, Network, VL",VL_networks,Leadership networks,NA,NA,Inspiration Drift A/S CEO/Adm. direktoer
Frants Erich Bernstorff-Gyldensteen,VL gruppe 61 - Fyn,Member,Men,"Leaders, Network, VL",VL_networks,Leadership networks,4000256677,NA,Gyldensteen Gods Godsejer
Gunnar Lassen,VL gruppe 61 - Fyn,Member,Men,"Leaders, Network, VL",VL_networks,Leadership networks,NA,NA,IDEAL-LINE Adm. direktoer
Hans Carl Boegh-Soerensen,VL gruppe 61 - Fyn,Member,Men,"Leaders, Network, VL",VL_networks,Leadership networks,4003891991,NA,Orifarm Group A/S Adm. direktoer
Hans Christian Munck 10772,VL gruppe 61 - Fyn,Member,Men,"Leaders, Network, VL",VL_networks,Leadership networks,4000355323,NA,Munck Gruppen A/S Adm. direktoer
Hans Schultz,VL gruppe 61 - Fyn,Member,Men,"Leaders, Network, VL",VL_networks,Leadership networks,4000278492,NA,Green Team Group A/S Adm. direktoer
Hemming Van,VL gruppe 61 - Fyn,Member,Men,"Leaders, Network, VL",VL_networks,Leadership networks,4003982290,NA,Daloon A/S Adm. direktoer
Henrik K. Damsgaard,VL gruppe 61 - Fyn,Member,Men,"Leaders, Network, VL",VL_networks,Leadership networks,NA,NA,Nordea Bank Danmark A/S Omraadedirektoer
Jan Milling,VL gruppe 61 - Fyn,Member,Men,"Leaders, Network, VL",VL_networks,Leadership networks,NA,NA,Milling Hotels A/S Hotel Ejer
Jens Joergen Hempel-Hansen,VL gruppe 61 - Fyn,Member,Men,"Leaders, Network, VL",VL_networks,Leadership networks,4000064134,NA,H.J. Hansen Adm. direktoer
Jens-Otto S. Jeppesen,VL gruppe 61 - Fyn,Member,Men,"Leaders, Network, VL",VL_networks,Leadership networks,NA,NA,Filadelfia Adm. direktoer
Jesper Haugaard,VL gruppe 61 - Fyn,Member,Men,"Leaders, Network, VL",VL_networks,Leadership networks,NA,NA,Con-Wise Direktoer
Joern Tolstrup Rohde,VL gruppe 61 - Fyn,Member,Men,"Leaders, Network, VL",VL_networks,Leadership networks,4004065774,NA,"Carlsberg Breweries A/S Senior Vice President, Northern Europe & ExLid"
Kim Brink,VL gruppe 61 - Fyn,Member,Men,"Leaders, Network, VL",VL_networks,Leadership networks,NA,NA,KB Management Direktoer
Kim G. Gommesen,VL gruppe 61 - Fyn,Member,Men,"Leaders, Network, VL",VL_networks,Leadership networks,NA,NA,Danmarks Implantatcenter Adm. direktoer
Martin Frederiksen 24712,VL gruppe 61 - Fyn,Member,Men,"Leaders, Network, VL",VL_networks,Leadership networks,NA,NA,Stok A/S Adm. Direktoer
Michael Sandal,VL gruppe 61 - Fyn,Member,Men,"Leaders, Network, VL",VL_networks,Leadership networks,NA,NA,Team Online Global A/S Direktoer
Mikael Kold,VL gruppe 61 - Fyn,Member,Men,"Leaders, Network, VL",VL_networks,Leadership networks,NA,NA,Intersport Danmark A/S Adm. direktoer
Niels Munch,VL gruppe 61 - Fyn,Member,Men,"Leaders, Network, VL",VL_networks,Leadership networks,NA,NA,Statens og Kommunernes Indkoebs Service A/S Teamchef
Niels Stig Soegaard,VL gruppe 61 - Fyn,Member,Men,"Leaders, Network, VL",VL_networks,Leadership networks,4004098846,NA,Odense Marcipan A/S Adm. direktoer
Niels Thorborg,VL gruppe 61 - Fyn,Member,Men,"Leaders, Network, VL",VL_networks,Leadership networks,4003889845,NA,3C Retail A/S Koncernchef
Ole Bang Nielsen,VL gruppe 61 - Fyn,Member,Men,"Leaders, Network, VL",VL_networks,Leadership networks,4003956273,NA,Odense Sport & Event A/S Adm.Direktoer
Ole Michael Friis,VL gruppe 61 - Fyn,Member,Men,"Leaders, Network, VL",VL_networks,Leadership networks,4000202525,NA,"Syddansk Universitet PhD,Prodekan for udd.SDU-Samfundsvidenskab"
Per Buch,VL gruppe 61 - Fyn,Member,Men,"Leaders, Network, VL",VL_networks,Leadership networks,4004024027,NA,Halberg A/S Adm. Direktoer
Soeren Ibsen,VL gruppe 61 - Fyn,Member,Men,"Leaders, Network, VL",VL_networks,Leadership networks,NA,NA,Bygma A/S Salgs- og Marketingdirektoer
Soeren Klarskov Vilby 33282,VL gruppe 61 - Fyn,Member,Men,"Leaders, Network, VL",VL_networks,Leadership networks,4004069112,NA,Micromatic A/S Adm.direktoer
Soeren Skovboelling,VL gruppe 61 - Fyn,Member,Men,"Leaders, Network, VL",VL_networks,Leadership networks,NA,NA,House & Co A/S Bestyrelsesformand
Tage Koed Madsen,VL gruppe 61 - Fyn,Member,Men,"Leaders, Network, VL",VL_networks,Leadership networks,4000154970,NA,Syddansk Universitet Professor
Thomas B. Joergensen,VL gruppe 61 - Fyn,Member,Men,"Leaders, Network, VL",VL_networks,Leadership networks,NA,NA,Odense Renovationsselsk. A/S Adm. direktoer
Torben Kroeyer Bruhn,VL gruppe 61 - Fyn,Member,Men,"Leaders, Network, VL",VL_networks,Leadership networks,NA,NA,Medicopack A/S Adm. direktoer
Connie Astrup-Larsen,VL gruppe 61 - Fyn,Member,Women,"Leaders, Network, VL",VL_networks,Leadership networks,4003851151,NA,Kompan A/S Adm.direktoer
Anders Skak,VL gruppe 68 - Koebenhavn,Member,Men,"Leaders, Network, VL",VL_networks,Leadership networks,4000210780,NA,Gribskov Grubben A/S Administrerende Direktoer
Benny Kim Hofmann,VL gruppe 68 - Koebenhavn,Member,Men,"Leaders, Network, VL",VL_networks,Leadership networks,NA,NA,Bankernes Kontantservice A/S Direktoer
Boerge Myrup,VL gruppe 68 - Koebenhavn,Member,Men,"Leaders, Network, VL",VL_networks,Leadership networks,NA,NA,Glud & Marstrand Personalechef
Carsten Soerensen 5227,VL gruppe 68 - Koebenhavn,Member,Men,"Leaders, Network, VL",VL_networks,Leadership networks,NA,NA,Fagerhult Danmark Administrerende Direktoer
Eigil Jógvan Waagstein,VL gruppe 68 - Koebenhavn,Member,Men,"Leaders, Network, VL",VL_networks,Leadership networks,NA,NA,TDC Vicedirektoer
Glenn Allart Andersen,VL gruppe 68 - Koebenhavn,Member,Men,"Leaders, Network, VL",VL_networks,Leadership networks,NA,NA,/ITSecurity A/S Adm. Diektoer
Jens Krogh Loeppenthien,VL gruppe 68 - Koebenhavn,Member,Men,"Leaders, Network, VL",VL_networks,Leadership networks,NA,NA,Schneider Electric Vice President
Jens Winther 15915,VL gruppe 68 - Koebenhavn,Member,Men,"Leaders, Network, VL",VL_networks,Leadership networks,NA,NA,Taarnfalk Aps Direktoer
Jesper Schultz 42051,VL gruppe 68 - Koebenhavn,Member,Men,"Leaders, Network, VL",VL_networks,Leadership networks,NA,NA,DataFlight Europe as Managing Director & CEO
Joergen Thorsell,VL gruppe 68 - Koebenhavn,Member,Men,"Leaders, Network, VL",VL_networks,Leadership networks,NA,NA,Nordic Leadership Foundation Founder
Johnny Munk,VL gruppe 68 - Koebenhavn,Member,Men,"Leaders, Network, VL",VL_networks,Leadership networks,NA,NA,KommuneKredit Direktoer
Kenneth Rettboell Bauer,VL gruppe 68 - Koebenhavn,Member,Men,"Leaders, Network, VL",VL_networks,Leadership networks,NA,NA,Kenneth Rettboell-Bauer
Klaus Steen Mortensen 42043,VL gruppe 68 - Koebenhavn,Member,Men,"Leaders, Network, VL",VL_networks,Leadership networks,NA,NA,"Vestas Northern Europe A/S President, Northern & Central Europe"
Lars Bo Bertram,VL gruppe 68 - Koebenhavn,Member,Men,"Leaders, Network, VL",VL_networks,Leadership networks,4004071971,NA,Bankinvest Adm. Direktoer
Lars Norup,VL gruppe 68 - Koebenhavn,Member,Men,"Leaders, Network, VL",VL_networks,Leadership networks,NA,NA,Riskrepair Partner
Mogens Grammelstorff,VL gruppe 68 - Koebenhavn,Member,Men,"Leaders, Network, VL",VL_networks,Leadership networks,NA,NA,Thokridima A/S CEO
Niels Beck,VL gruppe 68 - Koebenhavn,Member,Men,"Leaders, Network, VL",VL_networks,Leadership networks,NA,NA,Monsalta Business Manager
Nils Linde-Laursen,VL gruppe 68 - Koebenhavn,Member,Men,"Leaders, Network, VL",VL_networks,Leadership networks,NA,NA,Amgros I/S Seniorprojektleder  SAFE
Palle Damborg Petersen,VL gruppe 68 - Koebenhavn,Member,Men,"Leaders, Network, VL",VL_networks,Leadership networks,NA,NA,Jysk Display CEO
Peter Spoeer,VL gruppe 68 - Koebenhavn,Member,Men,"Leaders, Network, VL",VL_networks,Leadership networks,4003933844,NA,Jeudan Servicepartner A/S Adm. direktoer
Soeren Schock Petersen,VL gruppe 68 - Koebenhavn,Member,Men,"Leaders, Network, VL",VL_networks,Leadership networks,NA,NA,Soeren Schock Petersen
Tony Franke,VL gruppe 68 - Koebenhavn,Member,Men,"Leaders, Network, VL",VL_networks,Leadership networks,NA,NA,ITAMOrg Direktoer (COO)
Torben Ploumann Johansen,VL gruppe 68 - Koebenhavn,Member,Men,"Leaders, Network, VL",VL_networks,Leadership networks,4004057231,NA,Scandinavian Yacht Interiors Direktoer
Katrine Rohde,VL gruppe 68 - Koebenhavn,Member,Women,"Leaders, Network, VL",VL_networks,Leadership networks,NA,NA,LSV Group A/S CEO
Lene Hartvigsen,VL gruppe 68 - Koebenhavn,Member,Women,"Leaders, Network, VL",VL_networks,Leadership networks,NA,NA,Nielsen Noerager Advokat
Sanne Markwall,VL gruppe 68 - Koebenhavn,Member,Women,"Leaders, Network, VL",VL_networks,Leadership networks,NA,NA,Vinderstrategi A/S Adm. direktoer
Thit Aaris-Hoeeg,VL gruppe 68 - Koebenhavn,Member,Women,"Leaders, Network, VL",VL_networks,Leadership networks,NA,NA,Fonden for Socialt Ansvar Adm. direktoer
Allan Christiansen 42113,VL gruppe 70 - Koebenhavn,Member,Men,"Leaders, Network, VL",VL_networks,Leadership networks,4003977150,NA,Unibake Danmark A/S Adm.Direktoer
Anders Sindal Kristensen 42127,VL gruppe 70 - Koebenhavn,Member,Men,"Leaders, Network, VL",VL_networks,Leadership networks,NA,NA,Dansk Teknikentreprise A/S Adm. Direktoer
Arne Moellin Ottosen,VL gruppe 70 - Koebenhavn,Member,Men,"Leaders, Network, VL",VL_networks,Leadership networks,4000530260,NA,Kromann Reumert Partner
Carsten Wandorf,VL gruppe 70 - Koebenhavn,Member,Men,"Leaders, Network, VL",VL_networks,Leadership networks,4000428701,NA,Fritz Schur Consumer Group Adm. Direktoer
Christian F. Jakobsen,VL gruppe 70 - Koebenhavn,Member,Men,"Leaders, Network, VL",VL_networks,Leadership networks,NA,NA,PWC Partner
Christian Samsoe 42138,VL gruppe 70 - Koebenhavn,Member,Men,"Leaders, Network, VL",VL_networks,Leadership networks,NA,NA,Plenum Invest ApS CEO
Claus Gilbert Clausen 42114,VL gruppe 70 - Koebenhavn,Member,Men,"Leaders, Network, VL",VL_networks,Leadership networks,NA,NA,Lift Relations COO
Claus Kruse 42128,VL gruppe 70 - Koebenhavn,Member,Men,"Leaders, Network, VL",VL_networks,Leadership networks,NA,NA,Affecto Denmark A/S Adm. direktoer
Erik Kaae 8068,VL gruppe 70 - Koebenhavn,Member,Men,"Leaders, Network, VL",VL_networks,Leadership networks,4004179999,NA,NA
Frank Mengel 42129,VL gruppe 70 - Koebenhavn,Member,Men,"Leaders, Network, VL",VL_networks,Leadership networks,NA,NA,Berendsen Textil Service A/S Country Manager
Henrik Andersen 42107,VL gruppe 70 - Koebenhavn,Member,Men,"Leaders, Network, VL",VL_networks,Leadership networks,NA,NA,Carometec A/S Adm. direktoer/CEO
Jens Fabricius 42118,VL gruppe 70 - Koebenhavn,Member,Men,"Leaders, Network, VL",VL_networks,Leadership networks,NA,NA,"DC INGREDIENTS A/S Vice President, Business Development"
Jens Schwarz-Rosman 42140,VL gruppe 70 - Koebenhavn,Member,Men,"Leaders, Network, VL",VL_networks,Leadership networks,NA,NA,Golfit Europe ApS Partner
Jesper Uggerhoej,VL gruppe 70 - Koebenhavn,Member,Men,"Leaders, Network, VL",VL_networks,Leadership networks,4004109959,NA,Irma A/S Adm. direktoer
John Amund Toennes,VL gruppe 70 - Koebenhavn,Member,Men,"Leaders, Network, VL",VL_networks,Leadership networks,4003920130,NA,Nordisk Film Biografer A/S Adm. direktoer
Keld Lindegaard Andersen 42109,VL gruppe 70 - Koebenhavn,Member,Men,"Leaders, Network, VL",VL_networks,Leadership networks,NA,NA,ICEpower A/S Adm. Direktoer /CEO
Kim Johansen 42121,VL gruppe 70 - Koebenhavn,Member,Men,"Leaders, Network, VL",VL_networks,Leadership networks,4006695110,NA,SEB Pension Direktoer
Kresten Kloch 20730,VL gruppe 70 - Koebenhavn,Member,Men,"Leaders, Network, VL",VL_networks,Leadership networks,4003976035,NA,Niras A/S CFO
Lars Dalgaard Andersen 42108,VL gruppe 70 - Koebenhavn,Member,Men,"Leaders, Network, VL",VL_networks,Leadership networks,NA,NA,Bang & Olufsen Direktoer
Lars Therkildsen,VL gruppe 70 - Koebenhavn,Member,Men,"Leaders, Network, VL",VL_networks,Leadership networks,4003888200,NA,HOFOR A/S Adm. direktoer
Lau Kristensen 42126,VL gruppe 70 - Koebenhavn,Member,Men,"Leaders, Network, VL",VL_networks,Leadership networks,NA,NA,Lau Kristensen A/S Direktoer
Mogens Rüdiger,VL gruppe 70 - Koebenhavn,Member,Men,"Leaders, Network, VL",VL_networks,Leadership networks,4000467344,NA,MORU Aps CEO
Niels Gotfredsen 42119,VL gruppe 70 - Koebenhavn,Member,Men,"Leaders, Network, VL",VL_networks,Leadership networks,NA,NA,Nets Senior vice president
Nils Knudsen 42125,VL gruppe 70 - Koebenhavn,Member,Men,"Leaders, Network, VL",VL_networks,Leadership networks,NA,NA,Magnus Olesen A/S Adm. direktoer
Per Pugholm Olsen 42133,VL gruppe 70 - Koebenhavn,Member,Men,"Leaders, Network, VL",VL_networks,Leadership networks,NA,NA,Den Danske Militaere Repraesentation ved NATO Generalloejtnant
Peter Bruun 42112,VL gruppe 70 - Koebenhavn,Member,Men,"Leaders, Network, VL",VL_networks,Leadership networks,NA,NA,System Frugt A/S Adm. direktoer
Peter Moellgaard,VL gruppe 70 - Koebenhavn,Member,Men,"Leaders, Network, VL",VL_networks,Leadership networks,NA,NA,Copenhagen Business School Dekan
Poul Skadhede 31515,VL gruppe 70 - Koebenhavn,Member,Men,"Leaders, Network, VL",VL_networks,Leadership networks,NA,NA,Valcon A/S Group CEO
Soeren Ask Nielsen,VL gruppe 70 - Koebenhavn,Member,Men,"Leaders, Network, VL",VL_networks,Leadership networks,NA,NA,AAK FoodService Managing Director
Soeren Eriksen 42116,VL gruppe 70 - Koebenhavn,Member,Men,"Leaders, Network, VL",VL_networks,Leadership networks,NA,NA,Procea Direktoer
Sten Estrup 42117,VL gruppe 70 - Koebenhavn,Member,Men,"Leaders, Network, VL",VL_networks,Leadership networks,NA,NA,Chr. Hansen A/S Group Vice President
Thomas Vejlemand 42148,VL gruppe 70 - Koebenhavn,Member,Men,"Leaders, Network, VL",VL_networks,Leadership networks,NA,NA,Infomedia Adm.dir.
Torben Thyregod 42143,VL gruppe 70 - Koebenhavn,Member,Men,"Leaders, Network, VL",VL_networks,Leadership networks,NA,NA,Energinet.dk CFO
Anne Louise Eberhard 42115,VL gruppe 70 - Koebenhavn,Member,Women,"Leaders, Network, VL",VL_networks,Leadership networks,NA,NA,Sampension KP Livsforsikring A/S Bestyrelsesmedlem
Birgitte Bjerregaard,VL gruppe 70 - Koebenhavn,Member,Women,"Leaders, Network, VL",VL_networks,Leadership networks,4006683330,NA,NA
Charlotte Moeller 42130,VL gruppe 70 - Koebenhavn,Member,Women,"Leaders, Network, VL",VL_networks,Leadership networks,NA,NA,PFA Pension Direktoer
Emilie Stage Tingskou,VL gruppe 70 - Koebenhavn,Member,Women,"Leaders, Network, VL",VL_networks,Leadership networks,NA,NA,ODGERS BERNDTSON A/S Partner
Karina Rasmussen,VL gruppe 70 - Koebenhavn,Member,Women,"Leaders, Network, VL",VL_networks,Leadership networks,NA,NA,.brief konceptbureau creative director
Kirsten Otbo 42134,VL gruppe 70 - Koebenhavn,Member,Women,"Leaders, Network, VL",VL_networks,Leadership networks,NA,NA,Skat Underdirektoer
Line Ramm Sandberg 42139,VL gruppe 70 - Koebenhavn,Member,Women,"Leaders, Network, VL",VL_networks,Leadership networks,NA,NA,Novozymes A/S Vice President
Marianne Vendel Thyrring,VL gruppe 70 - Koebenhavn,Member,Women,"Leaders, Network, VL",VL_networks,Leadership networks,4004138082,NA,DMI Direktoer
Pernille Friis Andersen 42110,VL gruppe 70 - Koebenhavn,Member,Women,"Leaders, Network, VL",VL_networks,Leadership networks,NA,NA,"FLSmidth A/S Senior Vice President, Communications, IR & CSR"
Samia Kappe,VL gruppe 70 - Koebenhavn,Member,Women,"Leaders, Network, VL",VL_networks,Leadership networks,NA,NA,Specific Pharma CEO
Allan Nielsen 42268,VL gruppe 74 – Esbjerg,Member,Men,"Leaders, Network, VL",VL_networks,Leadership networks,4003990202,NA,Hotel Britannia Direktoer
Allan Nielsen 42269,VL gruppe 74 – Esbjerg,Member,Men,"Leaders, Network, VL",VL_networks,Leadership networks,NA,NA,Hotel Britannia Direktoer
Axel M. Jepsen,VL gruppe 74 – Esbjerg,Member,Men,"Leaders, Network, VL",VL_networks,Leadership networks,NA,NA,Qubiqa Esbjerg A/S Adm. direktoer
Behrend Behrendsen,VL gruppe 74 – Esbjerg,Member,Men,"Leaders, Network, VL",VL_networks,Leadership networks,NA,NA,Home Erhverv Syd- & Vestjylland Direktoer & Indehaver
Bjarne Pedersen 4026,VL gruppe 74 – Esbjerg,Member,Men,"Leaders, Network, VL",VL_networks,Leadership networks,NA,NA,Pedersen Group A/S Direktoer
Brian Elsted Hansen,VL gruppe 74 – Esbjerg,Member,Men,"Leaders, Network, VL",VL_networks,Leadership networks,NA,NA,Det Faglige Hus Direktoer
Brian Knudsen 4571,VL gruppe 74 – Esbjerg,Member,Men,"Leaders, Network, VL",VL_networks,Leadership networks,NA,NA,Sydbank Omraadedirektoer
Christian Lund Jepsen,VL gruppe 74 – Esbjerg,Member,Men,"Leaders, Network, VL",VL_networks,Leadership networks,4000340880,NA,Den Sydvestjydske Venstrepresse A/S Direktoer
Claus Kokholm 6426,VL gruppe 74 – Esbjerg,Member,Men,"Leaders, Network, VL",VL_networks,Leadership networks,NA,NA,University College Syddanmark OEkonomi og ressourcedirektoer
Dan B. Larsen,VL gruppe 74 – Esbjerg,Member,Men,"Leaders, Network, VL",VL_networks,Leadership networks,NA,NA,"Advokatpartnerselskabet DAHL, Esbjerg Advokat"
Dennis Vad Lauridsen,VL gruppe 74 – Esbjerg,Member,Men,"Leaders, Network, VL",VL_networks,Leadership networks,NA,NA,2Care4 m.fl. Bestyrelsesformand
Erik Friis Junge,VL gruppe 74 – Esbjerg,Member,Men,"Leaders, Network, VL",VL_networks,Leadership networks,NA,NA,Prima Vent A/S Adm. direktoer
Erling Petterson,VL gruppe 74 – Esbjerg,Member,Men,"Leaders, Network, VL",VL_networks,Leadership networks,NA,NA,Esbjerg Gymnasium Rektor
Flemming Haahr,VL gruppe 74 – Esbjerg,Member,Men,"Leaders, Network, VL",VL_networks,Leadership networks,NA,NA,Allison A/S Adm. direktoer
Henrik Otto Jensen,VL gruppe 74 – Esbjerg,Member,Men,"Leaders, Network, VL",VL_networks,Leadership networks,NA,NA,Scandinavian Auto Logistics Adm. Direktoer
Henrik Uhd Christensen,VL gruppe 74 – Esbjerg,Member,Men,"Leaders, Network, VL",VL_networks,Leadership networks,4004038603,NA,Viking Life-Saving Equipment A/S Adm. direktoer
Jan Plantener,VL gruppe 74 – Esbjerg,Member,Men,"Leaders, Network, VL",VL_networks,Leadership networks,NA,NA,Nykredit Centerdirektoer
Jesper Kristensen 16222,VL gruppe 74 – Esbjerg,Member,Men,"Leaders, Network, VL",VL_networks,Leadership networks,NA,NA,Reka-gruppen Direktoer
Jesper Toft Mathiasen,VL gruppe 74 – Esbjerg,Member,Men,"Leaders, Network, VL",VL_networks,Leadership networks,4004117811,NA,Claus Soerensen A/S Adm. direktoer
Joergen Bjoernskov,VL gruppe 74 – Esbjerg,Member,Men,"Leaders, Network, VL",VL_networks,Leadership networks,NA,NA,Sign Partner A/S Adm. direktoer
Joern Jepsen,VL gruppe 74 – Esbjerg,Member,Men,"Leaders, Network, VL",VL_networks,Leadership networks,NA,NA,Deloitte Indehaver
John Farup Lindquist,VL gruppe 74 – Esbjerg,Member,Men,"Leaders, Network, VL",VL_networks,Leadership networks,4004007348,NA,Dan Ren Service A/S Adm. direktoer - CEO
John Soerensen 17201,VL gruppe 74 – Esbjerg,Member,Men,"Leaders, Network, VL",VL_networks,Leadership networks,NA,NA,Ramboel Oil & Gas Adm. direktoer
Johnny Soetrup,VL gruppe 74 – Esbjerg,Member,Men,"Leaders, Network, VL",VL_networks,Leadership networks,4000223988,NA,Esbjerg Kommune Borgmester
Karsten Rieder,VL gruppe 74 – Esbjerg,Member,Men,"Leaders, Network, VL",VL_networks,Leadership networks,NA,NA,Esbjerg Erhvervsudvikling Erhvervschef
Kent Ernst Hansen,VL gruppe 74 – Esbjerg,Member,Men,"Leaders, Network, VL",VL_networks,Leadership networks,4004123507,NA,Riis Retail A/S Group CFO
Kim Hedegaard Soerensen,VL gruppe 74 – Esbjerg,Member,Men,"Leaders, Network, VL",VL_networks,Leadership networks,4004134664,NA,Blue Water CEO
Kristoffer Kristensen,VL gruppe 74 – Esbjerg,Member,Men,"Leaders, Network, VL",VL_networks,Leadership networks,NA,NA,Claus Soerensens Fond Adm. direktoer
Kurt Carstensen,VL gruppe 74 – Esbjerg,Member,Men,"Leaders, Network, VL",VL_networks,Leadership networks,NA,NA,KIRKBI A/S CFO
Kurt Soerensen 50334,VL gruppe 74 – Esbjerg,Member,Men,"Leaders, Network, VL",VL_networks,Leadership networks,4003960944,NA,DOVISTA A/S CEO
Martin Rune Pedersen,VL gruppe 74 – Esbjerg,Member,Men,"Leaders, Network, VL",VL_networks,Leadership networks,NA,NA,Maersk Oil Denmark Direktoer
Michael Jensen 25632,VL gruppe 74 – Esbjerg,Member,Men,"Leaders, Network, VL",VL_networks,Leadership networks,NA,NA,Arovit Dry Petfood A/S Adm. direktoer
Michael Kvist 42272,VL gruppe 74 – Esbjerg,Member,Men,"Leaders, Network, VL",VL_networks,Leadership networks,NA,NA,Kvist Industries Adm. direktoer
Mike Simonsen Sauerberg,VL gruppe 74 – Esbjerg,Member,Men,"Leaders, Network, VL",VL_networks,Leadership networks,NA,NA,Fleggaard Detail Adm. direktoer
Ole Sodtmann Bundgaard,VL gruppe 74 – Esbjerg,Member,Men,"Leaders, Network, VL",VL_networks,Leadership networks,4000029686,NA,"Weiss A/S Direktoer, CFO"
Peter Kirk Larsen,VL gruppe 74 – Esbjerg,Member,Men,"Leaders, Network, VL",VL_networks,Leadership networks,4003871051,NA,Advokatfirmaet Kirk Larsen & Ascanius Direktoer
Peter Mikael Ringtved,VL gruppe 74 – Esbjerg,Member,Men,"Leaders, Network, VL",VL_networks,Leadership networks,4003963357,NA,Jyske Fynske Medier P/S OEkonomidirektoer
Soeren Floee Knudsen,VL gruppe 74 – Esbjerg,Member,Men,"Leaders, Network, VL",VL_networks,Leadership networks,NA,NA,Soeren Floee Knudsen Direktoer
Soeren Noergaard Thomsen,VL gruppe 74 – Esbjerg,Member,Men,"Leaders, Network, VL",VL_networks,Leadership networks,4004103681,NA,Esvagt A/S CEO
Soeren Poulsen 33465,VL gruppe 74 – Esbjerg,Member,Men,"Leaders, Network, VL",VL_networks,Leadership networks,4004121568,NA,EFB Elite A/S Adm. direktoer
Steen Gunner Brandi Broedbaek,VL gruppe 74 – Esbjerg,Member,Men,"Leaders, Network, VL",VL_networks,Leadership networks,4000530031,NA,Semco Maritime A/S Adm. direktoer
Steen Slaikjaer,VL gruppe 74 – Esbjerg,Member,Men,"Leaders, Network, VL",VL_networks,Leadership networks,NA,NA,Hvidbjerg Strand Feriepark Direktoer
Tom Lykkegaard Nielsen,VL gruppe 74 – Esbjerg,Member,Men,"Leaders, Network, VL",VL_networks,Leadership networks,NA,NA,Esbjerg Erhvervsudvikling Direktoer
Torben Hjorth,VL gruppe 74 – Esbjerg,Member,Men,"Leaders, Network, VL",VL_networks,Leadership networks,NA,NA,Andritz Feed & Biofuel A/S Global Manager PMO & Supply Chain
Helle Vingolf Larsen,VL gruppe 74 – Esbjerg,Member,Women,"Leaders, Network, VL",VL_networks,Leadership networks,4004157639,NA,FiberVisions a/s Adm. direktoer
Carsten Rysgaard,VL gruppe 77 - Koebenhavn,Member,Men,"Leaders, Network, VL",VL_networks,Leadership networks,NA,NA,EDC-Gruppen a/s Adm. direktoer
Christian Carl Christiansen,VL gruppe 77 - Koebenhavn,Member,Men,"Leaders, Network, VL",VL_networks,Leadership networks,4004160651,NA,Goecker Direktoer / Ejer
Christian Lundgren,VL gruppe 77 - Koebenhavn,Member,Men,"Leaders, Network, VL",VL_networks,Leadership networks,4000530255,NA,Kromann Reumert Partner
Cliff Puckett,VL gruppe 77 - Koebenhavn,Member,Men,"Leaders, Network, VL",VL_networks,Leadership networks,NA,NA,The Boeing Company BD Manager North Europe
Erik Boergesen,VL gruppe 77 - Koebenhavn,Member,Men,"Leaders, Network, VL",VL_networks,Leadership networks,NA,NA,Mocon Inc CFO
Erik Gadeberg,VL gruppe 77 - Koebenhavn,Member,Men,"Leaders, Network, VL",VL_networks,Leadership networks,4004050680,NA,Jyske Bank Deputy Head of Jyske Markets
Erik Wiberg-Lyng,VL gruppe 77 - Koebenhavn,Member,Men,"Leaders, Network, VL",VL_networks,Leadership networks,4004099895,NA,DuPont Nutrition & Health Vice President
Henrik Ernlund Pedersen,VL gruppe 77 - Koebenhavn,Member,Men,"Leaders, Network, VL",VL_networks,Leadership networks,NA,NA,Qlik Country Manager
Holger Foss,VL gruppe 77 - Koebenhavn,Member,Men,"Leaders, Network, VL",VL_networks,Leadership networks,NA,NA,DSI Next A/S Adm direktoer
Kim Hvidkjaer,VL gruppe 77 - Koebenhavn,Member,Men,"Leaders, Network, VL",VL_networks,Leadership networks,4000316108,NA,Aller Kommerciel direktoer
Kim Magnusson,VL gruppe 77 - Koebenhavn,Member,Men,"Leaders, Network, VL",VL_networks,Leadership networks,4000311565,NA,M&M Productions Direktoer og medindehaver
Knud Martin Trolle,VL gruppe 77 - Koebenhavn,Member,Men,"Leaders, Network, VL",VL_networks,Leadership networks,4004040071,NA,Bacon Group COO
Lars Juulsgaard Soerensen,VL gruppe 77 - Koebenhavn,Member,Men,"Leaders, Network, VL",VL_networks,Leadership networks,NA,NA,Forsvarskommandoen
Mads Broenden Wijngaard,VL gruppe 77 - Koebenhavn,Member,Men,"Leaders, Network, VL",VL_networks,Leadership networks,NA,NA,Maersk Line A/S Senior Director
Martin Brinch Jöhncke,VL gruppe 77 - Koebenhavn,Member,Men,"Leaders, Network, VL",VL_networks,Leadership networks,NA,NA,"Dagrofa Koncept & Udviklingsdirektoer, COO"
Peder Lunquist,VL gruppe 77 - Koebenhavn,Member,Men,"Leaders, Network, VL",VL_networks,Leadership networks,NA,NA,Finansministeriet Afdelingschef
Peter Flemmer 42274,VL gruppe 77 - Koebenhavn,Member,Men,"Leaders, Network, VL",VL_networks,Leadership networks,NA,NA,Alm. Brand Forsikring A/S Erhvervsdirektoer
Peter Lund Madsen,VL gruppe 77 - Koebenhavn,Member,Men,"Leaders, Network, VL",VL_networks,Leadership networks,NA,NA,"Hjernemad ApS Laege, dr.med."
Rasmus Wiinstedt Tscherning,VL gruppe 77 - Koebenhavn,Member,Men,"Leaders, Network, VL",VL_networks,Leadership networks,NA,NA,Tscherning Creative Business Cup	Direktoer
Soeren Lemonius,VL gruppe 77 - Koebenhavn,Member,Men,"Leaders, Network, VL",VL_networks,Leadership networks,NA,NA,Sunstone Capital Partner
Thomas Erichsen,VL gruppe 77 - Koebenhavn,Member,Men,"Leaders, Network, VL",VL_networks,Leadership networks,NA,NA,Nordea Vice President
Thomas Geuken,VL gruppe 77 - Koebenhavn,Member,Men,"Leaders, Network, VL",VL_networks,Leadership networks,NA,NA,Instituttet for Fremtidsforskning Director of Research
Anja Cetti Andersen,VL gruppe 77 - Koebenhavn,Member,Women,"Leaders, Network, VL",VL_networks,Leadership networks,NA,NA,Niels Bohr Instituttet Lektor
Annemette Broch,VL gruppe 77 - Koebenhavn,Member,Women,"Leaders, Network, VL",VL_networks,Leadership networks,NA,NA,Kompliment Founder
Anni Haraszuk,VL gruppe 77 - Koebenhavn,Member,Women,"Leaders, Network, VL",VL_networks,Leadership networks,4000715091,NA,"Resources Global Professionals Statsautoriseret Revisor, prof. bestyrelsesmedlem"
Birgitte Dinesen,VL gruppe 77 - Koebenhavn,Member,Women,"Leaders, Network, VL",VL_networks,Leadership networks,NA,NA,Kragerup Gods Godsejer
Dorte Hesselholt,VL gruppe 77 - Koebenhavn,Member,Women,"Leaders, Network, VL",VL_networks,Leadership networks,NA,NA,Advokatfirmaet Isaksen & Nomanni Advokat
Katja Damborg Laut,VL gruppe 77 - Koebenhavn,Member,Women,"Leaders, Network, VL",VL_networks,Leadership networks,NA,NA,Novo Nordisk VP Risk Management
Lene Peldrup Groenning,VL gruppe 77 - Koebenhavn,Member,Women,"Leaders, Network, VL",VL_networks,Leadership networks,NA,NA,Act now Direktoer
Malin Meyer,VL gruppe 77 - Koebenhavn,Member,Women,"Leaders, Network, VL",VL_networks,Leadership networks,NA,NA,Danielsen Architecture Cand. arch. partner
Marion Hannerup 42276,VL gruppe 77 - Koebenhavn,Member,Women,"Leaders, Network, VL",VL_networks,Leadership networks,NA,NA,DI Kommunikationsdirektoer
Mette Ehlers Mikkelsen,VL gruppe 77 - Koebenhavn,Member,Women,"Leaders, Network, VL",VL_networks,Leadership networks,NA,NA,Gribskov Erhvervscenter A/S Direktoer
Pernille OEstrem,VL gruppe 77 - Koebenhavn,Member,Women,"Leaders, Network, VL",VL_networks,Leadership networks,4004152747,NA,Stefanskirken Praest
Susan Agerskov,VL gruppe 77 - Koebenhavn,Member,Women,"Leaders, Network, VL",VL_networks,Leadership networks,NA,NA,Dencore Direktoer
Tine Thygesen,VL gruppe 77 - Koebenhavn,Member,Women,"Leaders, Network, VL",VL_networks,Leadership networks,NA,NA,Everplaces Direktoer
Trine-Maria Kristensen,VL gruppe 77 - Koebenhavn,Member,Women,"Leaders, Network, VL",VL_networks,Leadership networks,NA,NA,Trine-Maria Ejer/Raadgiver
Anders Nikolaj Hoffmann,VL gruppe 79 - Koebenhavn,Member,Men,"Leaders, Network, VL",VL_networks,Leadership networks,4000006969,NA,Erhvervsstyrelsen Vicedirektoer
Benny Lynge Soerensen,VL gruppe 79 - Koebenhavn,Member,Men,"Leaders, Network, VL",VL_networks,Leadership networks,NA,NA,KPMG P/S Partner & State Authorized Public Accountant
Claes Broensgaard Pedersen,VL gruppe 79 - Koebenhavn,Member,Men,"Leaders, Network, VL",VL_networks,Leadership networks,4004002191,NA,"Arjo Huntleigh AB CFO & VP, Executive Management"
Claus Brix 6270,VL gruppe 79 - Koebenhavn,Member,Men,"Leaders, Network, VL",VL_networks,Leadership networks,NA,NA,Dansk Reklamefilm A/S Adm. direktoer
Hans Christian Smed,VL gruppe 79 - Koebenhavn,Member,Men,"Leaders, Network, VL",VL_networks,Leadership networks,NA,NA,Roskilde Kulturservice A/S Aftalechef/commercial manager
Henrik Jeppesen 12541,VL gruppe 79 - Koebenhavn,Member,Men,"Leaders, Network, VL",VL_networks,Leadership networks,NA,NA,Attention Design ApS Fouding Partner
Henrik Jespersen,VL gruppe 79 - Koebenhavn,Member,Men,"Leaders, Network, VL",VL_networks,Leadership networks,NA,NA,Kraft & Partners AArhus A/S Adm.dir
Henrik Steensgaard,VL gruppe 79 - Koebenhavn,Member,Men,"Leaders, Network, VL",VL_networks,Leadership networks,NA,NA,Baum und Pferdgarten CEO
Jakob Hoeyer,VL gruppe 79 - Koebenhavn,Member,Men,"Leaders, Network, VL",VL_networks,Leadership networks,NA,NA,Dansk Boldspil-Union Kommunikatioschef
Jens Elton Andersen,VL gruppe 79 - Koebenhavn,Member,Men,"Leaders, Network, VL",VL_networks,Leadership networks,NA,NA,Windspace Partner/CEO
Joern Henrik Levy Rasmussen 18061,VL gruppe 79 - Koebenhavn,Member,Men,"Leaders, Network, VL",VL_networks,Leadership networks,NA,NA,Terma A/S Senior Vice President
Lars Nielsen 21830,VL gruppe 79 - Koebenhavn,Member,Men,"Leaders, Network, VL",VL_networks,Leadership networks,NA,NA,PrimeTime PA-Direktoer
Mads Váczy Kragh,VL gruppe 79 - Koebenhavn,Member,Men,"Leaders, Network, VL",VL_networks,Leadership networks,4000520471,NA,Vaeksthus Sjaelland Direktoer/CEO
Ralph Kroeyer,VL gruppe 79 - Koebenhavn,Member,Men,"Leaders, Network, VL",VL_networks,Leadership networks,NA,NA,Cross-Border Communications A/S Managing Partner
Steen Michael Donner,VL gruppe 79 - Koebenhavn,Member,Men,"Leaders, Network, VL",VL_networks,Leadership networks,4000293325,NA,Scion DTU A/S Adm. Direktoer
Svend OEstergaard Lawaetz,VL gruppe 79 - Koebenhavn,Member,Men,"Leaders, Network, VL",VL_networks,Leadership networks,4000145273,NA,"The Royal Danish Academy of Fine Arts, Schools of Architecture, Design and Conservation Director/Prorektor"
Thomas Bustrup 35152,VL gruppe 79 - Koebenhavn,Member,Men,"Leaders, Network, VL",VL_networks,Leadership networks,4004094701,NA,Dansk Industri Direktoer
Thorsten Larsen-Seul,VL gruppe 79 - Koebenhavn,Member,Men,"Leaders, Network, VL",VL_networks,Leadership networks,4004126385,NA,Thorsten Larsen-Seul
Birgitta Tunning,VL gruppe 79 - Koebenhavn,Member,Women,"Leaders, Network, VL",VL_networks,Leadership networks,NA,NA,IBM Denmark ApS Salgsdirektoer
Birgitte Dyreborg,VL gruppe 79 - Koebenhavn,Member,Women,"Leaders, Network, VL",VL_networks,Leadership networks,NA,NA,Nordic Search Group ApS Adm.Direktoer
Camilla Thuge Lund,VL gruppe 79 - Koebenhavn,Member,Women,"Leaders, Network, VL",VL_networks,Leadership networks,NA,NA,Syncronic Head of Management Consulting
Christina Markus Lassen,VL gruppe 79 - Koebenhavn,Member,Women,"Leaders, Network, VL",VL_networks,Leadership networks,NA,NA,Udenrigsministeriet Ambassadoer
Heidi P Behrens,VL gruppe 79 - Koebenhavn,Member,Women,"Leaders, Network, VL",VL_networks,Leadership networks,NA,NA,Trademade Cosmetics A/S Adm. direktoer
Iben Marburger Juul,VL gruppe 79 - Koebenhavn,Member,Women,"Leaders, Network, VL",VL_networks,Leadership networks,NA,NA,Soelyst Direktoer
Janie C. Nielsen,VL gruppe 79 - Koebenhavn,Member,Women,"Leaders, Network, VL",VL_networks,Leadership networks,NA,NA,Reimer Legal Partner
Kirsten AEgidius 19851,VL gruppe 79 - Koebenhavn,Member,Women,"Leaders, Network, VL",VL_networks,Leadership networks,4004179338,NA,Weber-Stephen Nordic Regional Vice President EMEA
Kirsten Broechner-Mortensen,VL gruppe 79 - Koebenhavn,Member,Women,"Leaders, Network, VL",VL_networks,Leadership networks,4000187945,NA,Arthur Hotels Direktoer
Mette Nielsen Foged,VL gruppe 79 - Koebenhavn,Member,Women,"Leaders, Network, VL",VL_networks,Leadership networks,NA,NA,Dong Energy Senior Director Customer Operations
Ulrikke Ekelund,VL gruppe 79 - Koebenhavn,Member,Women,"Leaders, Network, VL",VL_networks,Leadership networks,4004064762,NA,"Deloitte Komunikationschef, Director"
Anders Bundgaard,VL gruppe 8 – Aalborg,Member,Men,"Leaders, Network, VL",VL_networks,Leadership networks,4000068896,NA,Klitgaard -Agro A/S Godsejer
Anders Hedegaard Petersen,VL gruppe 8 – Aalborg,Member,Men,"Leaders, Network, VL",VL_networks,Leadership networks,4000461414,NA,Gabriel A/S CEO
Antonino Castrone,VL gruppe 8 – Aalborg,Member,Men,"Leaders, Network, VL",VL_networks,Leadership networks,NA,NA,Aalborg Universitet Universitetsdirektoer
Carsten Egoe Nielsen,VL gruppe 8 – Aalborg,Member,Men,"Leaders, Network, VL",VL_networks,Leadership networks,NA,NA,M.T. Hoejgaard A/S Regionsdirektoer
Christian Bruno Lund,VL gruppe 8 – Aalborg,Member,Men,"Leaders, Network, VL",VL_networks,Leadership networks,4000209525,NA,Sanistaal A/S Adm. direktoer
Christian Roslev,VL gruppe 8 – Aalborg,Member,Men,"Leaders, Network, VL",VL_networks,Leadership networks,4003877430,NA,Aalborg Letbane Direktoer
Claus Falk,VL gruppe 8 – Aalborg,Member,Men,"Leaders, Network, VL",VL_networks,Leadership networks,4000179131,NA,Nordjyske Medier Koncerndirektoer
Flemming Eriksen,VL gruppe 8 – Aalborg,Member,Men,"Leaders, Network, VL",VL_networks,Leadership networks,NA,NA,FleXmanagement Direktoer
Henrik Andersen 12190,VL gruppe 8 – Aalborg,Member,Men,"Leaders, Network, VL",VL_networks,Leadership networks,NA,NA,Hildebrandt & Brandi Partner
Henrik Christensen 12318,VL gruppe 8 – Aalborg,Member,Men,"Leaders, Network, VL",VL_networks,Leadership networks,NA,NA,Adv.fa. Henrik Christensen I/S Ansvarlig indehaver
Henrik Klindt Petersen,VL gruppe 8 – Aalborg,Member,Men,"Leaders, Network, VL",VL_networks,Leadership networks,4000550565,NA,Linas Agro A/S Adm. direktoer
Henrik Lundum,VL gruppe 8 – Aalborg,Member,Men,"Leaders, Network, VL",VL_networks,Leadership networks,4004100253,NA,Stylepit A/S CEO (Interim)
Henrik Schütze,VL gruppe 8 – Aalborg,Member,Men,"Leaders, Network, VL",VL_networks,Leadership networks,NA,NA,Extern kommunikation A/S Direktoer
Ib Bergkjaer,VL gruppe 8 – Aalborg,Member,Men,"Leaders, Network, VL",VL_networks,Leadership networks,NA,NA,Sigurd Müller Vinhandel A/S Adm. direktoer
Jan Kvistborg,VL gruppe 8 – Aalborg,Member,Men,"Leaders, Network, VL",VL_networks,Leadership networks,NA,NA,Aalborg Symfoniorkester Musikchef
Jens Joergen Enggaard,VL gruppe 8 – Aalborg,Member,Men,"Leaders, Network, VL",VL_networks,Leadership networks,4000124471,NA,BMS A/S Adm. direktoer
Jeppe Vangsgaard,VL gruppe 8 – Aalborg,Member,Men,"Leaders, Network, VL",VL_networks,Leadership networks,4003991491,NA,saphiens a/s Direktoer
Jesper Jespersen 16182,VL gruppe 8 – Aalborg,Member,Men,"Leaders, Network, VL",VL_networks,Leadership networks,NA,NA,NOVI Adm. Direktoer
Jesper Kjaersgaard,VL gruppe 8 – Aalborg,Member,Men,"Leaders, Network, VL",VL_networks,Leadership networks,NA,NA,EB-Design ApS Direktoer
Jesper Sand Damtoft,VL gruppe 8 – Aalborg,Member,Men,"Leaders, Network, VL",VL_networks,Leadership networks,NA,NA,Cementir Holding Director
Joergen Bech Madsen,VL gruppe 8 – Aalborg,Member,Men,"Leaders, Network, VL",VL_networks,Leadership networks,4004105231,NA,Fibertex Nonwovens A/S CEO
Joergen Enggaard,VL gruppe 8 – Aalborg,Member,Men,"Leaders, Network, VL",VL_networks,Leadership networks,4000199275,NA,A. Enggaard A/S Direktoer
Joergen Kjaer Jacobsen,VL gruppe 8 – Aalborg,Member,Men,"Leaders, Network, VL",VL_networks,Leadership networks,4003905517,NA,Raskier A/S Direktoer
Joern Rosenmeier,VL gruppe 8 – Aalborg,Member,Men,"Leaders, Network, VL",VL_networks,Leadership networks,4000112606,NA,Anelin A/S Direktoer
John Lundsgaard,VL gruppe 8 – Aalborg,Member,Men,"Leaders, Network, VL",VL_networks,Leadership networks,4003991986,NA,Spar Nord Bank A/S Bankdirektoer
John W. Gedde,VL gruppe 8 – Aalborg,Member,Men,"Leaders, Network, VL",VL_networks,Leadership networks,NA,NA,"John Gedde, forretningspartner Statsaut. revisor"
Kaj Joergensen 18450,VL gruppe 8 – Aalborg,Member,Men,"Leaders, Network, VL",VL_networks,Leadership networks,NA,NA,KAJ Direktoer
Kim Jacobsen 19673,VL gruppe 8 – Aalborg,Member,Men,"Leaders, Network, VL",VL_networks,Leadership networks,NA,NA,"Nybolig Erhverv Aalborg I/S Partner, statsaut. ejendomsmaegler"
Kim Weidemann,VL gruppe 8 – Aalborg,Member,Men,"Leaders, Network, VL",VL_networks,Leadership networks,NA,NA,Klokkerholm Karosseridele A/S Direktoer
Lars Andersen 21235,VL gruppe 8 – Aalborg,Member,Men,"Leaders, Network, VL",VL_networks,Leadership networks,NA,NA,Inter Trade Agro ApS Proprietaer
Lars Krull,VL gruppe 8 – Aalborg,Member,Men,"Leaders, Network, VL",VL_networks,Leadership networks,NA,NA,Aalborg Universitet Studieleder
Lars Mouritzen,VL gruppe 8 – Aalborg,Member,Men,"Leaders, Network, VL",VL_networks,Leadership networks,NA,NA,Restaurant Papegoejehaven A/S Restauratoer
Lars Noerbach,VL gruppe 8 – Aalborg,Member,Men,"Leaders, Network, VL",VL_networks,Leadership networks,NA,NA,Nordjyllands Historiske Museum Direktoer
Mads Soelver Duedahl,VL gruppe 8 – Aalborg,Member,Men,"Leaders, Network, VL",VL_networks,Leadership networks,NA,NA,Aalborg Kommune Raadmand
Michael Lundgaard Thomsen,VL gruppe 8 – Aalborg,Member,Men,"Leaders, Network, VL",VL_networks,Leadership networks,NA,NA,Aalborg Portland Adm. direktoer
Niels Buus 40277,VL gruppe 8 – Aalborg,Member,Men,"Leaders, Network, VL",VL_networks,Leadership networks,NA,NA,GomSpace CEO
Palle OErtoft,VL gruppe 8 – Aalborg,Member,Men,"Leaders, Network, VL",VL_networks,Leadership networks,4000106252,NA,"Nybolig Palle OErtoft Indehaver, Statsaut. ejendomsmaegler"
Per Soendergaard Pedersen,VL gruppe 8 – Aalborg,Member,Men,"Leaders, Network, VL",VL_networks,Leadership networks,4000198653,NA,PSP Holding ApS Adm. direktoer
Per Wistisen,VL gruppe 8 – Aalborg,Member,Men,"Leaders, Network, VL",VL_networks,Leadership networks,NA,NA,Dansk Fartoejsforsikring A/S Adm. direktoer
Peter Christian Bühlmann Jensen,VL gruppe 8 – Aalborg,Member,Men,"Leaders, Network, VL",VL_networks,Leadership networks,NA,NA,Ruths Hotel Direktoer
Peter Gregersen,VL gruppe 8 – Aalborg,Member,Men,"Leaders, Network, VL",VL_networks,Leadership networks,NA,NA,Telenor CCO
Peter Guldager,VL gruppe 8 – Aalborg,Member,Men,"Leaders, Network, VL",VL_networks,Leadership networks,NA,NA,TULIP FOOD COMPANY Nordic Sales Director
Poul Knudsgaard,VL gruppe 8 – Aalborg,Member,Men,"Leaders, Network, VL",VL_networks,Leadership networks,NA,NA,MAN Diesel & Turbo Direktoer
Poul Soerensen 31527,VL gruppe 8 – Aalborg,Member,Men,"Leaders, Network, VL",VL_networks,Leadership networks,NA,NA,Inform a/s CEO
Preben Larsen 31665,VL gruppe 8 – Aalborg,Member,Men,"Leaders, Network, VL",VL_networks,Leadership networks,NA,NA,prebenlarsen.dk Direktoer
Rasmus Haugaard,VL gruppe 8 – Aalborg,Member,Men,"Leaders, Network, VL",VL_networks,Leadership networks,NA,NA,"Haugaard-Nielsen Advokatfirma Advokat (H), Ph.d."
Rene Mark Nielsen,VL gruppe 8 – Aalborg,Member,Men,"Leaders, Network, VL",VL_networks,Leadership networks,4000456214,NA,Entertainment Trading Adm. direktoer
Soeren Rasmussen 33482,VL gruppe 8 – Aalborg,Member,Men,"Leaders, Network, VL",VL_networks,Leadership networks,NA,NA,SRA-Consult Direktoer
Steen Hjelm Christensen,VL gruppe 8 – Aalborg,Member,Men,"Leaders, Network, VL",VL_networks,Leadership networks,NA,NA,Skattecenter Aalborg Projektchef
Thomas Sinkjaer,VL gruppe 8 – Aalborg,Member,Men,"Leaders, Network, VL",VL_networks,Leadership networks,4004014092,NA,"Villum Fonden Forskningsdirektoer, professor"
Torben Simonsen,VL gruppe 8 – Aalborg,Member,Men,"Leaders, Network, VL",VL_networks,Leadership networks,NA,NA,PlusPart Direktoer
Torben Soegaard Jensen,VL gruppe 8 – Aalborg,Member,Men,"Leaders, Network, VL",VL_networks,Leadership networks,4004072462,NA,COWI A/S Regionsdirektoer
Anette Buus,VL gruppe 8 – Aalborg,Member,Women,"Leaders, Network, VL",VL_networks,Leadership networks,NA,NA,Optika Direktoer
Katja Nowak Nielsen,VL gruppe 8 – Aalborg,Member,Women,"Leaders, Network, VL",VL_networks,Leadership networks,4004031798,NA,Nowaco A/S Direktoer
Marianne Fog Joergensen,VL gruppe 8 – Aalborg,Member,Women,"Leaders, Network, VL",VL_networks,Leadership networks,NA,NA,PwC Partner
Pia Groenborg Steffensen,VL gruppe 8 – Aalborg,Member,Women,"Leaders, Network, VL",VL_networks,Leadership networks,NA,NA,Broen og Groenborg Direktoer
Vibeke Haaning,VL gruppe 8 – Aalborg,Member,Women,"Leaders, Network, VL",VL_networks,Leadership networks,4000170145,NA,Blaeksprutten Aps Adm. direktoer
Carl Christian AEgidius,VL gruppe 85 - Luxembourg,Member,Men,"Foreign relations, Leaders, Luxembourg, Network, VL",VL_networks,Leadership networks,NA,NA,Carl Christian Aegidius Consultancy Direktoer
Flemming Andersen 8975,VL gruppe 85 - Luxembourg,Member,Men,"Foreign relations, Leaders, Luxembourg, Network, VL",VL_networks,Leadership networks,NA,NA,VP LUX S.à r.l. Managing Director
Frank Johansen,VL gruppe 85 - Luxembourg,Member,Men,"Foreign relations, Leaders, Luxembourg, Network, VL",VL_networks,Leadership networks,NA,NA,CLC Lux
Frank Reisboel,VL gruppe 85 - Luxembourg,Member,Men,"Foreign relations, Leaders, Luxembourg, Network, VL",VL_networks,Leadership networks,NA,NA,Banque Carnegie Luxembourg SA Adm. direktoer
Frans Haunstrup,VL gruppe 85 - Luxembourg,Member,Men,"Foreign relations, Leaders, Luxembourg, Network, VL",VL_networks,Leadership networks,NA,NA,IBM Services Financial Sector Luxembourg S.à r.l. Vice General Manager ISFS
Frans Thomsen,VL gruppe 85 - Luxembourg,Member,Men,"Foreign relations, Leaders, Luxembourg, Network, VL",VL_networks,Leadership networks,NA,NA,Frans Thomsen Revision Statsautoriseret revisor
Henrik Lind Groenbaek,VL gruppe 85 - Luxembourg,Member,Men,"Foreign relations, Leaders, Luxembourg, Network, VL",VL_networks,Leadership networks,NA,NA,Sparinvest
Jakob Kjelgaard,VL gruppe 85 - Luxembourg,Member,Men,"Foreign relations, Leaders, Luxembourg, Network, VL",VL_networks,Leadership networks,NA,NA,Core Captial
Jan Stig Rasmussen,VL gruppe 85 - Luxembourg,Member,Men,"Foreign relations, Leaders, Luxembourg, Network, VL",VL_networks,Leadership networks,NA,NA,Jan Stig Rasmussen
Jesper Nielsen 16287,VL gruppe 85 - Luxembourg,Member,Men,"Foreign relations, Leaders, Luxembourg, Network, VL",VL_networks,Leadership networks,NA,NA,"Inter Fund Management S.A. Managing Director, CIO"
John Mortensen 17061,VL gruppe 85 - Luxembourg,Member,Men,"Foreign relations, Leaders, Luxembourg, Network, VL",VL_networks,Leadership networks,NA,NA,Nordea Bank Luxembourg CEO
Lars Kornmod,VL gruppe 85 - Luxembourg,Member,Men,"Foreign relations, Leaders, Luxembourg, Network, VL",VL_networks,Leadership networks,NA,NA,"Nordea Life & Pensions, Luxembourg S.A. Adm. direktoer"
Mads Skak Olufsen,VL gruppe 85 - Luxembourg,Member,Men,"Foreign relations, Leaders, Luxembourg, Network, VL",VL_networks,Leadership networks,NA,NA,Bang & Olufsen Luxembourg Direktoer
Niels Lorenzen,VL gruppe 85 - Luxembourg,Member,Men,"Foreign relations, Leaders, Luxembourg, Network, VL",VL_networks,Leadership networks,NA,NA,Ambrox Adm. direktoer
Peter Schaufuss,VL gruppe 85 - Luxembourg,Member,Men,"Foreign relations, Leaders, Luxembourg, Network, VL",VL_networks,Leadership networks,NA,NA,Schaufuss Ballet Company Balletmester
Poul Runge Nielsen,VL gruppe 85 - Luxembourg,Member,Men,"Foreign relations, Leaders, Luxembourg, Network, VL",VL_networks,Leadership networks,NA,NA,Europa Parlamentet
Rasmus Holst,VL gruppe 85 - Luxembourg,Member,Men,"Foreign relations, Leaders, Luxembourg, Network, VL",VL_networks,Leadership networks,NA,NA,Syniverse s.a.r.l General Manager and Vice President
Steen Foldberg,VL gruppe 85 - Luxembourg,Member,Men,"Foreign relations, Leaders, Luxembourg, Network, VL",VL_networks,Leadership networks,NA,NA,Julius Baer Investment Services Sarl Direktoer
Thomas Borg Dideriksen,VL gruppe 85 - Luxembourg,Member,Men,"Foreign relations, Leaders, Luxembourg, Network, VL",VL_networks,Leadership networks,NA,NA,Danske Bank International Managing Director
Thomas Voss,VL gruppe 85 - Luxembourg,Member,Men,"Foreign relations, Leaders, Luxembourg, Network, VL",VL_networks,Leadership networks,4000224388,NA,Thomas Voss Bestyrelsesformand
Thorben Sander,VL gruppe 85 - Luxembourg,Member,Men,"Foreign relations, Leaders, Luxembourg, Network, VL",VL_networks,Leadership networks,NA,NA,Nordea Bank S.A.
Torben Madsen 42499,VL gruppe 85 - Luxembourg,Member,Men,"Foreign relations, Leaders, Luxembourg, Network, VL",VL_networks,Leadership networks,NA,NA,Catella Bank S.A. Deputy Managing Director
Vilhelm Hald-Christensen,VL gruppe 85 - Luxembourg,Member,Men,"Foreign relations, Leaders, Luxembourg, Network, VL",VL_networks,Leadership networks,4004149727,NA,The Lauridsen Group Inc Adm. direktoer
Charlotte Pedersen 42501,VL gruppe 85 - Luxembourg,Member,Women,"Foreign relations, Leaders, Luxembourg, Network, VL",VL_networks,Leadership networks,NA,NA,Luxaviation Management Company COO
Hanne Pinholt,VL gruppe 85 - Luxembourg,Member,Women,"Foreign relations, Leaders, Luxembourg, Network, VL",VL_networks,Leadership networks,NA,NA,Université du Luxembourg
Jutta Grevinde af Rosenborg,VL gruppe 85 - Luxembourg,Member,Women,"Foreign relations, Leaders, Luxembourg, Network, VL",VL_networks,Leadership networks,4000096833,NA,"Auriga Industries A/S, Aberdeen Asset Management PLC, Zealand Pharma A/S, Det Danske Klasselotteri A Bestyrelsesmedlem, Formand for revisionskomité"
Lene Andersen 22427,VL gruppe 85 - Luxembourg,Member,Women,"Foreign relations, Leaders, Luxembourg, Network, VL",VL_networks,Leadership networks,NA,NA,Manpower Inc. Vice President
Maj Theander,VL gruppe 85 - Luxembourg,Member,Women,"Foreign relations, Leaders, Luxembourg, Network, VL",VL_networks,Leadership networks,NA,NA,EIB
Sigrid Nygaard Johansen,VL gruppe 85 - Luxembourg,Member,Women,"Foreign relations, Leaders, Luxembourg, Network, VL",VL_networks,Leadership networks,NA,NA,BMC Software Belgien CEO
Vicky Popp Fredslund,VL gruppe 85 - Luxembourg,Member,Women,"Foreign relations, Leaders, Luxembourg, Network, VL",VL_networks,Leadership networks,NA,NA,Den Danske Kirke Praest
Allan Soeby Feldt,VL gruppe 9 - Koebenhavn,Member,Men,"Leaders, Network, VL",VL_networks,Leadership networks,NA,NA,Direktoer SEiMEi ApS
Bjarne Thorup,VL gruppe 9 - Koebenhavn,Member,Men,"Leaders, Network, VL",VL_networks,Leadership networks,4004072208,NA,"Thorup ApS Direktoer, bestyrelsesformand/medlem"
Bo Linnemann,VL gruppe 9 - Koebenhavn,Member,Men,"Leaders, Network, VL",VL_networks,Leadership networks,NA,NA,Kontrapunkt A/S Stifter og Kreativ Direktoer
Carsten Lyngsoe Thomsen,VL gruppe 9 - Koebenhavn,Member,Men,"Leaders, Network, VL",VL_networks,Leadership networks,4000428578,NA,Toms Grouppen A/S CEO
Christopher Torben Troensegaard Mikkelsen,VL gruppe 9 - Koebenhavn,Member,Men,"Leaders, Network, VL",VL_networks,Leadership networks,4000065108,NA,"Soevaernets Taktiske Stab Flaadestationen Korsoer Flotilleadmiral, Chef for Soevaernets Taktiske Stab"
Jacob Erik Holmblad,VL gruppe 9 - Koebenhavn,Member,Men,"Leaders, Network, VL",VL_networks,Leadership networks,4003967475,NA,Jacob E.Holmblad
Jan Truedsson,VL gruppe 9 - Koebenhavn,Member,Men,"Leaders, Network, VL",VL_networks,Leadership networks,NA,NA,"RSMplus A/S Statsaut. revisor, partner"
Jens Nielsen 15603,VL gruppe 9 - Koebenhavn,Member,Men,"Leaders, Network, VL",VL_networks,Leadership networks,NA,NA,Partner - World Climate LDT 
Jesper Helmuth Larsen,VL gruppe 9 - Koebenhavn,Member,Men,"Leaders, Network, VL",VL_networks,Leadership networks,4004061114,NA,Faerch Plast CFO
Jesper Hoejberg Christensen,VL gruppe 9 - Koebenhavn,Member,Men,"Leaders, Network, VL",VL_networks,Leadership networks,4000691395,NA,Advice A/S Bestyrelsesformand
Joergen Kjergaard Madsen,VL gruppe 9 - Koebenhavn,Member,Men,"Leaders, Network, VL",VL_networks,Leadership networks,4000207515,NA,"Kromann Reumert Advokat, Partner"
John Wagner,VL gruppe 9 - Koebenhavn,Member,Men,"Leaders, Network, VL",VL_networks,Leadership networks,4004022676,NA,De Samvirkende Koebmaend Adm. Direktoer
Kurt Bardeleben,VL gruppe 9 - Koebenhavn,Member,Men,"Leaders, Network, VL",VL_networks,Leadership networks,4000283260,NA,Advokatfirmaet Lett Advokat
Kurt Noerrisgaard,VL gruppe 9 - Koebenhavn,Member,Men,"Leaders, Network, VL",VL_networks,Leadership networks,4004117153,NA,BEC Adm. direktoer
Mads Ulrik Lebech,VL gruppe 9 - Koebenhavn,Member,Men,"Leaders, Network, VL",VL_networks,Leadership networks,4004009097,NA,Industriens Fond Adm. direktoer
Mogens Noergaard Mogensen,VL gruppe 9 - Koebenhavn,Member,Men,"Leaders, Network, VL",VL_networks,Leadership networks,4003855137,NA,"PricewaterhouseCoopers Direktoer, Partner"
Morten Groen,VL gruppe 9 - Koebenhavn,Member,Men,"Leaders, Network, VL",VL_networks,Leadership networks,NA,NA,CEO - Design danmark 
Morten Henrik Engelstoft,VL gruppe 9 - Koebenhavn,Member,Men,"Leaders, Network, VL",VL_networks,Leadership networks,4004099681,NA,Maersk Tankers A/S CEO APM Shipping Services
Morten Hesseldahl,VL gruppe 9 - Koebenhavn,Member,Men,"Leaders, Network, VL",VL_networks,Leadership networks,4003944890,NA,Det Kongelige Teater Direktoer
Nils Overgaard,VL gruppe 9 - Koebenhavn,Member,Men,"Leaders, Network, VL",VL_networks,Leadership networks,NA,NA,"IBM Head og Energy & Utility Industry, Nordics"
Ole Dahl Ingvardsen,VL gruppe 9 - Koebenhavn,Member,Men,"Leaders, Network, VL",VL_networks,Leadership networks,NA,NA,"Flensby & Partners A/S Adm. direktoer, Partner"
Per John Jensen,VL gruppe 9 - Koebenhavn,Member,Men,"Leaders, Network, VL",VL_networks,Leadership networks,NA,NA,eCircle GmbH Direktoer
Peter Midtgaard,VL gruppe 9 - Koebenhavn,Member,Men,"Leaders, Network, VL",VL_networks,Leadership networks,NA,NA,Peter Midtgaard Direktoer
Peter Schack Linnemann,VL gruppe 9 - Koebenhavn,Member,Men,"Leaders, Network, VL",VL_networks,Leadership networks,NA,NA,Peter Schack Linnemann
René Lund Soerensen,VL gruppe 9 - Koebenhavn,Member,Men,"Leaders, Network, VL",VL_networks,Leadership networks,NA,NA,Nykredit Center Roskilde Omraadedirektoer
Soeren Peter Wendt Larsen,VL gruppe 9 - Koebenhavn,Member,Men,"Leaders, Network, VL",VL_networks,Leadership networks,4004079278,NA,Soeren Larsen
Steen Feldskov,VL gruppe 9 - Koebenhavn,Member,Men,"Leaders, Network, VL",VL_networks,Leadership networks,NA,NA,Hamamatsu Photonics Danmark Landechef
Sune Adam W. A. Schackenfeldt,VL gruppe 9 - Koebenhavn,Member,Men,"Leaders, Network, VL",VL_networks,Leadership networks,4004058960,NA,PFA Pension Direktoer
Tomas Frydenberg 35878,VL gruppe 9 - Koebenhavn,Member,Men,"Leaders, Network, VL",VL_networks,Leadership networks,4004006666,NA,PKA Direktoer
Torben Moensted,VL gruppe 9 - Koebenhavn,Member,Men,"Leaders, Network, VL",VL_networks,Leadership networks,NA,NA,Dong Energy A/S Senior Vice President
Anne Hanting Bornfeld,VL gruppe 9 - Koebenhavn,Member,Women,"Leaders, Network, VL",VL_networks,Leadership networks,4004157782,NA,IBM Denmark ApS Direktoer
Anne Mette Falbe-Hansen,VL gruppe 9 - Koebenhavn,Member,Women,"Leaders, Network, VL",VL_networks,Leadership networks,NA,NA,Folketinget Vicedirektoer
Bente Overgaard,VL gruppe 9 - Koebenhavn,Member,Women,"Leaders, Network, VL",VL_networks,Leadership networks,4000400707,NA,Nykredit A/S Koncerndirektoer
Gitte Reymann,VL gruppe 9 - Koebenhavn,Member,Women,"Leaders, Network, VL",VL_networks,Leadership networks,NA,NA,Gitte Reymann
Gitte Skare,VL gruppe 9 - Koebenhavn,Member,Women,"Leaders, Network, VL",VL_networks,Leadership networks,NA,NA,Skare Meat Packers K/S Partowner
Iben Eiby-Johannesen,VL gruppe 9 - Koebenhavn,Member,Women,"Leaders, Network, VL",VL_networks,Leadership networks,NA,NA,Cowi A/S
Karen Birgitte Mosbech,VL gruppe 9 - Koebenhavn,Member,Women,"Leaders, Network, VL",VL_networks,Leadership networks,4000409355,NA,Freja ejendomme A/S Adm. direktoer
Kathrine Forsberg,VL gruppe 9 - Koebenhavn,Member,Women,"Leaders, Network, VL",VL_networks,Leadership networks,4003999323,NA,TDC Erhverv A/S Senior Vicepresident
Katia Knipschildt OEstergaard Pedersen,VL gruppe 9 - Koebenhavn,Member,Women,"Leaders, Network, VL",VL_networks,Leadership networks,4004186249,NA,Horesta Direktoer
Luise Faurschou,VL gruppe 9 - Koebenhavn,Member,Women,"Leaders, Network, VL",VL_networks,Leadership networks,NA,NA,"Luise Faurschou Direktoer, Kunsthandler, Raadgiver"
Pernille Kujundzic,VL gruppe 9 - Koebenhavn,Member,Women,"Leaders, Network, VL",VL_networks,Leadership networks,NA,NA,Falck Group Director HR & Communication
